model,method,field,metric,value,n
InternVL3-8B,few_shot,clarity,balanced_accuracy,0.2932098765432099,196
InternVL3-8B,few_shot,capillary_count,MAE,1.2992424242424243,194
InternVL3-8B,few_shot,capillary_count,clinical_tolerance_hit,0.17525773195876287,194
InternVL3-8B,few_shot,crossing_ratio,MAE,11.666666666666666,191
InternVL3-8B,few_shot,crossing_ratio,clinical_tolerance_hit,0.031413612565445025,191
InternVL3-8B,few_shot,malformation_ratio,MAE,15.74074074074074,173
InternVL3-8B,few_shot,malformation_ratio,clinical_tolerance_hit,0.10404624277456648,173
InternVL3-8B,few_shot,blood_color,balanced_accuracy,0.22025193798449613,187
InternVL3-8B,few_shot,exudation,balanced_accuracy,0.1638888888888889,195
InternVL3-8B,few_shot,hemorrhage,balanced_accuracy,0.3360655737704918,194
InternVL3-8B,few_shot,subpapillary_venous_plexus,balanced_accuracy,0.2042533659730722,196
InternVL3-8B,few_shot,papilla,balanced_accuracy,0.22598870056497175,197
InternVL3-8B,few_shot,sweat_duct,MAE,0.0,174
InternVL3-8B,few_shot,sweat_duct,clinical_tolerance_hit,0.6839080459770115,174
InternVL3-8B,zero_shot,clarity,balanced_accuracy,0.2932098765432099,196
InternVL3-8B,zero_shot,capillary_count,MAE,1.2992424242424243,194
InternVL3-8B,zero_shot,capillary_count,clinical_tolerance_hit,0.17525773195876287,194
InternVL3-8B,zero_shot,crossing_ratio,MAE,11.666666666666666,191
InternVL3-8B,zero_shot,crossing_ratio,clinical_tolerance_hit,0.031413612565445025,191
InternVL3-8B,zero_shot,malformation_ratio,MAE,15.74074074074074,173
InternVL3-8B,zero_shot,malformation_ratio,clinical_tolerance_hit,0.10404624277456648,173
InternVL3-8B,zero_shot,blood_color,balanced_accuracy,0.22025193798449613,187
InternVL3-8B,zero_shot,exudation,balanced_accuracy,0.1638888888888889,195
InternVL3-8B,zero_shot,hemorrhage,balanced_accuracy,0.3360655737704918,194
InternVL3-8B,zero_shot,subpapillary_venous_plexus,balanced_accuracy,0.2042533659730722,196
InternVL3-8B,zero_shot,papilla,balanced_accuracy,0.22598870056497175,197
InternVL3-8B,zero_shot,sweat_duct,MAE,0.0,174
InternVL3-8B,zero_shot,sweat_duct,clinical_tolerance_hit,0.6839080459770115,174
MedGemma-4B,few_shot,clarity,balanced_accuracy,0.3333333333333333,196
MedGemma-4B,few_shot,capillary_count,MAE,0.6597938144329897,194
MedGemma-4B,few_shot,capillary_count,clinical_tolerance_hit,0.6701030927835051,194
MedGemma-4B,few_shot,crossing_ratio,MAE,7.172774869109948,191
MedGemma-4B,few_shot,crossing_ratio,clinical_tolerance_hit,0.6701570680628273,191
MedGemma-4B,few_shot,malformation_ratio,MAE,14.942196531791907,173
MedGemma-4B,few_shot,malformation_ratio,clinical_tolerance_hit,0.6820809248554913,173
MedGemma-4B,few_shot,blood_color,balanced_accuracy,0.31899224806201554,187
MedGemma-4B,few_shot,exudation,balanced_accuracy,0.25,195
MedGemma-4B,few_shot,hemorrhage,balanced_accuracy,0.5,194
MedGemma-4B,few_shot,subpapillary_venous_plexus,balanced_accuracy,0.25,196
MedGemma-4B,few_shot,papilla,balanced_accuracy,0.3094017094017094,197
MedGemma-4B,few_shot,sweat_duct,MAE,0.0,174
MedGemma-4B,few_shot,sweat_duct,clinical_tolerance_hit,1.0,174
MedGemma-4B,zero_shot,clarity,balanced_accuracy,0.4351851851851852,196
MedGemma-4B,zero_shot,capillary_count,MAE,2.7783505154639174,194
MedGemma-4B,zero_shot,capillary_count,clinical_tolerance_hit,0.09278350515463918,194
MedGemma-4B,zero_shot,crossing_ratio,MAE,31.910994764397905,191
MedGemma-4B,zero_shot,crossing_ratio,clinical_tolerance_hit,0.08900523560209424,191
MedGemma-4B,zero_shot,malformation_ratio,MAE,15.809248554913294,173
MedGemma-4B,zero_shot,malformation_ratio,clinical_tolerance_hit,0.6820809248554913,173
MedGemma-4B,zero_shot,blood_color,balanced_accuracy,0.3333333333333333,187
MedGemma-4B,zero_shot,exudation,balanced_accuracy,0.25277777777777777,195
MedGemma-4B,zero_shot,hemorrhage,balanced_accuracy,0.5081967213114754,194
MedGemma-4B,zero_shot,subpapillary_venous_plexus,balanced_accuracy,0.2628718535469107,196
MedGemma-4B,zero_shot,papilla,balanced_accuracy,0.3389830508474576,197
MedGemma-4B,zero_shot,sweat_duct,MAE,0.0,174
MedGemma-4B,zero_shot,sweat_duct,clinical_tolerance_hit,0.9942528735632183,174
Qwen3-VL-8B,few_shot,clarity,balanced_accuracy,0.389867509786209,196
Qwen3-VL-8B,few_shot,capillary_count,MAE,0.6597938144329897,194
Qwen3-VL-8B,few_shot,capillary_count,clinical_tolerance_hit,0.6701030927835051,194
Qwen3-VL-8B,few_shot,crossing_ratio,MAE,7.0942408376963355,191
Qwen3-VL-8B,few_shot,crossing_ratio,clinical_tolerance_hit,0.675392670157068,191
Qwen3-VL-8B,few_shot,malformation_ratio,MAE,14.739884393063583,173
Qwen3-VL-8B,few_shot,malformation_ratio,clinical_tolerance_hit,0.6878612716763006,173
Qwen3-VL-8B,few_shot,blood_color,balanced_accuracy,0.31782945736434104,187
Qwen3-VL-8B,few_shot,exudation,balanced_accuracy,0.25,195
Qwen3-VL-8B,few_shot,hemorrhage,balanced_accuracy,0.5,194
Qwen3-VL-8B,few_shot,subpapillary_venous_plexus,balanced_accuracy,0.25,196
Qwen3-VL-8B,few_shot,papilla,balanced_accuracy,0.3094017094017094,197
Qwen3-VL-8B,few_shot,sweat_duct,MAE,0.0,174
Qwen3-VL-8B,few_shot,sweat_duct,clinical_tolerance_hit,1.0,174
Qwen3-VL-8B,zero_shot,clarity,balanced_accuracy,0.3333333333333333,196
Qwen3-VL-8B,zero_shot,capillary_count,MAE,2.0257731958762886,194
Qwen3-VL-8B,zero_shot,capillary_count,clinical_tolerance_hit,0.15463917525773196,194
Qwen3-VL-8B,zero_shot,crossing_ratio,MAE,33.35078534031414,191
Qwen3-VL-8B,zero_shot,crossing_ratio,clinical_tolerance_hit,0.07853403141361257,191
Qwen3-VL-8B,zero_shot,malformation_ratio,MAE,24.91329479768786,173
Qwen3-VL-8B,zero_shot,malformation_ratio,clinical_tolerance_hit,0.15606936416184972,173
Qwen3-VL-8B,zero_shot,blood_color,balanced_accuracy,0.38895348837209304,187
Qwen3-VL-8B,zero_shot,exudation,balanced_accuracy,0.225,195
Qwen3-VL-8B,zero_shot,hemorrhage,balanced_accuracy,0.5397416790859414,194
Qwen3-VL-8B,zero_shot,subpapillary_venous_plexus,balanced_accuracy,0.22511441647597255,196
Qwen3-VL-8B,zero_shot,papilla,balanced_accuracy,0.308286252354049,197
Qwen3-VL-8B,zero_shot,sweat_duct,MAE,0.0,174
Qwen3-VL-8B,zero_shot,sweat_duct,clinical_tolerance_hit,1.0,174
