model,method,field,normalized_score
InternVL3-8B,few_shot,clarity,0.2932098765432099
InternVL3-8B,few_shot,capillary_count,0.17525773195876287
InternVL3-8B,few_shot,crossing_ratio,0.031413612565445025
InternVL3-8B,few_shot,malformation_ratio,0.10404624277456648
InternVL3-8B,few_shot,blood_color,0.22025193798449613
InternVL3-8B,few_shot,exudation,0.1638888888888889
InternVL3-8B,few_shot,hemorrhage,0.3360655737704918
InternVL3-8B,few_shot,subpapillary_venous_plexus,0.2042533659730722
InternVL3-8B,few_shot,papilla,0.22598870056497175
InternVL3-8B,few_shot,sweat_duct,0.6839080459770115
InternVL3-8B,zero_shot,clarity,0.2932098765432099
InternVL3-8B,zero_shot,capillary_count,0.17525773195876287
InternVL3-8B,zero_shot,crossing_ratio,0.031413612565445025
InternVL3-8B,zero_shot,malformation_ratio,0.10404624277456648
InternVL3-8B,zero_shot,blood_color,0.22025193798449613
InternVL3-8B,zero_shot,exudation,0.1638888888888889
InternVL3-8B,zero_shot,hemorrhage,0.3360655737704918
InternVL3-8B,zero_shot,subpapillary_venous_plexus,0.2042533659730722
InternVL3-8B,zero_shot,papilla,0.22598870056497175
InternVL3-8B,zero_shot,sweat_duct,0.6839080459770115
MedGemma-4B,few_shot,clarity,0.3333333333333333
MedGemma-4B,few_shot,capillary_count,0.6701030927835051
MedGemma-4B,few_shot,crossing_ratio,0.6701570680628273
MedGemma-4B,few_shot,malformation_ratio,0.6820809248554913
MedGemma-4B,few_shot,blood_color,0.31899224806201554
MedGemma-4B,few_shot,exudation,0.25
MedGemma-4B,few_shot,hemorrhage,0.5
MedGemma-4B,few_shot,subpapillary_venous_plexus,0.25
MedGemma-4B,few_shot,papilla,0.3094017094017094
MedGemma-4B,few_shot,sweat_duct,1.0
MedGemma-4B,zero_shot,clarity,0.4351851851851852
MedGemma-4B,zero_shot,capillary_count,0.09278350515463918
MedGemma-4B,zero_shot,crossing_ratio,0.08900523560209424
MedGemma-4B,zero_shot,malformation_ratio,0.6820809248554913
MedGemma-4B,zero_shot,blood_color,0.3333333333333333
MedGemma-4B,zero_shot,exudation,0.25277777777777777
MedGemma-4B,zero_shot,hemorrhage,0.5081967213114754
MedGemma-4B,zero_shot,subpapillary_venous_plexus,0.2628718535469107
MedGemma-4B,zero_shot,papilla,0.3389830508474576
MedGemma-4B,zero_shot,sweat_duct,0.9942528735632183
Qwen3-VL-8B,few_shot,clarity,0.389867509786209
Qwen3-VL-8B,few_shot,capillary_count,0.6701030927835051
Qwen3-VL-8B,few_shot,crossing_ratio,0.675392670157068
Qwen3-VL-8B,few_shot,malformation_ratio,0.6878612716763006
Qwen3-VL-8B,few_shot,blood_color,0.31782945736434104
Qwen3-VL-8B,few_shot,exudation,0.25
Qwen3-VL-8B,few_shot,hemorrhage,0.5
Qwen3-VL-8B,few_shot,subpapillary_venous_plexus,0.25
Qwen3-VL-8B,few_shot,papilla,0.3094017094017094
Qwen3-VL-8B,few_shot,sweat_duct,1.0
Qwen3-VL-8B,zero_shot,clarity,0.3333333333333333
Qwen3-VL-8B,zero_shot,capillary_count,0.15463917525773196
Qwen3-VL-8B,zero_shot,crossing_ratio,0.07853403141361257
Qwen3-VL-8B,zero_shot,malformation_ratio,0.15606936416184972
Qwen3-VL-8B,zero_shot,blood_color,0.38895348837209304
Qwen3-VL-8B,zero_shot,exudation,0.225
Qwen3-VL-8B,zero_shot,hemorrhage,0.5397416790859414
Qwen3-VL-8B,zero_shot,subpapillary_venous_plexus,0.22511441647597255
Qwen3-VL-8B,zero_shot,papilla,0.308286252354049
Qwen3-VL-8B,zero_shot,sweat_duct,1.0
