exam_case_id,development_fold,field,truth,prediction
recovered_archive1/1,0,clarity,1,0
recovered_archive1/9,3,clarity,0,0
recovered_archive1/24,2,clarity,0,0
recovered_archive1/28,4,clarity,0,0
recovered_archive1/29,3,clarity,0,0
recovered_archive1/30,2,clarity,0,0
recovered_archive1/31,0,clarity,0,0
recovered_archive1/32,3,clarity,1,1
recovered_archive1/33,0,clarity,1,0
recovered_archive1/34,4,clarity,0,0
recovered_archive1/35,1,clarity,0,1
recovered_archive1/37,3,clarity,1,1
recovered_archive1/38,3,clarity,1,1
recovered_archive1/40,3,clarity,1,0
recovered_archive1/41,4,clarity,0,1
recovered_archive1/42,0,clarity,0,1
recovered_archive1/44,0,clarity,1,0
recovered_archive1/45,1,clarity,1,1
recovered_archive1/46,2,clarity,0,0
recovered_archive1/47,3,clarity,0,0
recovered_archive1/48,1,clarity,1,1
recovered_archive1/49,2,clarity,0,0
recovered_archive1/51,3,clarity,1,1
recovered_archive1/52,4,clarity,1,1
recovered_archive1/53,4,clarity,0,0
recovered_archive1/54,1,clarity,1,1
recovered_archive1/57,4,clarity,1,1
recovered_archive1/59,0,clarity,1,0
recovered_archive1/60,1,clarity,0,0
recovered_archive1/61,3,clarity,0,1
recovered_archive1/62,3,clarity,0,0
recovered_archive1/64,1,clarity,0,1
recovered_archive1/66,2,clarity,1,1
recovered_archive1/67,0,clarity,1,1
recovered_archive1/68,3,clarity,1,1
recovered_archive1/69,2,clarity,1,1
recovered_archive1/70,2,clarity,1,0
recovered_archive1/71,1,clarity,0,0
recovered_archive1/72,2,clarity,0,0
recovered_archive1/74,2,clarity,0,1
recovered_archive1/76,2,clarity,0,0
recovered_archive1/78,2,clarity,0,0
recovered_archive1/80,2,clarity,0,0
recovered_archive1/81,1,clarity,0,1
recovered_archive1/82,0,clarity,0,0
recovered_archive1/83,4,clarity,1,1
recovered_archive1/84,2,clarity,0,1
recovered_archive1/85,0,clarity,1,0
recovered_archive1/86,4,clarity,1,1
recovered_archive1/89,4,clarity,1,1
recovered_archive1/90,3,clarity,0,0
recovered_archive1/92,1,clarity,0,0
recovered_archive1/94,3,clarity,1,1
recovered_archive1/95,4,clarity,0,1
recovered_archive1/96,1,clarity,0,0
recovered_archive1/97,0,clarity,0,0
recovered_archive1/99,3,clarity,1,1
recovered_archive1/100,0,clarity,1,0
recovered_archive2/101,0,clarity,0,0
recovered_archive2/103,0,clarity,1,1
recovered_archive2/104,4,clarity,1,1
recovered_archive2/105,2,clarity,0,1
recovered_archive2/106,1,clarity,0,0
recovered_archive2/107,1,clarity,0,1
recovered_archive2/108,0,clarity,1,1
recovered_archive2/109,3,clarity,0,0
recovered_archive2/110,2,clarity,1,1
recovered_archive2/111,2,clarity,1,0
recovered_archive2/112,0,clarity,0,1
recovered_archive2/113,3,clarity,1,1
recovered_archive2/114,3,clarity,1,0
recovered_archive2/115,0,clarity,0,1
recovered_archive2/116,2,clarity,1,0
recovered_archive2/117,4,clarity,0,1
recovered_archive2/118,1,clarity,0,1
recovered_archive2/119,2,clarity,1,1
recovered_archive2/120,4,clarity,1,0
recovered_archive2/121,4,clarity,1,1
recovered_archive2/122,3,clarity,0,0
recovered_archive2/123,2,clarity,0,0
recovered_archive2/124,3,clarity,0,0
recovered_archive2/125,3,clarity,0,0
recovered_archive2/126,1,clarity,1,1
recovered_archive2/127,2,clarity,0,0
recovered_archive2/128,1,clarity,1,1
recovered_archive2/129,1,clarity,0,0
recovered_archive2/130,4,clarity,0,0
recovered_archive2/132,4,clarity,0,0
recovered_archive2/135,4,clarity,1,1
recovered_archive2/136,2,clarity,1,0
recovered_archive2/137,2,clarity,1,1
recovered_archive2/139,3,clarity,1,1
recovered_archive2/141,4,clarity,0,0
recovered_archive2/142,0,clarity,1,1
recovered_archive2/144,2,clarity,0,0
recovered_archive2/145,0,clarity,0,0
recovered_archive2/146,1,clarity,0,0
recovered_archive2/147,0,clarity,1,1
recovered_archive2/148,2,clarity,0,0
recovered_archive2/150,2,clarity,1,0
recovered_archive2/151,2,clarity,1,1
recovered_archive2/152,2,clarity,1,0
recovered_archive2/155,0,clarity,0,0
recovered_archive2/158,4,clarity,1,1
recovered_archive2/159,2,clarity,1,1
recovered_archive2/161,1,clarity,0,0
recovered_archive2/162,3,clarity,0,0
recovered_archive2/163,4,clarity,1,1
recovered_archive2/164,3,clarity,0,1
recovered_archive2/165,4,clarity,0,1
recovered_archive2/167,2,clarity,0,0
recovered_archive2/168,3,clarity,0,0
recovered_archive2/169,0,clarity,0,0
recovered_archive2/170,0,clarity,0,1
recovered_archive2/171,4,clarity,0,0
recovered_archive2/172,0,clarity,0,1
recovered_archive2/173,4,clarity,0,0
recovered_archive2/174,1,clarity,0,1
recovered_archive2/175,3,clarity,0,0
recovered_archive2/176,3,clarity,0,0
recovered_archive2/178,0,clarity,0,1
recovered_archive2/179,3,clarity,1,1
recovered_archive2/180,4,clarity,0,1
recovered_archive2/181,0,clarity,0,0
recovered_archive2/183,0,clarity,0,0
recovered_archive2/184,1,clarity,1,0
recovered_archive2/186,1,clarity,0,0
recovered_archive2/188,1,clarity,1,1
recovered_archive2/189,3,clarity,1,1
recovered_archive2/191,3,clarity,0,0
recovered_archive2/194,0,clarity,1,0
recovered_archive2/197,3,clarity,1,1
recovered_archive2/198,1,clarity,1,1
recovered_archive2/199,3,clarity,1,1
recovered_archive2/200,2,clarity,1,0
recovered_archive3/201,4,clarity,0,1
recovered_archive3/202,0,clarity,0,1
recovered_archive3/204,0,clarity,0,0
recovered_archive3/206,3,clarity,0,0
recovered_archive3/207,0,clarity,0,0
recovered_archive3/209,3,clarity,1,1
recovered_archive3/210,1,clarity,0,1
recovered_archive3/211,2,clarity,1,1
recovered_archive3/212,1,clarity,1,1
recovered_archive3/213,3,clarity,1,1
recovered_archive3/214,0,clarity,1,1
recovered_archive3/215,2,clarity,1,0
recovered_archive3/216,4,clarity,1,1
recovered_archive3/218,0,clarity,0,0
recovered_archive3/220,4,clarity,1,1
recovered_archive3/221,3,clarity,0,1
recovered_archive3/222,0,clarity,1,1
recovered_archive3/223,3,clarity,1,0
recovered_archive3/224,4,clarity,1,1
recovered_archive3/225,2,clarity,0,0
recovered_archive3/227,2,clarity,1,0
recovered_archive3/228,4,clarity,0,1
recovered_archive3/229,1,clarity,0,0
recovered_archive3/231,3,clarity,1,0
recovered_archive3/232,2,clarity,0,0
recovered_archive3/233,0,clarity,1,1
recovered_archive3/234,2,clarity,1,1
recovered_archive3/235,1,clarity,0,0
recovered_archive3/237,4,clarity,0,1
recovered_archive3/241,1,clarity,1,1
recovered_archive3/242,3,clarity,0,0
recovered_archive3/243,1,clarity,1,1
recovered_archive3/246,3,clarity,0,0
recovered_archive3/248,4,clarity,1,1
recovered_archive3/250,3,clarity,1,1
recovered_archive3/251,2,clarity,0,1
recovered_archive3/252,2,clarity,0,0
recovered_archive3/253,1,clarity,1,1
recovered_archive3/254,0,clarity,1,0
recovered_archive3/256,3,clarity,1,1
recovered_archive3/257,4,clarity,0,1
recovered_archive3/259,1,clarity,1,0
recovered_archive3/260,0,clarity,1,0
recovered_archive3/261,4,clarity,1,1
recovered_archive3/262,0,clarity,0,0
recovered_archive3/263,2,clarity,1,1
recovered_archive3/264,0,clarity,1,0
recovered_archive3/265,4,clarity,0,1
recovered_archive3/266,3,clarity,0,0
recovered_archive3/267,3,clarity,0,1
recovered_archive1/1,0,blood_color,1,0
recovered_archive1/9,3,blood_color,0,0
recovered_archive1/24,2,blood_color,1,0
recovered_archive1/28,4,blood_color,1,1
recovered_archive1/29,3,blood_color,1,1
recovered_archive1/30,2,blood_color,1,0
recovered_archive1/31,0,blood_color,1,1
recovered_archive1/32,3,blood_color,0,0
recovered_archive1/33,0,blood_color,1,1
recovered_archive1/34,4,blood_color,0,0
recovered_archive1/35,1,blood_color,1,1
recovered_archive1/37,3,blood_color,1,0
recovered_archive1/38,3,blood_color,0,0
recovered_archive1/40,3,blood_color,1,1
recovered_archive1/41,4,blood_color,0,0
recovered_archive1/42,0,blood_color,1,0
recovered_archive1/44,0,blood_color,0,0
recovered_archive1/46,2,blood_color,0,1
recovered_archive1/47,3,blood_color,1,1
recovered_archive1/48,1,blood_color,0,0
recovered_archive1/49,2,blood_color,1,1
recovered_archive1/52,4,blood_color,1,0
recovered_archive1/53,4,blood_color,0,1
recovered_archive1/54,1,blood_color,1,1
recovered_archive1/57,4,blood_color,0,0
recovered_archive1/59,0,blood_color,0,0
recovered_archive1/60,1,blood_color,1,0
recovered_archive1/61,3,blood_color,1,1
recovered_archive1/62,3,blood_color,0,0
recovered_archive1/64,1,blood_color,1,0
recovered_archive1/66,2,blood_color,0,0
recovered_archive1/67,0,blood_color,0,0
recovered_archive1/68,3,blood_color,0,0
recovered_archive1/69,2,blood_color,0,0
recovered_archive1/70,2,blood_color,1,1
recovered_archive1/71,1,blood_color,1,1
recovered_archive1/72,2,blood_color,1,1
recovered_archive1/76,2,blood_color,0,1
recovered_archive1/78,2,blood_color,1,1
recovered_archive1/80,2,blood_color,0,0
recovered_archive1/81,1,blood_color,1,0
recovered_archive1/82,0,blood_color,1,1
recovered_archive1/83,4,blood_color,0,0
recovered_archive1/84,2,blood_color,1,1
recovered_archive1/86,4,blood_color,1,1
recovered_archive1/89,4,blood_color,1,1
recovered_archive1/90,3,blood_color,1,1
recovered_archive1/92,1,blood_color,1,1
recovered_archive1/94,3,blood_color,0,0
recovered_archive1/95,4,blood_color,1,1
recovered_archive1/96,1,blood_color,1,1
recovered_archive1/97,0,blood_color,0,1
recovered_archive1/99,3,blood_color,0,1
recovered_archive1/100,0,blood_color,1,0
recovered_archive2/101,0,blood_color,1,1
recovered_archive2/103,0,blood_color,0,1
recovered_archive2/104,4,blood_color,1,1
recovered_archive2/105,2,blood_color,1,0
recovered_archive2/106,1,blood_color,1,1
recovered_archive2/107,1,blood_color,1,0
recovered_archive2/108,0,blood_color,0,0
recovered_archive2/109,3,blood_color,0,1
recovered_archive2/110,2,blood_color,0,0
recovered_archive2/111,2,blood_color,1,1
recovered_archive2/112,0,blood_color,0,0
recovered_archive2/113,3,blood_color,0,0
recovered_archive2/114,3,blood_color,0,1
recovered_archive2/115,0,blood_color,0,0
recovered_archive2/116,2,blood_color,1,0
recovered_archive2/118,1,blood_color,0,0
recovered_archive2/119,2,blood_color,0,1
recovered_archive2/120,4,blood_color,1,0
recovered_archive2/121,4,blood_color,0,1
recovered_archive2/122,3,blood_color,1,1
recovered_archive2/123,2,blood_color,1,0
recovered_archive2/124,3,blood_color,1,1
recovered_archive2/125,3,blood_color,1,1
recovered_archive2/126,1,blood_color,1,0
recovered_archive2/127,2,blood_color,1,0
recovered_archive2/128,1,blood_color,0,0
recovered_archive2/129,1,blood_color,1,1
recovered_archive2/130,4,blood_color,0,1
recovered_archive2/132,4,blood_color,0,0
recovered_archive2/135,4,blood_color,0,0
recovered_archive2/139,3,blood_color,0,0
recovered_archive2/141,4,blood_color,1,0
recovered_archive2/142,0,blood_color,0,1
recovered_archive2/145,0,blood_color,1,1
recovered_archive2/147,0,blood_color,0,0
recovered_archive2/148,2,blood_color,1,1
recovered_archive2/149,1,blood_color,0,0
recovered_archive2/150,2,blood_color,0,1
recovered_archive2/151,2,blood_color,0,1
recovered_archive2/152,2,blood_color,0,0
recovered_archive2/155,0,blood_color,1,0
recovered_archive2/158,4,blood_color,1,1
recovered_archive2/159,2,blood_color,0,1
recovered_archive2/161,1,blood_color,0,0
recovered_archive2/162,3,blood_color,0,0
recovered_archive2/163,4,blood_color,0,0
recovered_archive2/164,3,blood_color,1,1
recovered_archive2/165,4,blood_color,0,0
recovered_archive2/167,2,blood_color,1,1
recovered_archive2/168,3,blood_color,1,1
recovered_archive2/169,0,blood_color,1,1
recovered_archive2/171,4,blood_color,1,1
recovered_archive2/172,0,blood_color,0,0
recovered_archive2/173,4,blood_color,1,1
recovered_archive2/174,1,blood_color,1,1
recovered_archive2/175,3,blood_color,1,1
recovered_archive2/176,3,blood_color,0,1
recovered_archive2/178,0,blood_color,1,0
recovered_archive2/179,3,blood_color,1,0
recovered_archive2/180,4,blood_color,0,1
recovered_archive2/181,0,blood_color,1,1
recovered_archive2/183,0,blood_color,0,0
recovered_archive2/184,1,blood_color,0,1
recovered_archive2/186,1,blood_color,1,1
recovered_archive2/189,3,blood_color,0,0
recovered_archive2/191,3,blood_color,1,1
recovered_archive2/194,0,blood_color,1,1
recovered_archive2/197,3,blood_color,1,0
recovered_archive2/198,1,blood_color,0,0
recovered_archive2/199,3,blood_color,0,0
recovered_archive2/200,2,blood_color,0,1
recovered_archive3/201,4,blood_color,1,0
recovered_archive3/202,0,blood_color,1,0
recovered_archive3/204,0,blood_color,1,1
recovered_archive3/206,3,blood_color,0,0
recovered_archive3/207,0,blood_color,1,1
recovered_archive3/209,3,blood_color,1,0
recovered_archive3/210,1,blood_color,1,0
recovered_archive3/211,2,blood_color,0,1
recovered_archive3/212,1,blood_color,0,0
recovered_archive3/213,3,blood_color,0,0
recovered_archive3/214,0,blood_color,0,1
recovered_archive3/215,2,blood_color,1,0
recovered_archive3/216,4,blood_color,0,0
recovered_archive3/218,0,blood_color,0,0
recovered_archive3/220,4,blood_color,1,0
recovered_archive3/221,3,blood_color,1,0
recovered_archive3/222,0,blood_color,0,0
recovered_archive3/223,3,blood_color,0,1
recovered_archive3/224,4,blood_color,0,0
recovered_archive3/225,2,blood_color,1,1
recovered_archive3/227,2,blood_color,0,0
recovered_archive3/228,4,blood_color,1,0
recovered_archive3/229,1,blood_color,0,0
recovered_archive3/231,3,blood_color,0,1
recovered_archive3/232,2,blood_color,1,1
recovered_archive3/233,0,blood_color,0,0
recovered_archive3/234,2,blood_color,0,0
recovered_archive3/235,1,blood_color,1,1
recovered_archive3/237,4,blood_color,1,1
recovered_archive3/241,1,blood_color,0,0
recovered_archive3/242,3,blood_color,1,1
recovered_archive3/246,3,blood_color,1,1
recovered_archive3/248,4,blood_color,1,0
recovered_archive3/250,3,blood_color,0,0
recovered_archive3/251,2,blood_color,1,1
recovered_archive3/252,2,blood_color,0,0
recovered_archive3/253,1,blood_color,1,0
recovered_archive3/254,0,blood_color,1,1
recovered_archive3/256,3,blood_color,0,0
recovered_archive3/257,4,blood_color,0,0
recovered_archive3/259,1,blood_color,1,1
recovered_archive3/260,0,blood_color,0,0
recovered_archive3/261,4,blood_color,0,0
recovered_archive3/262,0,blood_color,0,1
recovered_archive3/263,2,blood_color,1,0
recovered_archive3/264,0,blood_color,1,0
recovered_archive3/265,4,blood_color,1,1
recovered_archive3/266,3,blood_color,1,1
recovered_archive3/267,3,blood_color,1,0
recovered_archive1/1,0,exudation,0,0
recovered_archive1/9,3,exudation,0,0
recovered_archive1/24,2,exudation,0,0
recovered_archive1/28,4,exudation,0,0
recovered_archive1/29,3,exudation,0,0
recovered_archive1/30,2,exudation,1,0
recovered_archive1/31,0,exudation,0,0
recovered_archive1/32,3,exudation,1,1
recovered_archive1/33,0,exudation,0,1
recovered_archive1/34,4,exudation,1,1
recovered_archive1/35,1,exudation,0,1
recovered_archive1/37,3,exudation,0,1
recovered_archive1/38,3,exudation,1,1
recovered_archive1/40,3,exudation,1,1
recovered_archive1/41,4,exudation,1,1
recovered_archive1/42,0,exudation,1,1
recovered_archive1/44,0,exudation,1,1
recovered_archive1/45,1,exudation,0,1
recovered_archive1/46,2,exudation,1,0
recovered_archive1/47,3,exudation,1,0
recovered_archive1/48,1,exudation,1,1
recovered_archive1/49,2,exudation,0,0
recovered_archive1/52,4,exudation,1,1
recovered_archive1/53,4,exudation,0,0
recovered_archive1/54,1,exudation,0,1
recovered_archive1/57,4,exudation,1,1
recovered_archive1/59,0,exudation,1,1
recovered_archive1/61,3,exudation,0,0
recovered_archive1/62,3,exudation,1,1
recovered_archive1/64,1,exudation,1,1
recovered_archive1/66,2,exudation,1,1
recovered_archive1/67,0,exudation,1,1
recovered_archive1/68,3,exudation,1,0
recovered_archive1/69,2,exudation,0,1
recovered_archive1/70,2,exudation,0,0
recovered_archive1/71,1,exudation,0,0
recovered_archive1/72,2,exudation,0,0
recovered_archive1/74,2,exudation,0,0
recovered_archive1/76,2,exudation,0,0
recovered_archive1/78,2,exudation,0,0
recovered_archive1/80,2,exudation,0,1
recovered_archive1/81,1,exudation,1,1
recovered_archive1/82,0,exudation,0,0
recovered_archive1/83,4,exudation,1,1
recovered_archive1/84,2,exudation,1,1
recovered_archive1/85,0,exudation,0,1
recovered_archive1/86,4,exudation,0,0
recovered_archive1/89,4,exudation,0,0
recovered_archive1/90,3,exudation,1,0
recovered_archive1/92,1,exudation,0,0
recovered_archive1/94,3,exudation,0,1
recovered_archive1/95,4,exudation,0,1
recovered_archive1/96,1,exudation,0,0
recovered_archive1/97,0,exudation,0,0
recovered_archive1/99,3,exudation,1,1
recovered_archive1/100,0,exudation,0,0
recovered_archive2/101,0,exudation,0,1
recovered_archive2/103,0,exudation,0,0
recovered_archive2/104,4,exudation,1,1
recovered_archive2/105,2,exudation,1,1
recovered_archive2/106,1,exudation,1,0
recovered_archive2/107,1,exudation,1,1
recovered_archive2/108,0,exudation,1,1
recovered_archive2/109,3,exudation,0,0
recovered_archive2/110,2,exudation,1,0
recovered_archive2/111,2,exudation,0,0
recovered_archive2/112,0,exudation,1,1
recovered_archive2/113,3,exudation,0,1
recovered_archive2/114,3,exudation,1,1
recovered_archive2/115,0,exudation,1,1
recovered_archive2/116,2,exudation,1,1
recovered_archive2/117,4,exudation,0,0
recovered_archive2/118,1,exudation,0,1
recovered_archive2/119,2,exudation,1,0
recovered_archive2/120,4,exudation,1,1
recovered_archive2/121,4,exudation,1,1
recovered_archive2/122,3,exudation,0,0
recovered_archive2/123,2,exudation,0,1
recovered_archive2/124,3,exudation,0,0
recovered_archive2/125,3,exudation,0,0
recovered_archive2/126,1,exudation,1,1
recovered_archive2/127,2,exudation,0,0
recovered_archive2/128,1,exudation,1,1
recovered_archive2/129,1,exudation,0,0
recovered_archive2/130,4,exudation,1,0
recovered_archive2/132,4,exudation,1,1
recovered_archive2/135,4,exudation,1,0
recovered_archive2/136,2,exudation,1,0
recovered_archive2/139,3,exudation,1,1
recovered_archive2/141,4,exudation,0,0
recovered_archive2/142,0,exudation,1,1
recovered_archive2/144,2,exudation,0,0
recovered_archive2/145,0,exudation,0,1
recovered_archive2/146,1,exudation,0,1
recovered_archive2/147,0,exudation,1,1
recovered_archive2/148,2,exudation,0,0
recovered_archive2/149,1,exudation,1,1
recovered_archive2/150,2,exudation,0,0
recovered_archive2/151,2,exudation,1,1
recovered_archive2/152,2,exudation,1,0
recovered_archive2/155,0,exudation,1,1
recovered_archive2/158,4,exudation,1,0
recovered_archive2/159,2,exudation,1,0
recovered_archive2/161,1,exudation,1,1
recovered_archive2/162,3,exudation,1,1
recovered_archive2/163,4,exudation,1,1
recovered_archive2/164,3,exudation,1,0
recovered_archive2/165,4,exudation,1,1
recovered_archive2/167,2,exudation,0,0
recovered_archive2/168,3,exudation,0,0
recovered_archive2/169,0,exudation,0,0
recovered_archive2/170,0,exudation,1,1
recovered_archive2/171,4,exudation,0,0
recovered_archive2/172,0,exudation,1,1
recovered_archive2/173,4,exudation,0,0
recovered_archive2/174,1,exudation,0,0
recovered_archive2/175,3,exudation,1,1
recovered_archive2/176,3,exudation,0,0
recovered_archive2/178,0,exudation,0,1
recovered_archive2/179,3,exudation,0,1
recovered_archive2/180,4,exudation,1,1
recovered_archive2/181,0,exudation,0,0
recovered_archive2/183,0,exudation,1,1
recovered_archive2/184,1,exudation,0,0
recovered_archive2/186,1,exudation,0,0
recovered_archive2/188,1,exudation,1,1
recovered_archive2/189,3,exudation,1,0
recovered_archive2/191,3,exudation,1,0
recovered_archive2/194,0,exudation,1,1
recovered_archive2/197,3,exudation,1,1
recovered_archive2/198,1,exudation,1,1
recovered_archive2/199,3,exudation,0,0
recovered_archive2/200,2,exudation,1,1
recovered_archive3/201,4,exudation,1,1
recovered_archive3/202,0,exudation,0,1
recovered_archive3/204,0,exudation,0,0
recovered_archive3/206,3,exudation,0,1
recovered_archive3/207,0,exudation,1,0
recovered_archive3/209,3,exudation,0,1
recovered_archive3/210,1,exudation,1,1
recovered_archive3/211,2,exudation,1,1
recovered_archive3/212,1,exudation,1,1
recovered_archive3/213,3,exudation,1,1
recovered_archive3/214,0,exudation,1,1
recovered_archive3/215,2,exudation,1,1
recovered_archive3/216,4,exudation,1,1
recovered_archive3/218,0,exudation,1,1
recovered_archive3/220,4,exudation,1,1
recovered_archive3/221,3,exudation,0,0
recovered_archive3/222,0,exudation,1,1
recovered_archive3/223,3,exudation,1,1
recovered_archive3/224,4,exudation,1,1
recovered_archive3/225,2,exudation,0,0
recovered_archive3/227,2,exudation,1,1
recovered_archive3/228,4,exudation,0,1
recovered_archive3/229,1,exudation,0,1
recovered_archive3/231,3,exudation,1,0
recovered_archive3/232,2,exudation,1,0
recovered_archive3/233,0,exudation,1,1
recovered_archive3/234,2,exudation,1,1
recovered_archive3/235,1,exudation,0,1
recovered_archive3/237,4,exudation,0,1
recovered_archive3/241,1,exudation,1,1
recovered_archive3/242,3,exudation,0,0
recovered_archive3/243,1,exudation,1,1
recovered_archive3/246,3,exudation,0,0
recovered_archive3/248,4,exudation,0,1
recovered_archive3/250,3,exudation,1,1
recovered_archive3/251,2,exudation,0,0
recovered_archive3/252,2,exudation,1,0
recovered_archive3/253,1,exudation,0,1
recovered_archive3/254,0,exudation,1,1
recovered_archive3/256,3,exudation,1,1
recovered_archive3/257,4,exudation,1,0
recovered_archive3/259,1,exudation,0,0
recovered_archive3/261,4,exudation,1,1
recovered_archive3/262,0,exudation,0,0
recovered_archive3/263,2,exudation,1,1
recovered_archive3/264,0,exudation,0,1
recovered_archive3/265,4,exudation,0,0
recovered_archive3/266,3,exudation,0,0
recovered_archive3/267,3,exudation,0,0
recovered_archive1/1,0,subpapillary_venous_plexus,0,0
recovered_archive1/9,3,subpapillary_venous_plexus,1,1
recovered_archive1/24,2,subpapillary_venous_plexus,0,0
recovered_archive1/28,4,subpapillary_venous_plexus,1,1
recovered_archive1/29,3,subpapillary_venous_plexus,1,1
recovered_archive1/30,2,subpapillary_venous_plexus,0,0
recovered_archive1/31,0,subpapillary_venous_plexus,1,1
recovered_archive1/32,3,subpapillary_venous_plexus,0,0
recovered_archive1/33,0,subpapillary_venous_plexus,1,1
recovered_archive1/34,4,subpapillary_venous_plexus,1,1
recovered_archive1/35,1,subpapillary_venous_plexus,1,1
recovered_archive1/37,3,subpapillary_venous_plexus,0,1
recovered_archive1/38,3,subpapillary_venous_plexus,1,1
recovered_archive1/40,3,subpapillary_venous_plexus,1,0
recovered_archive1/41,4,subpapillary_venous_plexus,1,1
recovered_archive1/42,0,subpapillary_venous_plexus,0,0
recovered_archive1/44,0,subpapillary_venous_plexus,1,1
recovered_archive1/45,1,subpapillary_venous_plexus,0,0
recovered_archive1/46,2,subpapillary_venous_plexus,1,0
recovered_archive1/47,3,subpapillary_venous_plexus,1,1
recovered_archive1/48,1,subpapillary_venous_plexus,1,0
recovered_archive1/49,2,subpapillary_venous_plexus,1,0
recovered_archive1/52,4,subpapillary_venous_plexus,0,0
recovered_archive1/53,4,subpapillary_venous_plexus,0,1
recovered_archive1/54,1,subpapillary_venous_plexus,1,1
recovered_archive1/57,4,subpapillary_venous_plexus,0,0
recovered_archive1/59,0,subpapillary_venous_plexus,0,1
recovered_archive1/61,3,subpapillary_venous_plexus,0,0
recovered_archive1/62,3,subpapillary_venous_plexus,0,0
recovered_archive1/64,1,subpapillary_venous_plexus,1,0
recovered_archive1/66,2,subpapillary_venous_plexus,0,0
recovered_archive1/67,0,subpapillary_venous_plexus,0,0
recovered_archive1/68,3,subpapillary_venous_plexus,0,1
recovered_archive1/69,2,subpapillary_venous_plexus,0,1
recovered_archive1/70,2,subpapillary_venous_plexus,1,1
recovered_archive1/71,1,subpapillary_venous_plexus,1,1
recovered_archive1/72,2,subpapillary_venous_plexus,1,0
recovered_archive1/74,2,subpapillary_venous_plexus,1,0
recovered_archive1/76,2,subpapillary_venous_plexus,1,1
recovered_archive1/78,2,subpapillary_venous_plexus,1,1
recovered_archive1/80,2,subpapillary_venous_plexus,0,0
recovered_archive1/81,1,subpapillary_venous_plexus,0,0
recovered_archive1/82,0,subpapillary_venous_plexus,0,0
recovered_archive1/83,4,subpapillary_venous_plexus,0,0
recovered_archive1/84,2,subpapillary_venous_plexus,0,0
recovered_archive1/85,0,subpapillary_venous_plexus,1,1
recovered_archive1/86,4,subpapillary_venous_plexus,1,1
recovered_archive1/89,4,subpapillary_venous_plexus,1,1
recovered_archive1/90,3,subpapillary_venous_plexus,1,1
recovered_archive1/92,1,subpapillary_venous_plexus,1,0
recovered_archive1/94,3,subpapillary_venous_plexus,0,0
recovered_archive1/95,4,subpapillary_venous_plexus,0,0
recovered_archive1/96,1,subpapillary_venous_plexus,0,0
recovered_archive1/97,0,subpapillary_venous_plexus,0,1
recovered_archive1/99,3,subpapillary_venous_plexus,0,1
recovered_archive1/100,0,subpapillary_venous_plexus,1,1
recovered_archive2/101,0,subpapillary_venous_plexus,0,1
recovered_archive2/103,0,subpapillary_venous_plexus,1,1
recovered_archive2/104,4,subpapillary_venous_plexus,1,0
recovered_archive2/105,2,subpapillary_venous_plexus,1,1
recovered_archive2/106,1,subpapillary_venous_plexus,1,1
recovered_archive2/107,1,subpapillary_venous_plexus,0,0
recovered_archive2/108,0,subpapillary_venous_plexus,0,1
recovered_archive2/109,3,subpapillary_venous_plexus,1,1
recovered_archive2/110,2,subpapillary_venous_plexus,1,0
recovered_archive2/111,2,subpapillary_venous_plexus,1,0
recovered_archive2/112,0,subpapillary_venous_plexus,0,0
recovered_archive2/113,3,subpapillary_venous_plexus,0,0
recovered_archive2/114,3,subpapillary_venous_plexus,1,1
recovered_archive2/115,0,subpapillary_venous_plexus,1,0
recovered_archive2/116,2,subpapillary_venous_plexus,0,0
recovered_archive2/117,4,subpapillary_venous_plexus,0,0
recovered_archive2/118,1,subpapillary_venous_plexus,0,0
recovered_archive2/119,2,subpapillary_venous_plexus,0,0
recovered_archive2/120,4,subpapillary_venous_plexus,1,0
recovered_archive2/121,4,subpapillary_venous_plexus,1,0
recovered_archive2/122,3,subpapillary_venous_plexus,0,0
recovered_archive2/123,2,subpapillary_venous_plexus,1,1
recovered_archive2/124,3,subpapillary_venous_plexus,1,1
recovered_archive2/125,3,subpapillary_venous_plexus,1,1
recovered_archive2/126,1,subpapillary_venous_plexus,0,0
recovered_archive2/127,2,subpapillary_venous_plexus,0,0
recovered_archive2/128,1,subpapillary_venous_plexus,1,0
recovered_archive2/129,1,subpapillary_venous_plexus,1,0
recovered_archive2/130,4,subpapillary_venous_plexus,1,1
recovered_archive2/132,4,subpapillary_venous_plexus,1,1
recovered_archive2/135,4,subpapillary_venous_plexus,1,0
recovered_archive2/136,2,subpapillary_venous_plexus,1,0
recovered_archive2/139,3,subpapillary_venous_plexus,1,1
recovered_archive2/141,4,subpapillary_venous_plexus,1,1
recovered_archive2/142,0,subpapillary_venous_plexus,1,1
recovered_archive2/144,2,subpapillary_venous_plexus,0,0
recovered_archive2/145,0,subpapillary_venous_plexus,1,1
recovered_archive2/146,1,subpapillary_venous_plexus,0,0
recovered_archive2/147,0,subpapillary_venous_plexus,1,1
recovered_archive2/148,2,subpapillary_venous_plexus,1,0
recovered_archive2/149,1,subpapillary_venous_plexus,1,1
recovered_archive2/150,2,subpapillary_venous_plexus,0,0
recovered_archive2/151,2,subpapillary_venous_plexus,0,0
recovered_archive2/152,2,subpapillary_venous_plexus,1,0
recovered_archive2/155,0,subpapillary_venous_plexus,0,0
recovered_archive2/158,4,subpapillary_venous_plexus,1,0
recovered_archive2/159,2,subpapillary_venous_plexus,0,0
recovered_archive2/161,1,subpapillary_venous_plexus,1,1
recovered_archive2/162,3,subpapillary_venous_plexus,0,0
recovered_archive2/163,4,subpapillary_venous_plexus,1,1
recovered_archive2/164,3,subpapillary_venous_plexus,1,1
recovered_archive2/165,4,subpapillary_venous_plexus,0,0
recovered_archive2/167,2,subpapillary_venous_plexus,0,0
recovered_archive2/168,3,subpapillary_venous_plexus,1,1
recovered_archive2/169,0,subpapillary_venous_plexus,1,1
recovered_archive2/170,0,subpapillary_venous_plexus,1,0
recovered_archive2/171,4,subpapillary_venous_plexus,0,1
recovered_archive2/172,0,subpapillary_venous_plexus,0,0
recovered_archive2/173,4,subpapillary_venous_plexus,1,0
recovered_archive2/174,1,subpapillary_venous_plexus,0,1
recovered_archive2/175,3,subpapillary_venous_plexus,1,1
recovered_archive2/176,3,subpapillary_venous_plexus,1,1
recovered_archive2/178,0,subpapillary_venous_plexus,1,1
recovered_archive2/179,3,subpapillary_venous_plexus,1,1
recovered_archive2/180,4,subpapillary_venous_plexus,0,0
recovered_archive2/181,0,subpapillary_venous_plexus,1,1
recovered_archive2/183,0,subpapillary_venous_plexus,0,1
recovered_archive2/184,1,subpapillary_venous_plexus,0,0
recovered_archive2/186,1,subpapillary_venous_plexus,1,1
recovered_archive2/189,3,subpapillary_venous_plexus,0,0
recovered_archive2/191,3,subpapillary_venous_plexus,1,1
recovered_archive2/194,0,subpapillary_venous_plexus,1,1
recovered_archive2/197,3,subpapillary_venous_plexus,0,0
recovered_archive2/198,1,subpapillary_venous_plexus,1,0
recovered_archive2/199,3,subpapillary_venous_plexus,1,0
recovered_archive2/200,2,subpapillary_venous_plexus,0,0
recovered_archive3/201,4,subpapillary_venous_plexus,1,1
recovered_archive3/202,0,subpapillary_venous_plexus,0,0
recovered_archive3/204,0,subpapillary_venous_plexus,1,1
recovered_archive3/206,3,subpapillary_venous_plexus,1,1
recovered_archive3/207,0,subpapillary_venous_plexus,1,1
recovered_archive3/209,3,subpapillary_venous_plexus,0,0
recovered_archive3/210,1,subpapillary_venous_plexus,0,0
recovered_archive3/211,2,subpapillary_venous_plexus,0,0
recovered_archive3/212,1,subpapillary_venous_plexus,1,0
recovered_archive3/213,3,subpapillary_venous_plexus,1,0
recovered_archive3/214,0,subpapillary_venous_plexus,1,1
recovered_archive3/215,2,subpapillary_venous_plexus,1,1
recovered_archive3/216,4,subpapillary_venous_plexus,0,0
recovered_archive3/218,0,subpapillary_venous_plexus,1,1
recovered_archive3/220,4,subpapillary_venous_plexus,1,0
recovered_archive3/221,3,subpapillary_venous_plexus,1,1
recovered_archive3/222,0,subpapillary_venous_plexus,0,0
recovered_archive3/223,3,subpapillary_venous_plexus,0,1
recovered_archive3/224,4,subpapillary_venous_plexus,0,0
recovered_archive3/225,2,subpapillary_venous_plexus,1,1
recovered_archive3/227,2,subpapillary_venous_plexus,0,0
recovered_archive3/228,4,subpapillary_venous_plexus,0,0
recovered_archive3/229,1,subpapillary_venous_plexus,0,0
recovered_archive3/231,3,subpapillary_venous_plexus,1,1
recovered_archive3/232,2,subpapillary_venous_plexus,1,0
recovered_archive3/233,0,subpapillary_venous_plexus,0,0
recovered_archive3/234,2,subpapillary_venous_plexus,0,0
recovered_archive3/235,1,subpapillary_venous_plexus,0,0
recovered_archive3/237,4,subpapillary_venous_plexus,0,0
recovered_archive3/241,1,subpapillary_venous_plexus,0,0
recovered_archive3/242,3,subpapillary_venous_plexus,1,1
recovered_archive3/243,1,subpapillary_venous_plexus,0,0
recovered_archive3/246,3,subpapillary_venous_plexus,1,1
recovered_archive3/248,4,subpapillary_venous_plexus,1,1
recovered_archive3/250,3,subpapillary_venous_plexus,0,0
recovered_archive3/251,2,subpapillary_venous_plexus,0,0
recovered_archive3/252,2,subpapillary_venous_plexus,1,0
recovered_archive3/253,1,subpapillary_venous_plexus,0,1
recovered_archive3/254,0,subpapillary_venous_plexus,0,0
recovered_archive3/256,3,subpapillary_venous_plexus,0,0
recovered_archive3/257,4,subpapillary_venous_plexus,1,0
recovered_archive3/259,1,subpapillary_venous_plexus,1,1
recovered_archive3/261,4,subpapillary_venous_plexus,0,0
recovered_archive3/262,0,subpapillary_venous_plexus,1,1
recovered_archive3/263,2,subpapillary_venous_plexus,0,0
recovered_archive3/264,0,subpapillary_venous_plexus,0,1
recovered_archive3/265,4,subpapillary_venous_plexus,0,0
recovered_archive3/266,3,subpapillary_venous_plexus,1,1
recovered_archive3/267,3,subpapillary_venous_plexus,1,1
recovered_archive1/1,0,papilla,1,1
recovered_archive1/9,3,papilla,1,1
recovered_archive1/24,2,papilla,1,1
recovered_archive1/28,4,papilla,1,1
recovered_archive1/29,3,papilla,1,1
recovered_archive1/30,2,papilla,1,1
recovered_archive1/31,0,papilla,1,1
recovered_archive1/32,3,papilla,0,0
recovered_archive1/33,0,papilla,1,1
recovered_archive1/34,4,papilla,0,1
recovered_archive1/35,1,papilla,0,0
recovered_archive1/37,3,papilla,0,0
recovered_archive1/38,3,papilla,1,1
recovered_archive1/40,3,papilla,0,1
recovered_archive1/41,4,papilla,1,1
recovered_archive1/42,0,papilla,0,0
recovered_archive1/44,0,papilla,0,1
recovered_archive1/45,1,papilla,1,1
recovered_archive1/46,2,papilla,0,1
recovered_archive1/47,3,papilla,1,1
recovered_archive1/48,1,papilla,0,1
recovered_archive1/49,2,papilla,1,1
recovered_archive1/52,4,papilla,0,0
recovered_archive1/53,4,papilla,1,1
recovered_archive1/54,1,papilla,1,1
recovered_archive1/57,4,papilla,1,0
recovered_archive1/59,0,papilla,1,1
recovered_archive1/61,3,papilla,1,1
recovered_archive1/62,3,papilla,1,1
recovered_archive1/64,1,papilla,1,1
recovered_archive1/66,2,papilla,1,1
recovered_archive1/67,0,papilla,1,1
recovered_archive1/68,3,papilla,0,1
recovered_archive1/69,2,papilla,0,1
recovered_archive1/70,2,papilla,1,1
recovered_archive1/71,1,papilla,1,1
recovered_archive1/72,2,papilla,1,1
recovered_archive1/74,2,papilla,1,1
recovered_archive1/76,2,papilla,0,1
recovered_archive1/78,2,papilla,1,1
recovered_archive1/80,2,papilla,0,1
recovered_archive1/81,1,papilla,1,1
recovered_archive1/82,0,papilla,1,1
recovered_archive1/83,4,papilla,0,1
recovered_archive1/84,2,papilla,0,0
recovered_archive1/85,0,papilla,1,1
recovered_archive1/86,4,papilla,1,1
recovered_archive1/89,4,papilla,1,1
recovered_archive1/90,3,papilla,1,1
recovered_archive1/92,1,papilla,1,1
recovered_archive1/94,3,papilla,1,1
recovered_archive1/95,4,papilla,1,1
recovered_archive1/96,1,papilla,1,1
recovered_archive1/97,0,papilla,1,1
recovered_archive1/99,3,papilla,0,0
recovered_archive1/100,0,papilla,1,1
recovered_archive2/101,0,papilla,1,1
recovered_archive2/103,0,papilla,1,1
recovered_archive2/104,4,papilla,0,1
recovered_archive2/105,2,papilla,1,0
recovered_archive2/106,1,papilla,1,1
recovered_archive2/107,1,papilla,0,0
recovered_archive2/108,0,papilla,1,0
recovered_archive2/109,3,papilla,1,1
recovered_archive2/110,2,papilla,0,1
recovered_archive2/111,2,papilla,1,1
recovered_archive2/112,0,papilla,1,0
recovered_archive2/113,3,papilla,0,1
recovered_archive2/114,3,papilla,0,0
recovered_archive2/115,0,papilla,1,0
recovered_archive2/116,2,papilla,1,1
recovered_archive2/117,4,papilla,1,1
recovered_archive2/118,1,papilla,1,1
recovered_archive2/119,2,papilla,1,1
recovered_archive2/120,4,papilla,1,1
recovered_archive2/121,4,papilla,0,0
recovered_archive2/122,3,papilla,1,1
recovered_archive2/123,2,papilla,0,1
recovered_archive2/124,3,papilla,1,1
recovered_archive2/125,3,papilla,1,1
recovered_archive2/126,1,papilla,1,0
recovered_archive2/127,2,papilla,0,1
recovered_archive2/128,1,papilla,0,0
recovered_archive2/129,1,papilla,1,1
recovered_archive2/130,4,papilla,0,1
recovered_archive2/132,4,papilla,0,1
recovered_archive2/135,4,papilla,0,1
recovered_archive2/136,2,papilla,1,1
recovered_archive2/139,3,papilla,1,0
recovered_archive2/141,4,papilla,1,1
recovered_archive2/142,0,papilla,0,1
recovered_archive2/144,2,papilla,1,1
recovered_archive2/145,0,papilla,1,1
recovered_archive2/146,1,papilla,1,1
recovered_archive2/147,0,papilla,1,1
recovered_archive2/148,2,papilla,1,1
recovered_archive2/149,1,papilla,1,1
recovered_archive2/150,2,papilla,1,1
recovered_archive2/151,2,papilla,0,1
recovered_archive2/152,2,papilla,1,1
recovered_archive2/155,0,papilla,1,1
recovered_archive2/158,4,papilla,1,1
recovered_archive2/159,2,papilla,1,1
recovered_archive2/161,1,papilla,1,1
recovered_archive2/162,3,papilla,1,1
recovered_archive2/163,4,papilla,0,1
recovered_archive2/164,3,papilla,0,1
recovered_archive2/165,4,papilla,1,1
recovered_archive2/167,2,papilla,1,1
recovered_archive2/168,3,papilla,0,1
recovered_archive2/169,0,papilla,0,1
recovered_archive2/170,0,papilla,0,1
recovered_archive2/172,0,papilla,0,0
recovered_archive2/173,4,papilla,1,1
recovered_archive2/174,1,papilla,1,1
recovered_archive2/175,3,papilla,1,1
recovered_archive2/176,3,papilla,1,1
recovered_archive2/178,0,papilla,0,1
recovered_archive2/179,3,papilla,0,0
recovered_archive2/180,4,papilla,0,1
recovered_archive2/181,0,papilla,1,1
recovered_archive2/183,0,papilla,1,1
recovered_archive2/184,1,papilla,0,1
recovered_archive2/186,1,papilla,1,1
recovered_archive2/188,1,papilla,0,0
recovered_archive2/189,3,papilla,0,1
recovered_archive2/191,3,papilla,1,1
recovered_archive2/194,0,papilla,0,0
recovered_archive2/197,3,papilla,1,0
recovered_archive2/198,1,papilla,1,1
recovered_archive2/199,3,papilla,1,1
recovered_archive2/200,2,papilla,0,1
recovered_archive3/201,4,papilla,0,0
recovered_archive3/202,0,papilla,0,0
recovered_archive3/204,0,papilla,1,1
recovered_archive3/206,3,papilla,1,1
recovered_archive3/207,0,papilla,1,1
recovered_archive3/209,3,papilla,1,0
recovered_archive3/210,1,papilla,1,0
recovered_archive3/211,2,papilla,0,0
recovered_archive3/212,1,papilla,1,0
recovered_archive3/213,3,papilla,1,1
recovered_archive3/214,0,papilla,0,1
recovered_archive3/215,2,papilla,1,1
recovered_archive3/216,4,papilla,1,1
recovered_archive3/218,0,papilla,1,0
recovered_archive3/220,4,papilla,1,1
recovered_archive3/221,3,papilla,0,0
recovered_archive3/222,0,papilla,0,0
recovered_archive3/223,3,papilla,0,1
recovered_archive3/224,4,papilla,1,1
recovered_archive3/225,2,papilla,1,1
recovered_archive3/227,2,papilla,0,1
recovered_archive3/228,4,papilla,1,1
recovered_archive3/229,1,papilla,1,1
recovered_archive3/231,3,papilla,0,1
recovered_archive3/232,2,papilla,1,1
recovered_archive3/233,0,papilla,0,0
recovered_archive3/234,2,papilla,0,1
recovered_archive3/235,1,papilla,1,1
recovered_archive3/237,4,papilla,1,1
recovered_archive3/241,1,papilla,1,1
recovered_archive3/242,3,papilla,1,1
recovered_archive3/243,1,papilla,0,1
recovered_archive3/246,3,papilla,1,1
recovered_archive3/248,4,papilla,1,1
recovered_archive3/250,3,papilla,1,1
recovered_archive3/251,2,papilla,1,1
recovered_archive3/252,2,papilla,1,1
recovered_archive3/253,1,papilla,1,1
recovered_archive3/254,0,papilla,1,1
recovered_archive3/256,3,papilla,1,1
recovered_archive3/257,4,papilla,1,1
recovered_archive3/259,1,papilla,1,1
recovered_archive3/261,4,papilla,1,1
recovered_archive3/262,0,papilla,1,1
recovered_archive3/263,2,papilla,0,1
recovered_archive3/264,0,papilla,1,1
recovered_archive3/265,4,papilla,1,1
recovered_archive3/266,3,papilla,1,1
recovered_archive3/267,3,papilla,1,1
