original_id,status_before,known_case,match_case,match_path,similarity,runner_up_case,margin,decision,matched_role,reason
1,UNMAPPED_LOCAL_SOURCE,,recovered_archive3/220,data/recovered_archive3/220/CAPorg10.jpg,0.685,recovered_archive3/263,0.0479,UNDECIDABLE,,similarity 0.685 < 0.9
2,UNMAPPED_LOCAL_SOURCE,,recovered_archive3/236,data/recovered_archive3/236/CAPorg3.jpg,0.9145,recovered_archive2/102,0.1307,MATCHED,unlisted,
3,UNMAPPED_LOCAL_SOURCE,,recovered_archive3/262,data/recovered_archive3/262/CAPorg6.jpg,0.9497,recovered_archive1/39,0.0061,UNDECIDABLE,,margin 0.006 < 0.05 vs recovered_archive1/39
4,UNMAPPED_LOCAL_SOURCE,,recovered_archive3/257,data/recovered_archive3/257/CAPorg8.jpg,0.957,recovered_archive1/100,0.0038,UNDECIDABLE,,margin 0.004 < 0.05 vs recovered_archive1/100
5,UNMAPPED_LOCAL_SOURCE,,recovered_archive3/220,data/recovered_archive3/220/CAPorg8.jpg,0.9841,recovered_archive1/68,0.2849,MATCHED,development,
6,UNMAPPED_LOCAL_SOURCE,,recovered_archive1/71,data/recovered_archive1/71/CAPorg7.jpg,0.9558,recovered_archive3/264,0.1561,MATCHED,development,
7,UNMAPPED_LOCAL_SOURCE,,recovered_archive2/148,data/recovered_archive2/148/CAPorg6.jpg,0.9475,recovered_archive2/152,0.0039,UNDECIDABLE,,margin 0.004 < 0.05 vs recovered_archive2/152
8,UNMAPPED_LOCAL_SOURCE,,recovered_archive3/207,data/recovered_archive3/207/CAPorg4.jpg,0.9632,recovered_archive3/237,0.0151,UNDECIDABLE,,margin 0.015 < 0.05 vs recovered_archive3/237
9,UNMAPPED_LOCAL_SOURCE,,recovered_archive3/207,data/recovered_archive3/207/CAPorg5.jpg,0.9636,recovered_archive1/56,0.0199,UNDECIDABLE,,margin 0.020 < 0.05 vs recovered_archive1/56
10,UNMAPPED_LOCAL_SOURCE,,recovered_archive2/193,data/recovered_archive2/193/CAPorg9.jpg,0.9749,recovered_archive3/229,0.1451,MATCHED,unlisted,
11,UNMAPPED_LOCAL_SOURCE,,recovered_archive1/29,data/recovered_archive1/29/CAPorg12.jpg,0.917,recovered_archive1/78,0.0385,UNDECIDABLE,,margin 0.039 < 0.05 vs recovered_archive1/78
12,UNMAPPED_LOCAL_SOURCE,,recovered_archive2/192,data/recovered_archive2/192/CAPorg2.jpg,0.7313,recovered_archive1/33,0.0132,UNDECIDABLE,,similarity 0.731 < 0.9
13,EXACT_RECOVERED_LOCKED,recovered_archive2/153,recovered_archive2/153,data/recovered_archive2/153/CAPorg6.jpg,1.0,recovered_archive2/196,0.0736,MATCHED,locked,
14,UNMAPPED_LOCAL_SOURCE,,recovered_archive3/220,data/recovered_archive3/220/CAPorg1.jpg,0.8649,recovered_archive3/203,0.0002,UNDECIDABLE,,similarity 0.865 < 0.9
15,UNMAPPED_LOCAL_SOURCE,,recovered_archive1/23,data/recovered_archive1/23/CAPorg5.jpg,0.951,recovered_archive1/72,0.0764,MATCHED,unlisted,
16,UNMAPPED_LOCAL_SOURCE,,recovered_archive1/24,data/recovered_archive1/24/CAPorg1.jpg,0.8599,recovered_archive2/156,0.0282,UNDECIDABLE,,similarity 0.860 < 0.9
17,UNMAPPED_LOCAL_SOURCE,,recovered_archive3/220,data/recovered_archive3/220/CAPorg9.jpg,0.9772,recovered_archive1/82,0.2428,MATCHED,development,
18,UNMAPPED_LOCAL_SOURCE,,recovered_archive1/78,data/recovered_archive1/78/CAPorg5.jpg,0.8489,recovered_archive1/84,0.0151,UNDECIDABLE,,similarity 0.849 < 0.9
19,UNMAPPED_LOCAL_SOURCE,,recovered_archive2/157,data/recovered_archive2/157/CAPorg6.jpg,0.758,recovered_archive1/26,0.0047,UNDECIDABLE,,similarity 0.758 < 0.9
20,UNMAPPED_LOCAL_SOURCE,,recovered_archive3/236,data/recovered_archive3/236/CAPorg5.jpg,0.938,recovered_archive2/109,0.2734,MATCHED,unlisted,
21,UNMAPPED_LOCAL_SOURCE,,recovered_archive1/55,data/recovered_archive1/55/CAPorg8.jpg,0.8449,recovered_archive2/174,0.0115,UNDECIDABLE,,similarity 0.845 < 0.9
22,UNMAPPED_LOCAL_SOURCE,,recovered_archive1/46,data/recovered_archive1/46/CAPorg3.jpg,0.9358,recovered_archive2/162,0.0217,UNDECIDABLE,,margin 0.022 < 0.05 vs recovered_archive2/162
23,UNMAPPED_LOCAL_SOURCE,,recovered_archive2/186,data/recovered_archive2/186/CAPorg4.jpg,0.9896,recovered_archive1/60,0.0499,UNDECIDABLE,,margin 0.050 < 0.05 vs recovered_archive1/60
24,EXACT_RECOVERED_DEVELOPMENT,recovered_archive2/114,recovered_archive2/114,data/recovered_archive2/114/CAPorg6.jpg,1.0,recovered_archive1/78,0.1895,MATCHED,development,
25,UNMAPPED_LOCAL_SOURCE,,recovered_archive1/31,data/recovered_archive1/31/CAPorg4.jpg,0.8427,recovered_archive2/193,0.0069,UNDECIDABLE,,similarity 0.843 < 0.9
26,UNMAPPED_LOCAL_SOURCE,,recovered_archive1/26,data/recovered_archive1/26/CAPorg19.jpg,0.9821,recovered_archive3/244,0.0589,MATCHED,unlisted,
27,UNMAPPED_LOCAL_SOURCE,,recovered_archive2/174,data/recovered_archive2/174/CAPorg3.jpg,0.8864,recovered_archive2/192,0.0205,UNDECIDABLE,,similarity 0.886 < 0.9
28,UNMAPPED_LOCAL_SOURCE,,recovered_archive3/238,data/recovered_archive3/238/CAPorg4.jpg,0.9244,recovered_archive1/40,0.1248,MATCHED,unlisted,
29,UNMAPPED_LOCAL_SOURCE,,recovered_archive2/109,data/recovered_archive2/109/CAPorg6.jpg,0.975,recovered_archive1/35,0.2947,MATCHED,development,
30,UNMAPPED_LOCAL_SOURCE,,recovered_archive1/29,data/recovered_archive1/29/CAPorg4.jpg,0.926,recovered_archive2/192,0.0469,UNDECIDABLE,,margin 0.047 < 0.05 vs recovered_archive2/192
31,UNMAPPED_LOCAL_SOURCE,,recovered_archive3/246,data/recovered_archive3/246/CAPorg5.jpg,0.9219,recovered_archive1/41,0.0763,MATCHED,development,
32,UNMAPPED_LOCAL_SOURCE,,recovered_archive3/203,data/recovered_archive3/203/CAPorg10.jpg,0.8706,recovered_archive1/96,0.0062,UNDECIDABLE,,similarity 0.871 < 0.9
33,UNMAPPED_LOCAL_SOURCE,,recovered_archive3/251,data/recovered_archive3/251/CAPorg7.jpg,0.9023,recovered_archive1/26,0.0004,UNDECIDABLE,,margin 0.000 < 0.05 vs recovered_archive1/26
34,UNMAPPED_LOCAL_SOURCE,,recovered_archive1/26,data/recovered_archive1/26/CAPorg18.jpg,0.9909,recovered_archive2/161,0.0526,MATCHED,unlisted,
35,UNMAPPED_LOCAL_SOURCE,,recovered_archive2/122,data/recovered_archive2/122/CAPorg7.jpg,0.7521,recovered_archive2/118,0.0153,UNDECIDABLE,,similarity 0.752 < 0.9
36,UNMAPPED_LOCAL_SOURCE,,recovered_archive2/166,data/recovered_archive2/166/CAPorg11.jpg,0.8974,recovered_archive2/149,0.0025,UNDECIDABLE,,similarity 0.897 < 0.9
37,UNMAPPED_LOCAL_SOURCE,,recovered_archive1/24,data/recovered_archive1/24/CAPorg7.jpg,0.8737,recovered_archive1/62,0.1248,UNDECIDABLE,,similarity 0.874 < 0.9
38,UNMAPPED_LOCAL_SOURCE,,recovered_archive1/59,data/recovered_archive1/59/CAPorg4.jpg,0.8648,recovered_archive2/130,0.0078,UNDECIDABLE,,similarity 0.865 < 0.9
39,UNMAPPED_LOCAL_SOURCE,,recovered_archive2/200,data/recovered_archive2/200/CAPorg4.jpg,0.837,recovered_archive3/261,0.0058,UNDECIDABLE,,similarity 0.837 < 0.9
40,UNMAPPED_LOCAL_SOURCE,,recovered_archive2/140,data/recovered_archive2/140/CAPorg11.jpg,0.7912,recovered_archive3/261,0.0148,UNDECIDABLE,,similarity 0.791 < 0.9
41,UNMAPPED_LOCAL_SOURCE,,recovered_archive1/60,data/recovered_archive1/60/CAPorg3.jpg,0.9935,recovered_archive3/266,0.0533,MATCHED,development,
42,UNMAPPED_LOCAL_SOURCE,,recovered_archive1/96,data/recovered_archive1/96/CAPorg2.jpg,0.9877,recovered_archive1/6,0.0529,MATCHED,development,
43,UNMAPPED_LOCAL_SOURCE,,recovered_archive1/47,data/recovered_archive1/47/CAPorg5.jpg,0.9209,recovered_archive2/122,0.1082,MATCHED,development,
44,UNMAPPED_LOCAL_SOURCE,,recovered_archive1/77,data/recovered_archive1/77/CAPorg5.jpg,0.9512,recovered_archive1/26,0.0583,MATCHED,locked,
45,UNMAPPED_LOCAL_SOURCE,,recovered_archive2/150,data/recovered_archive2/150/CAPorg8.jpg,0.9445,recovered_archive2/122,0.1534,MATCHED,development,
46,UNMAPPED_LOCAL_SOURCE,,recovered_archive1/31,data/recovered_archive1/31/CAPorg3.jpg,0.8045,recovered_archive1/66,0.0008,UNDECIDABLE,,similarity 0.805 < 0.9
47,EXACT_RECOVERED_DEVELOPMENT,recovered_archive2/183,recovered_archive2/183,data/recovered_archive2/183/CAPorg18.jpg,1.0,recovered_archive3/255,0.1313,MATCHED,development,
48,EXACT_RECOVERED_LOCKED,recovered_archive1/75,recovered_archive1/75,data/recovered_archive1/75/CAPorg2.jpg,1.0,recovered_archive2/186,0.0968,MATCHED,locked,
49,EXACT_RECOVERED_DEVELOPMENT,recovered_archive3/206,recovered_archive3/206,data/recovered_archive3/206/CAPorg7.jpg,1.0,recovered_archive1/39,0.1079,MATCHED,development,
50,UNMAPPED_LOCAL_SOURCE,,recovered_archive1/45,data/recovered_archive1/45/CAPorg2.jpg,0.9208,recovered_archive2/122,0.0477,UNDECIDABLE,,margin 0.048 < 0.05 vs recovered_archive2/122
51,UNMAPPED_LOCAL_SOURCE,,recovered_archive1/46,data/recovered_archive1/46/CAPorg2.jpg,0.9567,recovered_archive2/165,0.0799,MATCHED,development,
52,UNMAPPED_LOCAL_SOURCE,,recovered_archive3/227,data/recovered_archive3/227/CAPorg3.jpg,0.4399,recovered_archive3/239,0.0137,UNDECIDABLE,,similarity 0.440 < 0.9
53,UNMAPPED_LOCAL_SOURCE,,recovered_archive2/134,data/recovered_archive2/134/CAPorg6.jpg,0.8825,recovered_archive2/102,0.0145,UNDECIDABLE,,similarity 0.882 < 0.9
54,EXACT_RECOVERED_DEVELOPMENT,recovered_archive1/47,recovered_archive1/47,data/recovered_archive1/47/CAPorg2.jpg,1.0,recovered_archive1/45,0.1747,MATCHED,development,
55,UNMAPPED_LOCAL_SOURCE,,recovered_archive1/53,data/recovered_archive1/53/CAPorg2.jpg,0.5172,recovered_archive1/86,0.0128,UNDECIDABLE,,similarity 0.517 < 0.9
56,UNMAPPED_LOCAL_SOURCE,,recovered_archive1/85,data/recovered_archive1/85/CAPorg1.jpg,0.9634,recovered_archive2/176,0.0216,UNDECIDABLE,,margin 0.022 < 0.05 vs recovered_archive2/176
57,EXACT_RECOVERED_DEVELOPMENT,recovered_archive1/100,recovered_archive1/100,data/recovered_archive1/100/CAPorg6.jpg,1.0,recovered_archive1/39,0.0953,MATCHED,development,
58,UNMAPPED_LOCAL_SOURCE,,recovered_archive2/158,data/recovered_archive2/158/CAPorg6.jpg,0.9712,recovered_archive1/71,0.021,UNDECIDABLE,,margin 0.021 < 0.05 vs recovered_archive1/71
59,UNMAPPED_LOCAL_SOURCE,,recovered_archive2/185,data/recovered_archive2/185/CAPorg2.jpg,0.8834,recovered_archive1/60,0.0206,UNDECIDABLE,,similarity 0.883 < 0.9
60,EXACT_RECOVERED_LOCKED,recovered_archive1/75,recovered_archive1/75,data/recovered_archive1/75/CAPorg3.jpg,1.0,recovered_archive2/185,0.1089,MATCHED,locked,
61,UNMAPPED_LOCAL_SOURCE,,recovered_archive1/28,data/recovered_archive1/28/CAPorg6.jpg,0.7163,recovered_archive1/9,0.0672,UNDECIDABLE,,similarity 0.716 < 0.9
62,UNMAPPED_LOCAL_SOURCE,,recovered_archive2/176,data/recovered_archive2/176/CAPorg5.jpg,0.9797,recovered_archive2/140,0.2035,MATCHED,development,
63,UNMAPPED_LOCAL_SOURCE,,recovered_archive1/85,data/recovered_archive1/85/CAPorg10.jpg,0.9629,recovered_archive2/166,0.0651,MATCHED,unlisted,
64,UNMAPPED_LOCAL_SOURCE,,recovered_archive1/85,data/recovered_archive1/85/CAPorg13.jpg,0.9999,recovered_archive1/31,0.0743,MATCHED,unlisted,
65,UNMAPPED_LOCAL_SOURCE,,recovered_archive1/84,data/recovered_archive1/84/CAPorg4.jpg,0.8986,recovered_archive2/127,0.0056,UNDECIDABLE,,similarity 0.899 < 0.9
66,UNMAPPED_LOCAL_SOURCE,,recovered_archive1/85,data/recovered_archive1/85/CAPorg7.jpg,0.9854,recovered_archive2/122,0.0782,MATCHED,unlisted,
67,UNMAPPED_LOCAL_SOURCE,,recovered_archive1/78,data/recovered_archive1/78/CAPorg5.jpg,0.7667,recovered_archive1/55,0.0073,UNDECIDABLE,,similarity 0.767 < 0.9
68,EXACT_RECOVERED_DEVELOPMENT,recovered_archive3/246,recovered_archive3/246,data/recovered_archive3/246/CAPorg6.jpg,1.0,recovered_archive2/152,0.0705,MATCHED,development,
69,EXACT_RECOVERED_LOCKED,recovered_archive1/55,recovered_archive1/55,data/recovered_archive1/55/CAPorg4.jpg,1.0,recovered_archive1/82,0.2487,MATCHED,locked,
70,EXACT_RECOVERED_LOCKED,recovered_archive1/55,recovered_archive1/55,data/recovered_archive1/55/CAPorg5.jpg,1.0,recovered_archive3/227,0.0995,MATCHED,locked,
71,UNMAPPED_LOCAL_SOURCE,,recovered_archive1/55,data/recovered_archive1/55/CAPorg7.jpg,0.9664,recovered_archive3/227,0.2358,MATCHED,locked,
72,UNMAPPED_LOCAL_SOURCE,,recovered_archive2/181,data/recovered_archive2/181/CAPorg2.jpg,0.8971,recovered_archive3/207,0.0444,UNDECIDABLE,,similarity 0.897 < 0.9
73,UNMAPPED_LOCAL_SOURCE,,recovered_archive1/68,data/recovered_archive1/68/CAPorg4.jpg,0.5708,recovered_archive1/90,0.0046,UNDECIDABLE,,similarity 0.571 < 0.9
74,EXACT_RECOVERED_LOCKED,recovered_archive1/55,recovered_archive1/55,data/recovered_archive1/55/CAPorg8.jpg,1.0,recovered_archive2/174,0.1142,MATCHED,locked,
75,UNMAPPED_LOCAL_SOURCE,,recovered_archive3/260,data/recovered_archive3/260/CAPorg8.jpg,0.5016,recovered_archive3/220,0.0699,UNDECIDABLE,,similarity 0.502 < 0.9
76,UNMAPPED_LOCAL_SOURCE,,recovered_archive1/39,data/recovered_archive1/39/CAPorg7.jpg,0.991,recovered_archive1/65,0.0343,UNDECIDABLE,,margin 0.034 < 0.05 vs recovered_archive1/65
77,UNMAPPED_LOCAL_SOURCE,,recovered_archive3/250,data/recovered_archive3/250/CAPorg1.jpg,0.8509,recovered_archive2/190,0.0037,UNDECIDABLE,,similarity 0.851 < 0.9
78,UNMAPPED_LOCAL_SOURCE,,recovered_archive3/263,data/recovered_archive3/263/CAPorg8.jpg,0.6798,recovered_archive3/266,0.0035,UNDECIDABLE,,similarity 0.680 < 0.9
79,EXACT_RECOVERED_LOCKED,recovered_archive3/255,recovered_archive3/255,data/recovered_archive3/255/CAPorg6.jpg,1.0,recovered_archive2/116,0.0758,MATCHED,locked,
80,UNMAPPED_LOCAL_SOURCE,,recovered_archive2/192,data/recovered_archive2/192/CAPorg2.jpg,0.7968,recovered_archive1/33,0.0045,UNDECIDABLE,,similarity 0.797 < 0.9
81,UNMAPPED_LOCAL_SOURCE,,recovered_archive2/173,data/recovered_archive2/173/CAPorg8.jpg,0.8325,recovered_archive3/266,0.0781,UNDECIDABLE,,similarity 0.833 < 0.9
82,UNMAPPED_LOCAL_SOURCE,,recovered_archive1/45,data/recovered_archive1/45/CAPorg12.jpg,0.9393,recovered_archive3/266,0.0523,MATCHED,development,
83,UNMAPPED_LOCAL_SOURCE,,recovered_archive2/193,data/recovered_archive2/193/CAPorg9.jpg,0.6964,recovered_archive1/45,0.0349,UNDECIDABLE,,similarity 0.696 < 0.9
84,UNMAPPED_LOCAL_SOURCE,,recovered_archive1/75,data/recovered_archive1/75/CAPorg7.jpg,0.9508,recovered_archive2/116,0.0761,MATCHED,locked,
85,EXACT_RECOVERED_DEVELOPMENT,recovered_archive1/29,recovered_archive1/29,data/recovered_archive1/29/CAPorg10.jpg,1.0,recovered_archive3/227,0.1222,MATCHED,development,
86,EXACT_RECOVERED_DEVELOPMENT,recovered_archive1/29,recovered_archive1/29,data/recovered_archive1/29/CAPorg7.jpg,1.0,recovered_archive2/119,0.0687,MATCHED,development,
87,EXACT_RECOVERED_DEVELOPMENT,recovered_archive2/191,recovered_archive2/191,data/recovered_archive2/191/CAPorg1.jpg,1.0,recovered_archive2/132,0.2299,MATCHED,development,
88,EXACT_RECOVERED_DEVELOPMENT,recovered_archive2/118,recovered_archive2/118,data/recovered_archive2/118/CAPorg4.jpg,1.0,recovered_archive3/250,0.249,MATCHED,development,
89,UNMAPPED_LOCAL_SOURCE,,recovered_archive3/250,data/recovered_archive3/250/CAPorg1.jpg,0.8927,recovered_archive3/222,0.0016,UNDECIDABLE,,similarity 0.893 < 0.9
90,UNMAPPED_LOCAL_SOURCE,,recovered_archive2/130,data/recovered_archive2/130/CAPorg14.jpg,0.8187,recovered_archive3/258,0.0141,UNDECIDABLE,,similarity 0.819 < 0.9
91,UNMAPPED_LOCAL_SOURCE,,recovered_archive2/193,data/recovered_archive2/193/CAPorg8.jpg,0.8913,recovered_archive1/41,0.0522,UNDECIDABLE,,similarity 0.891 < 0.9
92,UNMAPPED_LOCAL_SOURCE,,recovered_archive2/191,data/recovered_archive2/191/CAPorg5.jpg,0.9403,recovered_archive2/168,0.0906,MATCHED,development,
93,UNMAPPED_LOCAL_SOURCE,,recovered_archive2/151,data/recovered_archive2/151/CAPorg6.jpg,0.8018,recovered_archive1/28,0.0329,UNDECIDABLE,,similarity 0.802 < 0.9
94,UNMAPPED_LOCAL_SOURCE,,recovered_archive2/157,data/recovered_archive2/157/CAPorg9.jpg,0.8489,recovered_archive3/203,0.0014,UNDECIDABLE,,similarity 0.849 < 0.9
95,UNMAPPED_LOCAL_SOURCE,,recovered_archive2/157,data/recovered_archive2/157/CAPorg3.jpg,0.9664,recovered_archive3/205,0.0593,MATCHED,unlisted,
96,EXACT_RECOVERED_LOCKED,recovered_archive1/75,recovered_archive1/75,data/recovered_archive1/75/CAPorg8.jpg,1.0,recovered_archive2/186,0.1174,MATCHED,locked,
97,UNMAPPED_LOCAL_SOURCE,,recovered_archive2/157,data/recovered_archive2/157/CAPorg4.jpg,0.9353,recovered_archive3/205,0.0374,UNDECIDABLE,,margin 0.037 < 0.05 vs recovered_archive3/205
98,UNMAPPED_LOCAL_SOURCE,,recovered_archive2/118,data/recovered_archive2/118/CAPorg12.jpg,0.959,recovered_archive2/151,0.229,MATCHED,development,
99,UNMAPPED_LOCAL_SOURCE,,recovered_archive2/166,data/recovered_archive2/166/CAPorg13.jpg,0.9261,recovered_archive2/130,0.01,UNDECIDABLE,,margin 0.010 < 0.05 vs recovered_archive2/130
100,UNMAPPED_LOCAL_SOURCE,,recovered_archive1/39,data/recovered_archive1/39/CAPorg6.jpg,0.9839,recovered_archive2/118,0.0272,UNDECIDABLE,,margin 0.027 < 0.05 vs recovered_archive2/118
101,UNMAPPED_LOCAL_SOURCE,,recovered_archive1/50,data/recovered_archive1/50/CAPorg12.jpg,0.9381,recovered_archive2/116,0.0015,UNDECIDABLE,,margin 0.002 < 0.05 vs recovered_archive2/116
102,UNMAPPED_LOCAL_SOURCE,,recovered_archive2/157,data/recovered_archive2/157/CAPorg5.jpg,0.9947,recovered_archive3/205,0.0845,MATCHED,unlisted,
103,UNMAPPED_LOCAL_SOURCE,,recovered_archive2/148,data/recovered_archive2/148/CAPorg9.jpg,0.8157,recovered_archive2/116,0.0004,UNDECIDABLE,,similarity 0.816 < 0.9
104,UNMAPPED_LOCAL_SOURCE,,recovered_archive2/157,data/recovered_archive2/157/CAPorg6.jpg,0.9861,recovered_archive1/26,0.0541,MATCHED,unlisted,
105,UNMAPPED_LOCAL_SOURCE,,recovered_archive2/157,data/recovered_archive2/157/CAPorg9.jpg,0.9488,recovered_archive3/240,0.0712,MATCHED,unlisted,
106,UNMAPPED_LOCAL_SOURCE,,recovered_archive1/73,data/recovered_archive1/73/CAPorg5.jpg,0.9463,recovered_archive3/264,0.1925,MATCHED,locked,
107,UNMAPPED_LOCAL_SOURCE,,recovered_archive2/197,data/recovered_archive2/197/CAPorg5.jpg,1.0,recovered_archive2/121,0.3083,MATCHED,unlisted,
108,UNMAPPED_LOCAL_SOURCE,,recovered_archive1/30,data/recovered_archive1/30/CAPorg4.jpg,0.914,recovered_archive3/222,0.1416,MATCHED,development,
109,EXACT_RECOVERED_UNLISTED,recovered_archive1/26,recovered_archive1/26,data/recovered_archive1/26/CAPorg20.jpg,1.0,recovered_archive3/244,0.0454,UNDECIDABLE,,margin 0.045 < 0.05 vs recovered_archive3/244
110,UNMAPPED_LOCAL_SOURCE,,recovered_archive2/130,data/recovered_archive2/130/CAPorg13.jpg,0.9602,recovered_archive3/244,0.0078,UNDECIDABLE,,margin 0.008 < 0.05 vs recovered_archive3/244
111,UNMAPPED_LOCAL_SOURCE,,recovered_archive2/118,data/recovered_archive2/118/CAPorg7.jpg,0.9972,recovered_archive2/136,0.0895,MATCHED,development,
112,UNMAPPED_LOCAL_SOURCE,,recovered_archive3/235,data/recovered_archive3/235/CAPorg4.jpg,0.8611,recovered_archive3/237,0.0025,UNDECIDABLE,,similarity 0.861 < 0.9
113,EXACT_RECOVERED_DEVELOPMENT,recovered_archive1/71,recovered_archive1/71,data/recovered_archive1/71/CAPorg6.jpg,1.0,recovered_archive3/236,0.1778,MATCHED,development,
114,UNMAPPED_LOCAL_SOURCE,,recovered_archive3/231,data/recovered_archive3/231/CAPorg3.jpg,0.8706,recovered_archive1/60,0.0365,UNDECIDABLE,,similarity 0.871 < 0.9
115,UNMAPPED_LOCAL_SOURCE,,recovered_archive2/148,data/recovered_archive2/148/CAPorg4.jpg,0.9498,recovered_archive1/66,0.0107,UNDECIDABLE,,margin 0.011 < 0.05 vs recovered_archive1/66
116,UNMAPPED_LOCAL_SOURCE,,recovered_archive3/229,data/recovered_archive3/229/CAPorg14.jpg,0.8481,recovered_archive3/266,0.0,UNDECIDABLE,,similarity 0.848 < 0.9
117,UNMAPPED_LOCAL_SOURCE,,recovered_archive3/224,data/recovered_archive3/224/CAPorg5.jpg,0.6809,recovered_archive2/161,0.0025,UNDECIDABLE,,similarity 0.681 < 0.9
118,UNMAPPED_LOCAL_SOURCE,,recovered_archive2/161,data/recovered_archive2/161/CAPorg3.jpg,0.9759,recovered_archive2/185,0.168,MATCHED,unlisted,
119,UNMAPPED_LOCAL_SOURCE,,recovered_archive3/225,data/recovered_archive3/225/CAPorg7.jpg,0.9799,recovered_archive1/31,0.2913,MATCHED,development,
120,UNMAPPED_LOCAL_SOURCE,,recovered_archive2/200,data/recovered_archive2/200/CAPorg2.jpg,0.7096,recovered_archive2/128,0.0024,UNDECIDABLE,,similarity 0.710 < 0.9
121,EXACT_RECOVERED_DEVELOPMENT,recovered_archive2/171,recovered_archive2/171,data/recovered_archive2/171/CAPorg5.jpg,1.0,recovered_archive3/202,0.0731,MATCHED,development,
122,UNMAPPED_LOCAL_SOURCE,,recovered_archive3/255,data/recovered_archive3/255/CAPorg5.jpg,0.6862,recovered_archive1/46,0.0186,UNDECIDABLE,,similarity 0.686 < 0.9
123,UNMAPPED_LOCAL_SOURCE,,recovered_archive3/207,data/recovered_archive3/207/CAPorg7.jpg,0.9984,recovered_archive1/56,0.0576,MATCHED,unlisted,
124,EXACT_RECOVERED_DEVELOPMENT,recovered_archive3/267,recovered_archive3/267,data/recovered_archive3/267/CAPorg6.jpg,1.0,recovered_archive2/186,0.0949,MATCHED,development,
125,UNMAPPED_LOCAL_SOURCE,,recovered_archive2/176,data/recovered_archive2/176/CAPorg4.jpg,0.763,recovered_archive2/193,0.0004,UNDECIDABLE,,similarity 0.763 < 0.9
126,UNMAPPED_LOCAL_SOURCE,,recovered_archive2/161,data/recovered_archive2/161/CAPorg4.jpg,0.9824,recovered_archive2/185,0.1611,MATCHED,unlisted,
127,UNMAPPED_LOCAL_SOURCE,,recovered_archive3/220,data/recovered_archive3/220/CAPorg11.jpg,0.9161,recovered_archive3/246,0.0638,MATCHED,development,
128,UNMAPPED_LOCAL_SOURCE,,recovered_archive2/161,data/recovered_archive2/161/CAPorg6.jpg,0.9725,recovered_archive1/39,0.065,MATCHED,unlisted,
129,UNMAPPED_LOCAL_SOURCE,,recovered_archive2/161,data/recovered_archive2/161/CAPorg7.jpg,0.9333,recovered_archive2/177,0.0249,UNDECIDABLE,,margin 0.025 < 0.05 vs recovered_archive2/177
130,UNMAPPED_LOCAL_SOURCE,,recovered_archive1/29,data/recovered_archive1/29/CAPorg1.jpg,0.9897,recovered_archive3/227,0.0533,MATCHED,development,
131,UNMAPPED_LOCAL_SOURCE,,recovered_archive1/87,data/recovered_archive1/87/CAPorg2.jpg,0.9904,recovered_archive3/203,0.0617,MATCHED,unlisted,
132,UNMAPPED_LOCAL_SOURCE,,recovered_archive2/162,data/recovered_archive2/162/CAPorg2.jpg,0.9348,recovered_archive1/46,0.0019,UNDECIDABLE,,margin 0.002 < 0.05 vs recovered_archive1/46
133,UNMAPPED_LOCAL_SOURCE,,recovered_archive2/165,data/recovered_archive2/165/CAPorg2.jpg,0.5368,recovered_archive3/261,0.0113,UNDECIDABLE,,similarity 0.537 < 0.9
134,UNMAPPED_LOCAL_SOURCE,,recovered_archive2/129,data/recovered_archive2/129/CAPorg1.jpg,0.9784,recovered_archive2/106,0.1101,MATCHED,unlisted,
135,UNMAPPED_LOCAL_SOURCE,,recovered_archive1/80,data/recovered_archive1/80/CAPorg6.jpg,0.8231,recovered_archive3/264,0.0057,UNDECIDABLE,,similarity 0.823 < 0.9
136,UNMAPPED_LOCAL_SOURCE,,recovered_archive2/129,data/recovered_archive2/129/CAPorg2.jpg,0.9406,recovered_archive3/244,0.1476,MATCHED,unlisted,
137,UNMAPPED_LOCAL_SOURCE,,recovered_archive3/217,data/recovered_archive3/217/CAPorg3.jpg,0.9557,recovered_archive2/109,0.3486,MATCHED,locked,
138,UNMAPPED_LOCAL_SOURCE,,recovered_archive2/129,data/recovered_archive2/129/CAPorg3.jpg,0.9729,recovered_archive2/185,0.3163,MATCHED,unlisted,
139,UNMAPPED_LOCAL_SOURCE,,recovered_archive2/185,data/recovered_archive2/185/CAPorg6.jpg,0.9776,recovered_archive1/66,0.0357,UNDECIDABLE,,margin 0.036 < 0.05 vs recovered_archive1/66
140,UNMAPPED_LOCAL_SOURCE,,recovered_archive3/220,data/recovered_archive3/220/CAPorg6.jpg,0.9883,recovered_archive3/240,0.1606,MATCHED,development,
141,UNMAPPED_LOCAL_SOURCE,,recovered_archive2/129,data/recovered_archive2/129/CAPorg4.jpg,0.9307,recovered_archive1/39,0.133,MATCHED,unlisted,
142,UNMAPPED_LOCAL_SOURCE,,recovered_archive1/50,data/recovered_archive1/50/CAPorg7.jpg,0.877,recovered_archive2/177,0.0,UNDECIDABLE,,similarity 0.877 < 0.9
143,UNMAPPED_LOCAL_SOURCE,,recovered_archive2/129,data/recovered_archive2/129/CAPorg5.jpg,0.8935,recovered_archive1/6,0.0126,UNDECIDABLE,,similarity 0.894 < 0.9
144,UNMAPPED_LOCAL_SOURCE,,recovered_archive2/129,data/recovered_archive2/129/CAPorg6.jpg,0.9541,recovered_archive3/240,0.0771,MATCHED,unlisted,
145,EXACT_RECOVERED_DEVELOPMENT,recovered_archive1/28,recovered_archive1/28,data/recovered_archive1/28/CAPorg2.jpg,1.0,recovered_archive3/213,0.1384,MATCHED,development,
146,EXACT_RECOVERED_LOCKED,recovered_archive2/134,recovered_archive2/134,data/recovered_archive2/134/CAPorg6.jpg,1.0,recovered_archive2/102,0.1214,MATCHED,locked,
147,UNMAPPED_LOCAL_SOURCE,,recovered_archive3/214,data/recovered_archive3/214/CAPorg13.jpg,0.7657,recovered_archive2/119,0.0525,UNDECIDABLE,,similarity 0.766 < 0.9
148,UNMAPPED_LOCAL_SOURCE,,recovered_archive1/9,data/recovered_archive1/9/CAPorg2.jpg,0.924,recovered_archive3/213,0.0065,UNDECIDABLE,,margin 0.006 < 0.05 vs recovered_archive3/213
149,UNMAPPED_LOCAL_SOURCE,,recovered_archive2/129,data/recovered_archive2/129/CAPorg8.jpg,0.9735,recovered_archive3/243,0.2075,MATCHED,unlisted,
150,UNMAPPED_LOCAL_SOURCE,,recovered_archive2/125,data/recovered_archive2/125/CAPorg8.jpg,0.9362,recovered_archive1/39,0.006,UNDECIDABLE,,margin 0.006 < 0.05 vs recovered_archive1/39
151,UNMAPPED_LOCAL_SOURCE,,recovered_archive3/204,data/recovered_archive3/204/CAPorg5.jpg,0.8423,recovered_archive2/189,0.0057,UNDECIDABLE,,similarity 0.842 < 0.9
152,UNMAPPED_LOCAL_SOURCE,,recovered_archive2/130,data/recovered_archive2/130/CAPorg10.jpg,0.9439,recovered_archive1/26,0.0164,UNDECIDABLE,,margin 0.016 < 0.05 vs recovered_archive1/26
153,UNMAPPED_LOCAL_SOURCE,,recovered_archive3/238,data/recovered_archive3/238/CAPorg6.jpg,0.9315,recovered_archive1/78,0.0291,UNDECIDABLE,,margin 0.029 < 0.05 vs recovered_archive1/78
154,UNMAPPED_LOCAL_SOURCE,,recovered_archive2/193,data/recovered_archive2/193/CAPorg1.jpg,0.968,recovered_archive1/39,0.0239,UNDECIDABLE,,margin 0.024 < 0.05 vs recovered_archive1/39
155,UNMAPPED_LOCAL_SOURCE,,recovered_archive2/130,data/recovered_archive2/130/CAPorg10.jpg,0.9315,recovered_archive2/199,0.009,UNDECIDABLE,,margin 0.009 < 0.05 vs recovered_archive2/199
156,UNMAPPED_LOCAL_SOURCE,,recovered_archive1/26,data/recovered_archive1/26/CAPorg15.jpg,0.9559,recovered_archive1/39,0.0012,UNDECIDABLE,,margin 0.001 < 0.05 vs recovered_archive1/39
157,UNMAPPED_LOCAL_SOURCE,,recovered_archive3/224,data/recovered_archive3/224/CAPorg11.jpg,0.9483,recovered_archive2/140,0.0022,UNDECIDABLE,,margin 0.002 < 0.05 vs recovered_archive2/140
158,UNMAPPED_LOCAL_SOURCE,,recovered_archive1/87,data/recovered_archive1/87/CAPorg1.jpg,0.9773,recovered_archive2/105,0.0473,UNDECIDABLE,,margin 0.047 < 0.05 vs recovered_archive2/105
159,UNMAPPED_LOCAL_SOURCE,,recovered_archive2/186,data/recovered_archive2/186/CAPorg6.jpg,0.9861,recovered_archive1/45,0.0391,UNDECIDABLE,,margin 0.039 < 0.05 vs recovered_archive1/45
160,UNMAPPED_LOCAL_SOURCE,,recovered_archive3/236,data/recovered_archive3/236/CAPorg1.jpg,0.7068,recovered_archive2/165,0.0002,UNDECIDABLE,,similarity 0.707 < 0.9
161,UNMAPPED_LOCAL_SOURCE,,recovered_archive2/166,data/recovered_archive2/166/CAPorg13.jpg,0.9378,recovered_archive2/177,0.0033,UNDECIDABLE,,margin 0.003 < 0.05 vs recovered_archive2/177
162,UNMAPPED_LOCAL_SOURCE,,recovered_archive3/240,data/recovered_archive3/240/CAPorg4.jpg,0.9299,recovered_archive1/26,0.0014,UNDECIDABLE,,margin 0.001 < 0.05 vs recovered_archive1/26
163,UNMAPPED_LOCAL_SOURCE,,recovered_archive2/192,data/recovered_archive2/192/CAPorg6.jpg,0.8886,recovered_archive1/78,0.0087,UNDECIDABLE,,similarity 0.889 < 0.9
164,UNMAPPED_LOCAL_SOURCE,,recovered_archive2/193,data/recovered_archive2/193/CAPorg2.jpg,0.9998,recovered_archive1/39,0.0754,MATCHED,unlisted,
165,UNMAPPED_LOCAL_SOURCE,,recovered_archive1/45,data/recovered_archive1/45/CAPorg6.jpg,0.9722,recovered_archive3/250,0.1368,MATCHED,development,
166,UNMAPPED_LOCAL_SOURCE,,recovered_archive3/220,data/recovered_archive3/220/CAPorg7.jpg,0.8393,recovered_archive1/59,0.1886,UNDECIDABLE,,similarity 0.839 < 0.9
167,UNMAPPED_LOCAL_SOURCE,,recovered_archive3/201,data/recovered_archive3/201/CAPorg7.jpg,0.8942,recovered_archive3/257,0.091,UNDECIDABLE,,similarity 0.894 < 0.9
168,UNMAPPED_LOCAL_SOURCE,,recovered_archive2/137,data/recovered_archive2/137/CAPorg3.jpg,0.9528,recovered_archive2/200,0.0001,UNDECIDABLE,,margin 0.000 < 0.05 vs recovered_archive2/200
169,UNMAPPED_LOCAL_SOURCE,,recovered_archive1/66,data/recovered_archive1/66/CAPorg10.jpg,0.868,recovered_archive3/244,0.0004,UNDECIDABLE,,similarity 0.868 < 0.9
170,UNMAPPED_LOCAL_SOURCE,,recovered_archive3/262,data/recovered_archive3/262/CAPorg2.jpg,0.9277,recovered_archive1/60,0.055,MATCHED,development,
171,EXACT_RECOVERED_DEVELOPMENT,recovered_archive1/96,recovered_archive1/96,data/recovered_archive1/96/CAPorg1.jpg,1.0,recovered_archive3/238,0.0581,MATCHED,development,
172,UNMAPPED_LOCAL_SOURCE,,recovered_archive2/193,data/recovered_archive2/193/CAPorg4.jpg,0.9953,recovered_archive2/122,0.1171,MATCHED,unlisted,
173,UNMAPPED_LOCAL_SOURCE,,recovered_archive2/193,data/recovered_archive2/193/CAPorg5.jpg,0.9999,recovered_archive3/210,0.1607,MATCHED,unlisted,
174,UNMAPPED_LOCAL_SOURCE,,recovered_archive2/193,data/recovered_archive2/193/CAPorg6.jpg,0.8653,recovered_archive1/41,0.007,UNDECIDABLE,,similarity 0.865 < 0.9
175,UNMAPPED_LOCAL_SOURCE,,recovered_archive3/266,data/recovered_archive3/266/CAPorg8.jpg,0.989,recovered_archive1/60,0.0553,MATCHED,development,
176,UNMAPPED_LOCAL_SOURCE,,recovered_archive2/193,data/recovered_archive2/193/CAPorg7.jpg,0.8246,recovered_archive3/216,0.0223,UNDECIDABLE,,similarity 0.825 < 0.9
177,UNMAPPED_LOCAL_SOURCE,,recovered_archive2/187,data/recovered_archive2/187/CAPorg3.jpg,0.7461,recovered_archive2/172,0.0559,UNDECIDABLE,,similarity 0.746 < 0.9
178,UNMAPPED_LOCAL_SOURCE,,recovered_archive3/204,data/recovered_archive3/204/CAPorg6.jpg,0.9225,recovered_archive3/251,0.0101,UNDECIDABLE,,margin 0.010 < 0.05 vs recovered_archive3/251
179,EXACT_RECOVERED_LOCKED,recovered_archive1/63,recovered_archive1/63,data/recovered_archive1/63/CAPorg7.jpg,1.0,recovered_archive2/152,0.1121,MATCHED,locked,
180,UNMAPPED_LOCAL_SOURCE,,recovered_archive1/65,data/recovered_archive1/65/CAPorg6.jpg,0.9578,recovered_archive3/203,0.0212,UNDECIDABLE,,margin 0.021 < 0.05 vs recovered_archive3/203
181,UNMAPPED_LOCAL_SOURCE,,recovered_archive2/140,data/recovered_archive2/140/CAPorg6.jpg,0.9611,recovered_archive1/66,0.0621,MATCHED,unlisted,
182,UNMAPPED_LOCAL_SOURCE,,recovered_archive1/81,data/recovered_archive1/81/CAPorg12.jpg,0.8626,recovered_archive2/105,0.0687,UNDECIDABLE,,similarity 0.863 < 0.9
183,EXACT_RECOVERED_LOCKED,recovered_archive1/98,recovered_archive1/98,data/recovered_archive1/98/CAPorg1.jpg,1.0,recovered_archive3/240,0.104,MATCHED,locked,
184,UNMAPPED_LOCAL_SOURCE,,recovered_archive1/65,data/recovered_archive1/65/CAPorg6.jpg,0.9661,recovered_archive3/203,0.0362,UNDECIDABLE,,margin 0.036 < 0.05 vs recovered_archive3/203
185,UNMAPPED_LOCAL_SOURCE,,recovered_archive1/65,data/recovered_archive1/65/CAPorg7.jpg,0.9891,recovered_archive2/155,0.053,MATCHED,unlisted,
186,UNMAPPED_LOCAL_SOURCE,,recovered_archive1/65,data/recovered_archive1/65/CAPorg8.jpg,0.9528,recovered_archive3/203,0.0114,UNDECIDABLE,,margin 0.011 < 0.05 vs recovered_archive3/203
187,UNMAPPED_LOCAL_SOURCE,,recovered_archive1/71,data/recovered_archive1/71/CAPorg1.jpg,0.9147,recovered_archive3/259,0.0621,MATCHED,development,
188,UNMAPPED_LOCAL_SOURCE,,recovered_archive1/71,data/recovered_archive1/71/CAPorg2.jpg,0.9909,recovered_archive2/158,0.0408,UNDECIDABLE,,margin 0.041 < 0.05 vs recovered_archive2/158
189,UNMAPPED_LOCAL_SOURCE,,recovered_archive1/71,data/recovered_archive1/71/CAPorg3.jpg,0.9976,recovered_archive1/61,0.0753,MATCHED,development,
190,EXACT_RECOVERED_DEVELOPMENT,recovered_archive3/262,recovered_archive3/262,data/recovered_archive3/262/CAPorg7.jpg,1.0,recovered_archive2/166,0.0693,MATCHED,development,
191,UNMAPPED_LOCAL_SOURCE,,recovered_archive1/71,data/recovered_archive1/71/CAPorg4.jpg,0.9644,recovered_archive1/78,0.0092,UNDECIDABLE,,margin 0.009 < 0.05 vs recovered_archive1/78
192,UNMAPPED_LOCAL_SOURCE,,recovered_archive1/71,data/recovered_archive1/71/CAPorg5.jpg,0.9877,recovered_archive2/192,0.0597,MATCHED,development,
193,UNMAPPED_LOCAL_SOURCE,,recovered_archive1/71,data/recovered_archive1/71/CAPorg6.jpg,0.9299,recovered_archive3/236,0.1117,MATCHED,development,
194,EXACT_RECOVERED_DEVELOPMENT,recovered_archive1/45,recovered_archive1/45,data/recovered_archive1/45/CAPorg4.jpg,1.0,recovered_archive2/166,0.0373,UNDECIDABLE,,margin 0.037 < 0.05 vs recovered_archive2/166
195,UNMAPPED_LOCAL_SOURCE,,recovered_archive1/91,data/recovered_archive1/91/CAPorg5.jpg,0.8449,recovered_archive3/258,0.0191,UNDECIDABLE,,similarity 0.845 < 0.9
196,EXACT_RECOVERED_UNLISTED,recovered_archive1/6,recovered_archive1/6,data/recovered_archive1/6/CAPorg1.jpg,1.0,recovered_archive3/244,0.0468,UNDECIDABLE,,margin 0.047 < 0.05 vs recovered_archive3/244
197,UNMAPPED_LOCAL_SOURCE,,recovered_archive2/181,data/recovered_archive2/181/CAPorg4.jpg,0.8333,recovered_archive2/172,0.0775,UNDECIDABLE,,similarity 0.833 < 0.9
198,UNMAPPED_LOCAL_SOURCE,,recovered_archive2/176,data/recovered_archive2/176/CAPorg8.jpg,0.9155,recovered_archive3/244,0.0076,UNDECIDABLE,,margin 0.008 < 0.05 vs recovered_archive3/244
199,UNMAPPED_LOCAL_SOURCE,,recovered_archive2/200,data/recovered_archive2/200/CAPorg2.jpg,0.7314,recovered_archive2/128,0.0051,UNDECIDABLE,,similarity 0.731 < 0.9
200,EXACT_RECOVERED_DEVELOPMENT,recovered_archive2/132,recovered_archive2/132,data/recovered_archive2/132/CAPorg10.jpg,1.0,recovered_archive2/196,0.094,MATCHED,development,
201,EXACT_RECOVERED_DEVELOPMENT,recovered_archive1/71,recovered_archive1/71,data/recovered_archive1/71/CAPorg7.jpg,1.0,recovered_archive3/264,0.2228,MATCHED,development,
202,UNMAPPED_LOCAL_SOURCE,,recovered_archive2/173,data/recovered_archive2/173/CAPorg4.jpg,0.8925,recovered_archive1/88,0.0072,UNDECIDABLE,,similarity 0.892 < 0.9
203,UNMAPPED_LOCAL_SOURCE,,recovered_archive2/111,data/recovered_archive2/111/CAPorg1.jpg,0.8994,recovered_archive1/39,0.0017,UNDECIDABLE,,similarity 0.899 < 0.9
204,UNMAPPED_LOCAL_SOURCE,,recovered_archive2/132,data/recovered_archive2/132/CAPorg3.jpg,0.811,recovered_archive1/66,0.0068,UNDECIDABLE,,similarity 0.811 < 0.9
205,UNMAPPED_LOCAL_SOURCE,,recovered_archive2/109,data/recovered_archive2/109/CAPorg1.jpg,0.9448,recovered_archive1/4,0.069,MATCHED,development,
206,UNMAPPED_LOCAL_SOURCE,,recovered_archive3/205,data/recovered_archive3/205/CAPorg3.jpg,0.81,recovered_archive2/102,0.0201,UNDECIDABLE,,similarity 0.810 < 0.9
207,UNMAPPED_LOCAL_SOURCE,,recovered_archive2/121,data/recovered_archive2/121/CAPorg5.jpg,1.0,recovered_archive1/54,0.051,MATCHED,unlisted,
208,UNMAPPED_LOCAL_SOURCE,,recovered_archive3/246,data/recovered_archive3/246/CAPorg3.jpg,0.9999,recovered_archive2/122,0.1087,MATCHED,development,
209,UNMAPPED_LOCAL_SOURCE,,recovered_archive2/186,data/recovered_archive2/186/CAPorg3.jpg,1.0,recovered_archive1/60,0.0654,MATCHED,unlisted,
210,UNMAPPED_LOCAL_SOURCE,,recovered_archive2/132,data/recovered_archive2/132/CAPorg13.jpg,0.8276,recovered_archive2/146,0.0073,UNDECIDABLE,,similarity 0.828 < 0.9
211,UNMAPPED_LOCAL_SOURCE,,recovered_archive2/124,data/recovered_archive2/124/CAPorg5.jpg,0.9702,recovered_archive1/83,0.0727,MATCHED,unlisted,
212,UNMAPPED_LOCAL_SOURCE,,recovered_archive3/201,data/recovered_archive3/201/CAPorg4.jpg,0.8855,recovered_archive3/257,0.1467,UNDECIDABLE,,similarity 0.886 < 0.9
213,UNMAPPED_LOCAL_SOURCE,,recovered_archive3/264,data/recovered_archive3/264/CAPorg10.jpg,0.841,recovered_archive1/80,0.0143,UNDECIDABLE,,similarity 0.841 < 0.9
214,EXACT_RECOVERED_DEVELOPMENT,recovered_archive2/136,recovered_archive2/136,data/recovered_archive2/136/CAPorg10.jpg,1.0,recovered_archive1/71,0.4807,MATCHED,development,
215,UNMAPPED_LOCAL_SOURCE,,recovered_archive2/173,data/recovered_archive2/173/CAPorg6.jpg,0.8867,recovered_archive2/102,0.0667,UNDECIDABLE,,similarity 0.887 < 0.9
216,UNMAPPED_LOCAL_SOURCE,,recovered_archive1/47,data/recovered_archive1/47/CAPorg4.jpg,1.0,recovered_archive1/84,0.1366,MATCHED,development,
217,UNMAPPED_LOCAL_SOURCE,,recovered_archive2/130,data/recovered_archive2/130/CAPorg7.jpg,0.9132,recovered_archive3/257,0.0606,MATCHED,development,
218,UNMAPPED_LOCAL_SOURCE,,recovered_archive1/90,data/recovered_archive1/90/CAPorg6.jpg,0.7931,recovered_archive2/151,0.1374,UNDECIDABLE,,similarity 0.793 < 0.9
219,UNMAPPED_LOCAL_SOURCE,,recovered_archive3/202,data/recovered_archive3/202/CAPorg1.jpg,0.8395,recovered_archive2/145,0.009,UNDECIDABLE,,similarity 0.840 < 0.9
220,UNMAPPED_LOCAL_SOURCE,,recovered_archive3/250,data/recovered_archive3/250/CAPorg10.jpg,1.0,recovered_archive2/191,0.3054,MATCHED,unlisted,
221,UNMAPPED_LOCAL_SOURCE,,recovered_archive3/250,data/recovered_archive3/250/CAPorg4.jpg,0.9999,recovered_archive2/152,0.094,MATCHED,unlisted,
222,UNMAPPED_LOCAL_SOURCE,,recovered_archive3/250,data/recovered_archive3/250/CAPorg5.jpg,1.0,recovered_archive2/148,0.1122,MATCHED,unlisted,
223,UNMAPPED_LOCAL_SOURCE,,recovered_archive3/250,data/recovered_archive3/250/CAPorg7.jpg,0.9999,recovered_archive3/266,0.0761,MATCHED,unlisted,
224,EXACT_RECOVERED_DEVELOPMENT,recovered_archive2/123,recovered_archive2/123,data/recovered_archive2/123/CAPorg7.jpg,1.0,recovered_archive3/231,0.0977,MATCHED,development,
225,UNMAPPED_LOCAL_SOURCE,,recovered_archive3/250,data/recovered_archive3/250/CAPorg8.jpg,1.0,recovered_archive3/266,0.065,MATCHED,unlisted,
226,UNMAPPED_LOCAL_SOURCE,,recovered_archive1/49,data/recovered_archive1/49/CAPorg8.jpg,0.7387,recovered_archive3/244,0.0309,UNDECIDABLE,,similarity 0.739 < 0.9
227,UNMAPPED_LOCAL_SOURCE,,recovered_archive3/250,data/recovered_archive3/250/CAPorg9.jpg,1.0,recovered_archive1/91,0.1403,MATCHED,unlisted,
228,UNMAPPED_LOCAL_SOURCE,,recovered_archive3/206,data/recovered_archive3/206/CAPorg6.jpg,1.0,recovered_archive2/199,0.0548,MATCHED,development,
229,UNMAPPED_LOCAL_SOURCE,,recovered_archive1/77,data/recovered_archive1/77/CAPorg4.jpg,1.0,recovered_archive2/157,0.0983,MATCHED,locked,
230,UNMAPPED_LOCAL_SOURCE,,recovered_archive1/23,data/recovered_archive1/23/CAPorg3.jpg,1.0,recovered_archive2/166,0.0532,MATCHED,unlisted,
231,UNMAPPED_LOCAL_SOURCE,,recovered_archive2/141,data/recovered_archive2/141/CAPorg3.jpg,1.0,recovered_archive1/66,0.0801,MATCHED,unlisted,
232,UNMAPPED_LOCAL_SOURCE,,recovered_archive3/257,data/recovered_archive3/257/CAPorg1.jpg,1.0,recovered_archive2/107,0.0459,UNDECIDABLE,,margin 0.046 < 0.05 vs recovered_archive2/107
233,UNMAPPED_LOCAL_SOURCE,,recovered_archive1/24,data/recovered_archive1/24/CAPorg3.jpg,1.0,recovered_archive2/152,0.0592,MATCHED,unlisted,
234,UNMAPPED_LOCAL_SOURCE,,recovered_archive3/257,data/recovered_archive3/257/CAPorg10.jpg,1.0,recovered_archive3/256,0.1236,MATCHED,unlisted,
235,UNMAPPED_LOCAL_SOURCE,,recovered_archive1/55,data/recovered_archive1/55/CAPorg7.jpg,1.0,recovered_archive1/78,0.2386,MATCHED,locked,
236,UNMAPPED_LOCAL_SOURCE,,recovered_archive3/257,data/recovered_archive3/257/CAPorg12.jpg,1.0,recovered_archive2/130,0.1257,MATCHED,unlisted,
237,UNMAPPED_LOCAL_SOURCE,,recovered_archive3/257,data/recovered_archive3/257/CAPorg13.jpg,1.0,recovered_archive1/59,0.1385,MATCHED,unlisted,
238,EXACT_RECOVERED_LOCKED,recovered_archive2/177,recovered_archive2/177,data/recovered_archive2/177/CAPorg2.jpg,1.0,recovered_archive2/186,0.0412,UNDECIDABLE,,margin 0.041 < 0.05 vs recovered_archive2/186
239,UNMAPPED_LOCAL_SOURCE,,recovered_archive3/257,data/recovered_archive3/257/CAPorg15.jpg,1.0,recovered_archive2/132,0.1224,MATCHED,unlisted,
240,UNMAPPED_LOCAL_SOURCE,,recovered_archive3/257,data/recovered_archive3/257/CAPorg16.jpg,0.8151,recovered_archive1/88,0.0306,UNDECIDABLE,,similarity 0.815 < 0.9
241,UNMAPPED_LOCAL_SOURCE,,recovered_archive3/257,data/recovered_archive3/257/CAPorg17.jpg,1.0,recovered_archive1/60,0.1216,MATCHED,unlisted,
242,UNMAPPED_LOCAL_SOURCE,,recovered_archive3/257,data/recovered_archive3/257/CAPorg2.jpg,1.0,recovered_archive2/107,0.0426,UNDECIDABLE,,margin 0.043 < 0.05 vs recovered_archive2/107
243,UNMAPPED_LOCAL_SOURCE,,recovered_archive1/60,data/recovered_archive1/60/CAPorg4.jpg,1.0,recovered_archive3/266,0.057,MATCHED,development,
244,UNMAPPED_LOCAL_SOURCE,,recovered_archive2/118,data/recovered_archive2/118/CAPorg10.jpg,0.9032,recovered_archive2/176,0.0035,UNDECIDABLE,,margin 0.003 < 0.05 vs recovered_archive2/176
245,UNMAPPED_LOCAL_SOURCE,,recovered_archive2/118,data/recovered_archive2/118/CAPorg11.jpg,0.9291,recovered_archive1/39,0.0027,UNDECIDABLE,,margin 0.003 < 0.05 vs recovered_archive1/39
246,UNMAPPED_LOCAL_SOURCE,,recovered_archive3/258,data/recovered_archive3/258/CAPorg8.jpg,0.7255,recovered_archive2/190,0.0238,UNDECIDABLE,,similarity 0.725 < 0.9
247,UNMAPPED_LOCAL_SOURCE,,recovered_archive2/157,data/recovered_archive2/157/CAPorg7.jpg,0.9171,recovered_archive3/239,0.0128,UNDECIDABLE,,margin 0.013 < 0.05 vs recovered_archive3/239
248,UNMAPPED_LOCAL_SOURCE,,recovered_archive1/72,data/recovered_archive1/72/CAPorg6.jpg,0.9776,recovered_archive2/177,0.027,UNDECIDABLE,,margin 0.027 < 0.05 vs recovered_archive2/177
249,EXACT_RECOVERED_DEVELOPMENT,recovered_archive1/72,recovered_archive1/72,data/recovered_archive1/72/CAPorg7.jpg,1.0,recovered_archive2/157,0.0814,MATCHED,development,
250,EXACT_RECOVERED_DEVELOPMENT,recovered_archive2/168,recovered_archive2/168,data/recovered_archive2/168/CAPorg5.jpg,1.0,recovered_archive3/256,0.0892,MATCHED,development,
251,EXACT_RECOVERED_DEVELOPMENT,recovered_archive2/132,recovered_archive2/132,data/recovered_archive2/132/CAPorg12.jpg,1.0,recovered_archive2/162,0.0692,MATCHED,development,
252,EXACT_RECOVERED_DEVELOPMENT,recovered_archive1/72,recovered_archive1/72,data/recovered_archive1/72/CAPorg8.jpg,1.0,recovered_archive1/6,0.1087,MATCHED,development,
253,UNMAPPED_LOCAL_SOURCE,,recovered_archive1/72,data/recovered_archive1/72/CAPorg9.jpg,0.983,recovered_archive2/118,0.0369,UNDECIDABLE,,margin 0.037 < 0.05 vs recovered_archive2/118
254,UNMAPPED_LOCAL_SOURCE,,recovered_archive1/95,data/recovered_archive1/95/CAPorg1.jpg,0.8355,recovered_archive1/65,0.1054,UNDECIDABLE,,similarity 0.835 < 0.9
255,EXACT_RECOVERED_DEVELOPMENT,recovered_archive1/95,recovered_archive1/95,data/recovered_archive1/95/CAPorg2.jpg,1.0,recovered_archive1/87,0.2225,MATCHED,development,
256,EXACT_RECOVERED_DEVELOPMENT,recovered_archive1/95,recovered_archive1/95,data/recovered_archive1/95/CAPorg4.jpg,1.0,recovered_archive1/78,0.1733,MATCHED,development,
257,UNMAPPED_LOCAL_SOURCE,,recovered_archive1/55,data/recovered_archive1/55/CAPorg8.jpg,1.0,recovered_archive3/227,0.1143,MATCHED,locked,
258,EXACT_RECOVERED_DEVELOPMENT,recovered_archive1/60,recovered_archive1/60,data/recovered_archive1/60/CAPorg5.jpg,1.0,recovered_archive2/118,0.0611,MATCHED,development,
259,EXACT_RECOVERED_DEVELOPMENT,recovered_archive1/95,recovered_archive1/95,data/recovered_archive1/95/CAPorg5.jpg,1.0,recovered_archive2/174,0.1614,MATCHED,development,
260,EXACT_RECOVERED_DEVELOPMENT,recovered_archive1/95,recovered_archive1/95,data/recovered_archive1/95/CAPorg6.jpg,1.0,recovered_archive2/106,0.163,MATCHED,development,
261,EXACT_RECOVERED_DEVELOPMENT,recovered_archive1/29,recovered_archive1/29,data/recovered_archive1/29/CAPorg8.jpg,1.0,recovered_archive2/121,0.0947,MATCHED,development,
262,EXACT_RECOVERED_DEVELOPMENT,recovered_archive2/118,recovered_archive2/118,data/recovered_archive2/118/CAPorg3.jpg,1.0,recovered_archive2/176,0.07,MATCHED,development,
263,EXACT_RECOVERED_DEVELOPMENT,recovered_archive1/28,recovered_archive1/28,data/recovered_archive1/28/CAPorg3.jpg,1.0,recovered_archive3/260,0.6525,MATCHED,development,
264,EXACT_RECOVERED_DEVELOPMENT,recovered_archive1/60,recovered_archive1/60,data/recovered_archive1/60/CAPorg7.jpg,1.0,recovered_archive1/100,0.0574,MATCHED,development,
265,EXACT_RECOVERED_UNLISTED,recovered_archive1/26,recovered_archive1/26,data/recovered_archive1/26/CAPorg17.jpg,1.0,recovered_archive2/172,0.0601,MATCHED,unlisted,
266,EXACT_RECOVERED_DEVELOPMENT,recovered_archive1/60,recovered_archive1/60,data/recovered_archive1/60/CAPorg8.jpg,1.0,recovered_archive1/100,0.0558,MATCHED,development,
267,EXACT_RECOVERED_DEVELOPMENT,recovered_archive2/149,recovered_archive2/149,data/recovered_archive2/149/CAPorg6.jpg,1.0,recovered_archive3/263,0.2095,MATCHED,development,
268,UNMAPPED_LOCAL_SOURCE,,recovered_archive2/140,data/recovered_archive2/140/CAPorg2.jpg,0.9506,recovered_archive3/266,0.0109,UNDECIDABLE,,margin 0.011 < 0.05 vs recovered_archive3/266
269,EXACT_RECOVERED_DEVELOPMENT,recovered_archive3/206,recovered_archive3/206,data/recovered_archive3/206/CAPorg8.jpg,1.0,recovered_archive1/39,0.0605,MATCHED,development,
270,EXACT_RECOVERED_DEVELOPMENT,recovered_archive1/60,recovered_archive1/60,data/recovered_archive1/60/CAPorg9.jpg,1.0,recovered_archive2/116,0.0523,MATCHED,development,
271,UNMAPPED_LOCAL_SOURCE,,recovered_archive2/116,data/recovered_archive2/116/CAPorg2.jpg,0.8988,recovered_archive3/257,0.0062,UNDECIDABLE,,similarity 0.899 < 0.9
272,EXACT_RECOVERED_DEVELOPMENT,recovered_archive3/225,recovered_archive3/225,data/recovered_archive3/225/CAPorg8.jpg,1.0,recovered_archive1/66,0.0784,MATCHED,development,
273,EXACT_RECOVERED_UNLISTED,recovered_archive1/15,recovered_archive1/15,data/recovered_archive1/15/CAPorg8.jpg,1.0,recovered_archive2/126,0.0737,MATCHED,unlisted,
274,EXACT_RECOVERED_LOCKED,recovered_archive1/73,recovered_archive1/73,data/recovered_archive1/73/CAPorg6.jpg,1.0,recovered_archive1/71,0.2806,MATCHED,locked,
275,UNMAPPED_LOCAL_SOURCE,,recovered_archive3/206,data/recovered_archive3/206/CAPorg4.jpg,0.9554,recovered_archive2/200,0.013,UNDECIDABLE,,margin 0.013 < 0.05 vs recovered_archive2/200
276,UNMAPPED_LOCAL_SOURCE,,recovered_archive1/49,data/recovered_archive1/49/CAPorg2.jpg,0.8175,recovered_archive2/193,0.0516,UNDECIDABLE,,similarity 0.817 < 0.9
277,EXACT_RECOVERED_DEVELOPMENT,recovered_archive1/53,recovered_archive1/53,data/recovered_archive1/53/CAPorg3.jpg,1.0,recovered_archive2/109,0.5716,MATCHED,development,
278,EXACT_RECOVERED_DEVELOPMENT,recovered_archive3/228,recovered_archive3/228,data/recovered_archive3/228/CAPorg6.jpg,1.0,recovered_archive1/96,0.2922,MATCHED,development,
279,UNMAPPED_LOCAL_SOURCE,,recovered_archive2/189,data/recovered_archive2/189/CAPorg8.jpg,1.0,recovered_archive1/26,0.0634,MATCHED,development,
280,EXACT_RECOVERED_DEVELOPMENT,recovered_archive2/162,recovered_archive2/162,data/recovered_archive2/162/CAPorg17.jpg,1.0,recovered_archive2/157,0.1955,MATCHED,development,
281,EXACT_RECOVERED_DEVELOPMENT,recovered_archive2/168,recovered_archive2/168,data/recovered_archive2/168/CAPorg3.jpg,1.0,recovered_archive3/241,0.1615,MATCHED,development,
282,EXACT_RECOVERED_DEVELOPMENT,recovered_archive3/231,recovered_archive3/231,data/recovered_archive3/231/CAPorg9.jpg,1.0,recovered_archive2/196,0.1056,MATCHED,development,
283,EXACT_RECOVERED_DEVELOPMENT,recovered_archive3/215,recovered_archive3/215,data/recovered_archive3/215/CAPorg4.jpg,1.0,recovered_archive2/102,0.1943,MATCHED,development,
284,UNMAPPED_LOCAL_SOURCE,,recovered_archive3/235,data/recovered_archive3/235/CAPorg7.jpg,0.8451,recovered_archive1/26,0.0008,UNDECIDABLE,,similarity 0.845 < 0.9
285,EXACT_RECOVERED_DEVELOPMENT,recovered_archive2/162,recovered_archive2/162,data/recovered_archive2/162/CAPorg18.jpg,1.0,recovered_archive2/196,0.0947,MATCHED,development,
286,EXACT_RECOVERED_DEVELOPMENT,recovered_archive2/150,recovered_archive2/150,data/recovered_archive2/150/CAPorg6.jpg,1.0,recovered_archive2/149,0.0967,MATCHED,development,
287,EXACT_RECOVERED_DEVELOPMENT,recovered_archive3/204,recovered_archive3/204,data/recovered_archive3/204/CAPorg2.jpg,1.0,recovered_archive2/157,0.1267,MATCHED,development,
288,EXACT_RECOVERED_DEVELOPMENT,recovered_archive3/215,recovered_archive3/215,data/recovered_archive3/215/CAPorg6.jpg,1.0,recovered_archive2/184,0.2746,MATCHED,development,
289,EXACT_RECOVERED_DEVELOPMENT,recovered_archive1/46,recovered_archive1/46,data/recovered_archive1/46/CAPorg9.jpg,1.0,recovered_archive3/226,0.2515,MATCHED,development,
290,UNMAPPED_LOCAL_SOURCE,,recovered_archive2/157,data/recovered_archive2/157/CAPorg9.jpg,0.7682,recovered_archive3/220,0.0033,UNDECIDABLE,,similarity 0.768 < 0.9
291,EXACT_RECOVERED_DEVELOPMENT,recovered_archive1/92,recovered_archive1/92,data/recovered_archive1/92/CAPorg2.jpg,1.0,recovered_archive2/157,0.0782,MATCHED,development,
292,EXACT_RECOVERED_DEVELOPMENT,recovered_archive3/246,recovered_archive3/246,data/recovered_archive3/246/CAPorg4.jpg,1.0,recovered_archive3/253,0.3274,MATCHED,development,
293,EXACT_RECOVERED_DEVELOPMENT,recovered_archive3/266,recovered_archive3/266,data/recovered_archive3/266/CAPorg6.jpg,1.0,recovered_archive3/224,0.0587,MATCHED,development,
294,EXACT_RECOVERED_DEVELOPMENT,recovered_archive2/116,recovered_archive2/116,data/recovered_archive2/116/CAPorg2.jpg,1.0,recovered_archive3/257,0.0428,UNDECIDABLE,,margin 0.043 < 0.05 vs recovered_archive3/257
295,UNMAPPED_LOCAL_SOURCE,,recovered_archive2/181,data/recovered_archive2/181/CAPorg3.jpg,0.8446,recovered_archive3/230,0.0562,UNDECIDABLE,,similarity 0.845 < 0.9
296,UNMAPPED_LOCAL_SOURCE,,recovered_archive2/132,data/recovered_archive2/132/CAPorg9.jpg,0.9724,recovered_archive2/196,0.1582,MATCHED,development,
297,UNMAPPED_LOCAL_SOURCE,,recovered_archive2/141,data/recovered_archive2/141/CAPorg9.jpg,0.9991,recovered_archive2/152,0.2351,MATCHED,unlisted,
298,UNMAPPED_LOCAL_SOURCE,,recovered_archive2/127,data/recovered_archive2/127/CAPorg5.jpg,0.9778,recovered_archive1/84,0.0729,MATCHED,development,
299,UNMAPPED_LOCAL_SOURCE,,recovered_archive3/240,data/recovered_archive3/240/CAPorg1.jpg,0.9947,recovered_archive2/106,0.0234,UNDECIDABLE,,margin 0.023 < 0.05 vs recovered_archive2/106
300,EXACT_RECOVERED_DEVELOPMENT,recovered_archive2/109,recovered_archive2/109,data/recovered_archive2/109/CAPorg9.jpg,1.0,recovered_archive3/258,0.134,MATCHED,development,
301,UNMAPPED_LOCAL_SOURCE,,recovered_archive2/130,data/recovered_archive2/130/CAPorg9.jpg,0.9886,recovered_archive2/116,0.0643,MATCHED,development,
302,UNMAPPED_LOCAL_SOURCE,,recovered_archive1/59,data/recovered_archive1/59/CAPorg5.jpg,0.8017,recovered_archive2/184,0.0157,UNDECIDABLE,,similarity 0.802 < 0.9
303,UNMAPPED_LOCAL_SOURCE,,recovered_archive2/148,data/recovered_archive2/148/CAPorg9.jpg,0.9542,recovered_archive2/118,0.0201,UNDECIDABLE,,margin 0.020 < 0.05 vs recovered_archive2/118
304,EXACT_RECOVERED_DEVELOPMENT,recovered_archive1/47,recovered_archive1/47,data/recovered_archive1/47/CAPorg3.jpg,1.0,recovered_archive3/266,0.1932,MATCHED,development,
305,UNMAPPED_LOCAL_SOURCE,,recovered_archive2/182,data/recovered_archive2/182/CAPorg1.jpg,0.7883,recovered_archive3/225,0.039,UNDECIDABLE,,similarity 0.788 < 0.9
306,UNMAPPED_LOCAL_SOURCE,,recovered_archive2/172,data/recovered_archive2/172/CAPorg9.jpg,0.9534,recovered_archive1/33,0.0016,UNDECIDABLE,,margin 0.002 < 0.05 vs recovered_archive1/33
307,UNMAPPED_LOCAL_SOURCE,,recovered_archive1/23,data/recovered_archive1/23/CAPorg4.jpg,0.9456,recovered_archive1/39,0.0134,UNDECIDABLE,,margin 0.013 < 0.05 vs recovered_archive1/39
308,UNMAPPED_LOCAL_SOURCE,,recovered_archive3/203,data/recovered_archive3/203/CAPorg10.jpg,0.9156,recovered_archive1/26,0.0029,UNDECIDABLE,,margin 0.003 < 0.05 vs recovered_archive1/26
309,UNMAPPED_LOCAL_SOURCE,,recovered_archive2/186,data/recovered_archive2/186/CAPorg9.jpg,0.9184,recovered_archive2/149,0.0085,UNDECIDABLE,,margin 0.009 < 0.05 vs recovered_archive2/149
310,UNMAPPED_LOCAL_SOURCE,,recovered_archive1/28,data/recovered_archive1/28/CAPorg1.jpg,0.9305,recovered_archive2/198,0.044,UNDECIDABLE,,margin 0.044 < 0.05 vs recovered_archive2/198
311,UNMAPPED_LOCAL_SOURCE,,recovered_archive3/224,data/recovered_archive3/224/CAPorg6.jpg,0.8242,recovered_archive3/210,0.0181,UNDECIDABLE,,similarity 0.824 < 0.9
312,EXACT_RECOVERED_LOCKED,recovered_archive1/73,recovered_archive1/73,data/recovered_archive1/73/CAPorg8.jpg,1.0,recovered_archive2/134,0.2256,MATCHED,locked,
313,UNMAPPED_LOCAL_SOURCE,,recovered_archive2/132,data/recovered_archive2/132/CAPorg9.jpg,0.8449,recovered_archive2/196,0.0667,UNDECIDABLE,,similarity 0.845 < 0.9
314,UNMAPPED_LOCAL_SOURCE,,recovered_archive2/132,data/recovered_archive2/132/CAPorg14.jpg,0.8401,recovered_archive3/241,0.0035,UNDECIDABLE,,similarity 0.840 < 0.9
315,UNMAPPED_LOCAL_SOURCE,,recovered_archive2/183,data/recovered_archive2/183/CAPorg1.jpg,0.9098,recovered_archive2/168,0.009,UNDECIDABLE,,margin 0.009 < 0.05 vs recovered_archive2/168
316,EXACT_RECOVERED_DEVELOPMENT,recovered_archive1/92,recovered_archive1/92,data/recovered_archive1/92/CAPorg3.jpg,1.0,recovered_archive2/157,0.071,MATCHED,development,
317,UNMAPPED_LOCAL_SOURCE,,recovered_archive2/151,data/recovered_archive2/151/CAPorg3.jpg,0.7663,recovered_archive3/254,0.011,UNDECIDABLE,,similarity 0.766 < 0.9
318,EXACT_RECOVERED_DEVELOPMENT,recovered_archive3/222,recovered_archive3/222,data/recovered_archive3/222/CAPorg9.jpg,1.0,recovered_archive2/123,0.1576,MATCHED,development,
319,EXACT_RECOVERED_LOCKED,recovered_archive1/39,recovered_archive1/39,data/recovered_archive1/39/CAPorg9.jpg,1.0,recovered_archive2/157,0.0512,MATCHED,locked,
320,EXACT_RECOVERED_DEVELOPMENT,recovered_archive2/117,recovered_archive2/117,data/recovered_archive2/117/CAPorg4.jpg,1.0,recovered_archive1/70,0.192,MATCHED,development,
321,EXACT_RECOVERED_LOCKED,recovered_archive2/153,recovered_archive2/153,data/recovered_archive2/153/CAPorg6.jpg,1.0,recovered_archive2/196,0.0736,MATCHED,locked,
322,UNMAPPED_LOCAL_SOURCE,,recovered_archive2/121,data/recovered_archive2/121/CAPorg8.jpg,0.9147,recovered_archive3/227,0.0093,UNDECIDABLE,,margin 0.009 < 0.05 vs recovered_archive3/227
323,EXACT_RECOVERED_DEVELOPMENT,recovered_archive1/46,recovered_archive1/46,data/recovered_archive1/46/CAPorg6.jpg,1.0,recovered_archive1/41,0.2986,MATCHED,development,
324,UNMAPPED_LOCAL_SOURCE,,recovered_archive2/148,data/recovered_archive2/148/CAPorg2.jpg,0.8891,recovered_archive2/122,0.0004,UNDECIDABLE,,similarity 0.889 < 0.9
325,UNMAPPED_LOCAL_SOURCE,,recovered_archive2/175,data/recovered_archive2/175/CAPorg6.jpg,0.8992,recovered_archive1/26,0.0004,UNDECIDABLE,,similarity 0.899 < 0.9
326,EXACT_RECOVERED_DEVELOPMENT,recovered_archive2/176,recovered_archive2/176,data/recovered_archive2/176/CAPorg12.jpg,1.0,recovered_archive2/122,0.2044,MATCHED,development,
327,UNMAPPED_LOCAL_SOURCE,,recovered_archive2/183,data/recovered_archive2/183/CAPorg16.jpg,0.87,recovered_archive3/263,0.0216,UNDECIDABLE,,similarity 0.870 < 0.9
328,UNMAPPED_LOCAL_SOURCE,,recovered_archive2/134,data/recovered_archive2/134/CAPorg5.jpg,0.9065,recovered_archive2/102,0.0765,MATCHED,locked,
329,UNMAPPED_LOCAL_SOURCE,,recovered_archive3/208,data/recovered_archive3/208/CAPorg1.jpg,0.9038,recovered_archive1/57,0.0097,UNDECIDABLE,,margin 0.010 < 0.05 vs recovered_archive1/57
330,EXACT_RECOVERED_DEVELOPMENT,recovered_archive3/267,recovered_archive3/267,data/recovered_archive3/267/CAPorg6.jpg,1.0,recovered_archive2/186,0.0949,MATCHED,development,
331,EXACT_RECOVERED_DEVELOPMENT,recovered_archive3/222,recovered_archive3/222,data/recovered_archive3/222/CAPorg4.jpg,1.0,recovered_archive2/132,0.1147,MATCHED,development,
332,UNMAPPED_LOCAL_SOURCE,,recovered_archive3/210,data/recovered_archive3/210/CAPorg3.jpg,0.8512,recovered_archive2/200,0.0067,UNDECIDABLE,,similarity 0.851 < 0.9
333,UNMAPPED_LOCAL_SOURCE,,recovered_archive2/111,data/recovered_archive2/111/CAPorg1.jpg,0.9555,recovered_archive1/39,0.0109,UNDECIDABLE,,margin 0.011 < 0.05 vs recovered_archive1/39
334,EXACT_RECOVERED_DEVELOPMENT,recovered_archive2/150,recovered_archive2/150,data/recovered_archive2/150/CAPorg7.jpg,1.0,recovered_archive2/149,0.103,MATCHED,development,
335,UNMAPPED_LOCAL_SOURCE,,recovered_archive2/122,data/recovered_archive2/122/CAPorg7.jpg,0.863,recovered_archive1/41,0.0026,UNDECIDABLE,,similarity 0.863 < 0.9
336,EXACT_RECOVERED_DEVELOPMENT,recovered_archive2/123,recovered_archive2/123,data/recovered_archive2/123/CAPorg1.jpg,1.0,recovered_archive3/250,0.0251,UNDECIDABLE,,margin 0.025 < 0.05 vs recovered_archive3/250
337,EXACT_RECOVERED_DEVELOPMENT,recovered_archive1/100,recovered_archive1/100,data/recovered_archive1/100/CAPorg6.jpg,1.0,recovered_archive1/39,0.0953,MATCHED,development,
338,EXACT_RECOVERED_DEVELOPMENT,recovered_archive2/158,recovered_archive2/158,data/recovered_archive2/158/CAPorg10.jpg,1.0,recovered_archive2/172,0.0398,UNDECIDABLE,,margin 0.040 < 0.05 vs recovered_archive2/172
339,EXACT_RECOVERED_DEVELOPMENT,recovered_archive2/172,recovered_archive2/172,data/recovered_archive2/172/CAPorg10.jpg,1.0,recovered_archive2/158,0.0365,UNDECIDABLE,,margin 0.036 < 0.05 vs recovered_archive2/158
340,EXACT_RECOVERED_LOCKED,recovered_archive2/182,recovered_archive2/182,data/recovered_archive2/182/CAPorg6.jpg,1.0,recovered_archive3/253,0.5609,MATCHED,locked,
341,UNMAPPED_LOCAL_SOURCE,,recovered_archive2/132,data/recovered_archive2/132/CAPorg1.jpg,0.5375,recovered_archive3/241,0.001,UNDECIDABLE,,similarity 0.537 < 0.9
342,EXACT_RECOVERED_UNLISTED,recovered_archive1/87,recovered_archive1/87,data/recovered_archive1/87/CAPorg4.jpg,1.0,recovered_archive3/203,0.071,MATCHED,unlisted,
343,UNMAPPED_LOCAL_SOURCE,,recovered_archive2/187,data/recovered_archive2/187/CAPorg3.jpg,0.6907,recovered_archive1/61,0.0627,UNDECIDABLE,,similarity 0.691 < 0.9
344,UNMAPPED_LOCAL_SOURCE,,recovered_archive3/246,data/recovered_archive3/246/CAPorg4.jpg,0.6254,recovered_archive2/146,0.0193,UNDECIDABLE,,similarity 0.625 < 0.9
345,UNMAPPED_LOCAL_SOURCE,,recovered_archive2/199,data/recovered_archive2/199/CAPorg9.jpg,0.7461,recovered_archive2/118,0.0019,UNDECIDABLE,,similarity 0.746 < 0.9
346,UNMAPPED_LOCAL_SOURCE,,recovered_archive2/132,data/recovered_archive2/132/CAPorg3.jpg,0.9161,recovered_archive3/251,0.0245,UNDECIDABLE,,margin 0.025 < 0.05 vs recovered_archive3/251
347,UNMAPPED_LOCAL_SOURCE,,recovered_archive2/109,data/recovered_archive2/109/CAPorg5.jpg,0.637,recovered_archive2/151,0.1459,UNDECIDABLE,,similarity 0.637 < 0.9
348,EXACT_RECOVERED_LOCKED,recovered_archive1/39,recovered_archive1/39,data/recovered_archive1/39/CAPorg8.jpg,1.0,recovered_archive2/118,0.0615,MATCHED,locked,
349,UNMAPPED_LOCAL_SOURCE,,recovered_archive1/85,data/recovered_archive1/85/CAPorg5.jpg,0.8472,recovered_archive3/246,0.0191,UNDECIDABLE,,similarity 0.847 < 0.9
350,UNMAPPED_LOCAL_SOURCE,,recovered_archive2/168,data/recovered_archive2/168/CAPorg6.jpg,0.983,recovered_archive2/162,0.0643,MATCHED,development,
351,UNMAPPED_LOCAL_SOURCE,,recovered_archive2/136,data/recovered_archive2/136/CAPorg11.jpg,0.7625,recovered_archive3/220,0.0305,UNDECIDABLE,,similarity 0.763 < 0.9
352,EXACT_RECOVERED_DEVELOPMENT,recovered_archive1/29,recovered_archive1/29,data/recovered_archive1/29/CAPorg6.jpg,1.0,recovered_archive2/121,0.0647,MATCHED,development,
353,UNMAPPED_LOCAL_SOURCE,,recovered_archive1/39,data/recovered_archive1/39/CAPorg6.jpg,0.9328,recovered_archive2/199,0.0128,UNDECIDABLE,,margin 0.013 < 0.05 vs recovered_archive2/199
354,EXACT_RECOVERED_LOCKED,recovered_archive2/187,recovered_archive2/187,data/recovered_archive2/187/CAPorg4.jpg,1.0,recovered_archive3/236,0.4841,MATCHED,locked,
355,UNMAPPED_LOCAL_SOURCE,,recovered_archive2/141,data/recovered_archive2/141/CAPorg1.jpg,0.9873,recovered_archive2/122,0.0491,UNDECIDABLE,,margin 0.049 < 0.05 vs recovered_archive2/122
356,UNMAPPED_LOCAL_SOURCE,,recovered_archive1/23,data/recovered_archive1/23/CAPorg2.jpg,0.928,recovered_archive3/224,0.0112,UNDECIDABLE,,margin 0.011 < 0.05 vs recovered_archive3/224
357,UNMAPPED_LOCAL_SOURCE,,recovered_archive2/118,data/recovered_archive2/118/CAPorg8.jpg,0.9024,recovered_archive2/152,0.0036,UNDECIDABLE,,margin 0.004 < 0.05 vs recovered_archive2/152
358,UNMAPPED_LOCAL_SOURCE,,recovered_archive3/250,data/recovered_archive3/250/CAPorg2.jpg,0.9199,recovered_archive2/200,0.011,UNDECIDABLE,,margin 0.011 < 0.05 vs recovered_archive2/200
359,UNMAPPED_LOCAL_SOURCE,,recovered_archive3/261,data/recovered_archive3/261/CAPorg5.jpg,0.9129,recovered_archive2/183,0.0009,UNDECIDABLE,,margin 0.001 < 0.05 vs recovered_archive2/183
360,UNMAPPED_LOCAL_SOURCE,,recovered_archive1/45,data/recovered_archive1/45/CAPorg4.jpg,0.955,recovered_archive2/166,0.0046,UNDECIDABLE,,margin 0.005 < 0.05 vs recovered_archive2/166
361,UNMAPPED_LOCAL_SOURCE,,recovered_archive2/166,data/recovered_archive2/166/CAPorg14.jpg,0.9352,recovered_archive3/244,0.0057,UNDECIDABLE,,margin 0.006 < 0.05 vs recovered_archive3/244
362,UNMAPPED_LOCAL_SOURCE,,recovered_archive1/47,data/recovered_archive1/47/CAPorg2.jpg,0.5535,recovered_archive3/248,0.0161,UNDECIDABLE,,similarity 0.553 < 0.9
363,UNMAPPED_LOCAL_SOURCE,,recovered_archive2/118,data/recovered_archive2/118/CAPorg11.jpg,0.9361,recovered_archive3/244,0.0111,UNDECIDABLE,,margin 0.011 < 0.05 vs recovered_archive3/244
364,EXACT_RECOVERED_DEVELOPMENT,recovered_archive3/262,recovered_archive3/262,data/recovered_archive3/262/CAPorg3.jpg,1.0,recovered_archive2/176,0.1094,MATCHED,development,
365,UNMAPPED_LOCAL_SOURCE,,recovered_archive2/183,data/recovered_archive2/183/CAPorg9.jpg,0.7962,recovered_archive1/77,0.0047,UNDECIDABLE,,similarity 0.796 < 0.9
366,UNMAPPED_LOCAL_SOURCE,,recovered_archive2/166,data/recovered_archive2/166/CAPorg19.jpg,0.9255,recovered_archive2/177,0.01,UNDECIDABLE,,margin 0.010 < 0.05 vs recovered_archive2/177
367,UNMAPPED_LOCAL_SOURCE,,recovered_archive1/45,data/recovered_archive1/45/CAPorg4.jpg,0.9534,recovered_archive1/62,0.0014,UNDECIDABLE,,margin 0.001 < 0.05 vs recovered_archive1/62
368,UNMAPPED_LOCAL_SOURCE,,recovered_archive3/206,data/recovered_archive3/206/CAPorg3.jpg,0.9108,recovered_archive2/118,0.0142,UNDECIDABLE,,margin 0.014 < 0.05 vs recovered_archive2/118
369,UNMAPPED_LOCAL_SOURCE,,recovered_archive2/148,data/recovered_archive2/148/CAPorg12.jpg,0.9592,recovered_archive2/118,0.0336,UNDECIDABLE,,margin 0.034 < 0.05 vs recovered_archive2/118
370,UNMAPPED_LOCAL_SOURCE,,recovered_archive3/220,data/recovered_archive3/220/CAPorg6.jpg,0.7808,recovered_archive3/229,0.0046,UNDECIDABLE,,similarity 0.781 < 0.9
371,UNMAPPED_LOCAL_SOURCE,,recovered_archive3/203,data/recovered_archive3/203/CAPorg6.jpg,0.9102,recovered_archive2/189,0.0145,UNDECIDABLE,,margin 0.015 < 0.05 vs recovered_archive2/189
372,UNMAPPED_LOCAL_SOURCE,,recovered_archive2/185,data/recovered_archive2/185/CAPorg1.jpg,0.9859,recovered_archive2/116,0.0529,MATCHED,locked,
373,UNMAPPED_LOCAL_SOURCE,,recovered_archive2/130,data/recovered_archive2/130/CAPorg2.jpg,0.9148,recovered_archive2/162,0.0003,UNDECIDABLE,,margin 0.000 < 0.05 vs recovered_archive2/162
374,UNMAPPED_LOCAL_SOURCE,,recovered_archive3/266,data/recovered_archive3/266/CAPorg6.jpg,0.931,recovered_archive1/60,0.0023,UNDECIDABLE,,margin 0.002 < 0.05 vs recovered_archive1/60
375,UNMAPPED_LOCAL_SOURCE,,recovered_archive2/122,data/recovered_archive2/122/CAPorg8.jpg,0.9715,recovered_archive1/66,0.0558,MATCHED,development,
376,EXACT_RECOVERED_DEVELOPMENT,recovered_archive3/262,recovered_archive3/262,data/recovered_archive3/262/CAPorg4.jpg,1.0,recovered_archive2/166,0.0803,MATCHED,development,
377,EXACT_RECOVERED_DEVELOPMENT,recovered_archive2/122,recovered_archive2/122,data/recovered_archive2/122/CAPorg9.jpg,1.0,recovered_archive1/60,0.0642,MATCHED,development,
378,UNMAPPED_LOCAL_SOURCE,,recovered_archive1/35,data/recovered_archive1/35/CAPorg3.jpg,0.4609,recovered_archive2/187,0.0727,UNDECIDABLE,,similarity 0.461 < 0.9
379,UNMAPPED_LOCAL_SOURCE,,recovered_archive2/193,data/recovered_archive2/193/CAPorg5.jpg,0.8484,recovered_archive1/82,0.0323,UNDECIDABLE,,similarity 0.848 < 0.9
380,UNMAPPED_LOCAL_SOURCE,,recovered_archive2/192,data/recovered_archive2/192/CAPorg2.jpg,0.7803,recovered_archive1/29,0.0291,UNDECIDABLE,,similarity 0.780 < 0.9
381,UNMAPPED_LOCAL_SOURCE,,recovered_archive2/116,data/recovered_archive2/116/CAPorg3.jpg,0.9201,recovered_archive3/257,0.0073,UNDECIDABLE,,margin 0.007 < 0.05 vs recovered_archive3/257
382,UNMAPPED_LOCAL_SOURCE,,recovered_archive2/193,data/recovered_archive2/193/CAPorg6.jpg,0.7732,recovered_archive1/88,0.0174,UNDECIDABLE,,similarity 0.773 < 0.9
383,EXACT_RECOVERED_LOCKED,recovered_archive3/217,recovered_archive3/217,data/recovered_archive3/217/CAPorg4.jpg,1.0,recovered_archive2/138,0.375,MATCHED,locked,
384,UNMAPPED_LOCAL_SOURCE,,recovered_archive1/78,data/recovered_archive1/78/CAPorg10.jpg,0.6633,recovered_archive3/227,0.0039,UNDECIDABLE,,similarity 0.663 < 0.9
385,EXACT_RECOVERED_LOCKED,recovered_archive2/185,recovered_archive2/185,data/recovered_archive2/185/CAPorg4.jpg,1.0,recovered_archive2/189,0.0763,MATCHED,locked,
386,EXACT_RECOVERED_DEVELOPMENT,recovered_archive2/127,recovered_archive2/127,data/recovered_archive2/127/CAPorg6.jpg,1.0,recovered_archive1/84,0.1342,MATCHED,development,
387,EXACT_RECOVERED_DEVELOPMENT,recovered_archive2/109,recovered_archive2/109,data/recovered_archive2/109/CAPorg2.jpg,1.0,recovered_archive2/102,0.2069,MATCHED,development,
388,EXACT_RECOVERED_DEVELOPMENT,recovered_archive3/262,recovered_archive3/262,data/recovered_archive3/262/CAPorg5.jpg,1.0,recovered_archive1/94,0.0583,MATCHED,development,
389,EXACT_RECOVERED_LOCKED,recovered_archive2/182,recovered_archive2/182,data/recovered_archive2/182/CAPorg1.jpg,1.0,recovered_archive2/116,0.109,MATCHED,locked,
390,UNMAPPED_LOCAL_SOURCE,,recovered_archive2/122,data/recovered_archive2/122/CAPorg7.jpg,0.837,recovered_archive2/127,0.0079,UNDECIDABLE,,similarity 0.837 < 0.9
391,UNMAPPED_LOCAL_SOURCE,,recovered_archive3/251,data/recovered_archive3/251/CAPorg2.jpg,0.8523,recovered_archive2/188,0.2112,UNDECIDABLE,,similarity 0.852 < 0.9
392,UNMAPPED_LOCAL_SOURCE,,recovered_archive3/259,data/recovered_archive3/259/CAPorg2.jpg,0.9151,recovered_archive2/121,0.0482,UNDECIDABLE,,margin 0.048 < 0.05 vs recovered_archive2/121
393,UNMAPPED_LOCAL_SOURCE,,recovered_archive2/127,data/recovered_archive2/127/CAPorg2.jpg,0.8057,recovered_archive3/264,0.0093,UNDECIDABLE,,similarity 0.806 < 0.9
394,UNMAPPED_LOCAL_SOURCE,,recovered_archive1/62,data/recovered_archive1/62/CAPorg3.jpg,0.9417,recovered_archive3/255,0.015,UNDECIDABLE,,margin 0.015 < 0.05 vs recovered_archive3/255
395,UNMAPPED_LOCAL_SOURCE,,recovered_archive2/148,data/recovered_archive2/148/CAPorg12.jpg,0.8513,recovered_archive3/236,0.0282,UNDECIDABLE,,similarity 0.851 < 0.9
396,UNMAPPED_LOCAL_SOURCE,,recovered_archive2/109,data/recovered_archive2/109/CAPorg3.jpg,0.9862,recovered_archive2/102,0.1359,MATCHED,development,
397,UNMAPPED_LOCAL_SOURCE,,recovered_archive2/132,data/recovered_archive2/132/CAPorg12.jpg,0.8867,recovered_archive2/162,0.0145,UNDECIDABLE,,similarity 0.887 < 0.9
398,UNMAPPED_LOCAL_SOURCE,,recovered_archive1/90,data/recovered_archive1/90/CAPorg4.jpg,0.8188,recovered_archive3/205,0.0017,UNDECIDABLE,,similarity 0.819 < 0.9
399,UNMAPPED_LOCAL_SOURCE,,recovered_archive3/259,data/recovered_archive3/259/CAPorg6.jpg,0.814,recovered_archive2/151,0.0367,UNDECIDABLE,,similarity 0.814 < 0.9
400,EXACT_RECOVERED_DEVELOPMENT,recovered_archive3/262,recovered_archive3/262,data/recovered_archive3/262/CAPorg7.jpg,1.0,recovered_archive2/166,0.0693,MATCHED,development,
401,UNMAPPED_LOCAL_SOURCE,,recovered_archive2/157,data/recovered_archive2/157/CAPorg6.jpg,0.8811,recovered_archive2/118,0.0168,UNDECIDABLE,,similarity 0.881 < 0.9
402,UNMAPPED_LOCAL_SOURCE,,recovered_archive3/263,data/recovered_archive3/263/CAPorg9.jpg,0.8504,recovered_archive2/189,0.0048,UNDECIDABLE,,similarity 0.850 < 0.9
403,EXACT_RECOVERED_DEVELOPMENT,recovered_archive2/123,recovered_archive2/123,data/recovered_archive2/123/CAPorg4.jpg,1.0,recovered_archive2/200,0.0885,MATCHED,development,
404,UNMAPPED_LOCAL_SOURCE,,recovered_archive1/24,data/recovered_archive1/24/CAPorg2.jpg,0.9314,recovered_archive2/162,0.0365,UNDECIDABLE,,margin 0.036 < 0.05 vs recovered_archive2/162
405,UNMAPPED_LOCAL_SOURCE,,recovered_archive2/105,data/recovered_archive2/105/CAPorg7.jpg,0.9555,recovered_archive2/177,0.0003,UNDECIDABLE,,margin 0.000 < 0.05 vs recovered_archive2/177
406,UNMAPPED_LOCAL_SOURCE,,recovered_archive1/41,data/recovered_archive1/41/CAPorg4.jpg,0.8955,recovered_archive1/60,0.0017,UNDECIDABLE,,similarity 0.895 < 0.9
407,UNMAPPED_LOCAL_SOURCE,,recovered_archive2/102,data/recovered_archive2/102/CAPorg3.jpg,0.7579,recovered_archive1/90,0.0259,UNDECIDABLE,,similarity 0.758 < 0.9
408,EXACT_RECOVERED_DEVELOPMENT,recovered_archive3/266,recovered_archive3/266,data/recovered_archive3/266/CAPorg3.jpg,1.0,recovered_archive2/122,0.1095,MATCHED,development,
409,UNMAPPED_LOCAL_SOURCE,,recovered_archive3/244,data/recovered_archive3/244/CAPorg5.jpg,0.9278,recovered_archive1/26,0.0064,UNDECIDABLE,,margin 0.006 < 0.05 vs recovered_archive1/26
410,UNMAPPED_LOCAL_SOURCE,,recovered_archive2/120,data/recovered_archive2/120/CAPorg3.jpg,0.8363,recovered_archive2/191,0.009,UNDECIDABLE,,similarity 0.836 < 0.9
411,EXACT_RECOVERED_DEVELOPMENT,recovered_archive3/220,recovered_archive3/220,data/recovered_archive3/220/CAPorg10.jpg,1.0,recovered_archive3/246,0.1397,MATCHED,development,
412,UNMAPPED_LOCAL_SOURCE,,recovered_archive2/159,data/recovered_archive2/159/CAPorg2.jpg,0.8428,recovered_archive1/29,0.0005,UNDECIDABLE,,similarity 0.843 < 0.9
413,UNMAPPED_LOCAL_SOURCE,,recovered_archive2/102,data/recovered_archive2/102/CAPorg6.jpg,0.8069,recovered_archive3/229,0.0203,UNDECIDABLE,,similarity 0.807 < 0.9
414,UNMAPPED_LOCAL_SOURCE,,recovered_archive2/148,data/recovered_archive2/148/CAPorg2.jpg,0.87,recovered_archive2/152,0.0095,UNDECIDABLE,,similarity 0.870 < 0.9
415,UNMAPPED_LOCAL_SOURCE,,recovered_archive3/203,data/recovered_archive3/203/CAPorg4.jpg,0.8615,recovered_archive2/140,0.0119,UNDECIDABLE,,similarity 0.861 < 0.9
416,UNMAPPED_LOCAL_SOURCE,,recovered_archive1/60,data/recovered_archive1/60/CAPorg9.jpg,0.8863,recovered_archive2/152,0.0013,UNDECIDABLE,,similarity 0.886 < 0.9
417,UNMAPPED_LOCAL_SOURCE,,recovered_archive3/219,data/recovered_archive3/219/CAPorg7.jpg,0.8614,recovered_archive2/194,0.0097,UNDECIDABLE,,similarity 0.861 < 0.9
418,UNMAPPED_LOCAL_SOURCE,,,,,,,UNDECIDABLE,,undecodable: image file is truncated (66 bytes not processed)
419,UNMAPPED_LOCAL_SOURCE,,recovered_archive3/258,data/recovered_archive3/258/CAPorg4.jpg,0.8143,recovered_archive3/224,0.0013,UNDECIDABLE,,similarity 0.814 < 0.9
420,UNMAPPED_LOCAL_SOURCE,,recovered_archive1/60,data/recovered_archive1/60/CAPorg4.jpg,0.8811,recovered_archive2/141,0.0009,UNDECIDABLE,,similarity 0.881 < 0.9
421,UNMAPPED_LOCAL_SOURCE,,recovered_archive3/224,data/recovered_archive3/224/CAPorg11.jpg,0.9221,recovered_archive3/266,0.0007,UNDECIDABLE,,margin 0.001 < 0.05 vs recovered_archive3/266
422,UNMAPPED_LOCAL_SOURCE,,recovered_archive3/263,data/recovered_archive3/263/CAPorg8.jpg,0.8294,recovered_archive3/224,0.014,UNDECIDABLE,,similarity 0.829 < 0.9
423,UNMAPPED_LOCAL_SOURCE,,,,,,,UNDECIDABLE,,undecodable: image file is truncated (33 bytes not processed)
424,UNMAPPED_LOCAL_SOURCE,,recovered_archive1/6,data/recovered_archive1/6/CAPorg1.jpg,0.9131,recovered_archive2/157,0.0008,UNDECIDABLE,,margin 0.001 < 0.05 vs recovered_archive2/157
425,UNMAPPED_LOCAL_SOURCE,,recovered_archive2/152,data/recovered_archive2/152/CAPorg4.jpg,0.9052,recovered_archive2/122,0.003,UNDECIDABLE,,margin 0.003 < 0.05 vs recovered_archive2/122
426,UNMAPPED_LOCAL_SOURCE,,recovered_archive2/118,data/recovered_archive2/118/CAPorg9.jpg,0.9051,recovered_archive1/60,0.0057,UNDECIDABLE,,margin 0.006 < 0.05 vs recovered_archive1/60
427,UNMAPPED_LOCAL_SOURCE,,recovered_archive3/261,data/recovered_archive3/261/CAPorg13.jpg,0.7841,recovered_archive2/180,0.0016,UNDECIDABLE,,similarity 0.784 < 0.9
428,UNMAPPED_LOCAL_SOURCE,,recovered_archive3/249,data/recovered_archive3/249/CAPorg5.jpg,0.6658,recovered_archive3/254,0.0141,UNDECIDABLE,,similarity 0.666 < 0.9
429,UNMAPPED_LOCAL_SOURCE,,recovered_archive2/162,data/recovered_archive2/162/CAPorg6.jpg,0.8396,recovered_archive1/60,0.0019,UNDECIDABLE,,similarity 0.840 < 0.9
430,UNMAPPED_LOCAL_SOURCE,,recovered_archive3/231,data/recovered_archive3/231/CAPorg7.jpg,0.7221,recovered_archive2/122,0.0003,UNDECIDABLE,,similarity 0.722 < 0.9
431,UNMAPPED_LOCAL_SOURCE,,recovered_archive2/147,data/recovered_archive2/147/CAPorg5.jpg,0.7127,recovered_archive3/203,0.005,UNDECIDABLE,,similarity 0.713 < 0.9
432,UNMAPPED_LOCAL_SOURCE,,recovered_archive1/60,data/recovered_archive1/60/CAPorg6.jpg,0.5457,recovered_archive2/128,0.0007,UNDECIDABLE,,similarity 0.546 < 0.9
433,UNMAPPED_LOCAL_SOURCE,,recovered_archive2/143,data/recovered_archive2/143/CAPorg7.jpg,0.6353,recovered_archive3/263,0.008,UNDECIDABLE,,similarity 0.635 < 0.9
434,UNMAPPED_LOCAL_SOURCE,,recovered_archive2/122,data/recovered_archive2/122/CAPorg7.jpg,0.7553,recovered_archive1/45,0.0036,UNDECIDABLE,,similarity 0.755 < 0.9
435,UNMAPPED_LOCAL_SOURCE,,recovered_archive2/148,data/recovered_archive2/148/CAPorg9.jpg,0.7526,recovered_archive2/118,0.0007,UNDECIDABLE,,similarity 0.753 < 0.9
436,UNMAPPED_LOCAL_SOURCE,,recovered_archive1/94,data/recovered_archive1/94/CAPorg9.jpg,0.6624,recovered_archive3/205,0.0049,UNDECIDABLE,,similarity 0.662 < 0.9
437,UNMAPPED_LOCAL_SOURCE,,recovered_archive2/118,data/recovered_archive2/118/CAPorg12.jpg,0.6415,recovered_archive1/78,0.0357,UNDECIDABLE,,similarity 0.641 < 0.9
438,UNMAPPED_LOCAL_SOURCE,,recovered_archive2/168,data/recovered_archive2/168/CAPorg8.jpg,0.8166,recovered_archive3/261,0.0012,UNDECIDABLE,,similarity 0.817 < 0.9
439,UNMAPPED_LOCAL_SOURCE,,recovered_archive2/109,data/recovered_archive2/109/CAPorg2.jpg,0.7014,recovered_archive3/243,0.0377,UNDECIDABLE,,similarity 0.701 < 0.9
440,UNMAPPED_LOCAL_SOURCE,,recovered_archive2/134,data/recovered_archive2/134/CAPorg5.jpg,0.7788,recovered_archive3/248,0.0267,UNDECIDABLE,,similarity 0.779 < 0.9
441,UNMAPPED_LOCAL_SOURCE,,recovered_archive3/210,data/recovered_archive3/210/CAPorg7.jpg,0.7682,recovered_archive3/247,0.0101,UNDECIDABLE,,similarity 0.768 < 0.9
442,UNMAPPED_LOCAL_SOURCE,,recovered_archive2/132,data/recovered_archive2/132/CAPorg9.jpg,0.5742,recovered_archive2/136,0.02,UNDECIDABLE,,similarity 0.574 < 0.9
443,UNMAPPED_LOCAL_SOURCE,,recovered_archive2/169,data/recovered_archive2/169/CAPorg1.jpg,0.9511,recovered_archive3/213,0.187,MATCHED,unlisted,
444,UNMAPPED_LOCAL_SOURCE,,recovered_archive3/257,data/recovered_archive3/257/CAPorg4.jpg,0.9427,recovered_archive2/116,0.0021,UNDECIDABLE,,margin 0.002 < 0.05 vs recovered_archive2/116
445,UNMAPPED_LOCAL_SOURCE,,recovered_archive1/71,data/recovered_archive1/71/CAPorg1.jpg,0.9221,recovered_archive3/259,0.0638,MATCHED,development,
446,UNMAPPED_LOCAL_SOURCE,,recovered_archive2/132,data/recovered_archive2/132/CAPorg1.jpg,0.9864,recovered_archive2/168,0.0557,MATCHED,development,
447,UNMAPPED_LOCAL_SOURCE,,recovered_archive3/244,data/recovered_archive3/244/CAPorg2.jpg,0.9125,recovered_archive2/176,0.0002,UNDECIDABLE,,margin 0.000 < 0.05 vs recovered_archive2/176
448,UNMAPPED_LOCAL_SOURCE,,recovered_archive1/34,data/recovered_archive1/34/CAPorg1.jpg,1.0,recovered_archive3/230,0.1391,MATCHED,unlisted,
449,UNMAPPED_LOCAL_SOURCE,,recovered_archive3/237,data/recovered_archive3/237/CAPorg2.jpg,0.928,recovered_archive1/70,0.0234,UNDECIDABLE,,margin 0.023 < 0.05 vs recovered_archive1/70
450,UNMAPPED_LOCAL_SOURCE,,recovered_archive2/134,data/recovered_archive2/134/CAPorg4.jpg,0.5487,recovered_archive2/110,0.0551,UNDECIDABLE,,similarity 0.549 < 0.9
451,UNMAPPED_LOCAL_SOURCE,,recovered_archive1/82,data/recovered_archive1/82/CAPorg6.jpg,0.5448,recovered_archive3/259,0.0476,UNDECIDABLE,,similarity 0.545 < 0.9
452,UNMAPPED_LOCAL_SOURCE,,recovered_archive2/156,data/recovered_archive2/156/CAPorg1.jpg,0.9385,recovered_archive2/102,0.083,MATCHED,locked,
453,UNMAPPED_LOCAL_SOURCE,,recovered_archive3/204,data/recovered_archive3/204/CAPorg6.jpg,0.8629,recovered_archive2/166,0.0001,UNDECIDABLE,,similarity 0.863 < 0.9
454,UNMAPPED_LOCAL_SOURCE,,recovered_archive2/190,data/recovered_archive2/190/CAPorg2.jpg,0.9588,recovered_archive2/137,0.0013,UNDECIDABLE,,margin 0.001 < 0.05 vs recovered_archive2/137
455,UNMAPPED_LOCAL_SOURCE,,recovered_archive3/253,data/recovered_archive3/253/CAPorg1.jpg,0.8045,recovered_archive1/64,0.1107,UNDECIDABLE,,similarity 0.804 < 0.9
456,UNMAPPED_LOCAL_SOURCE,,recovered_archive3/219,data/recovered_archive3/219/CAPorg7.jpg,0.8463,recovered_archive2/128,0.009,UNDECIDABLE,,similarity 0.846 < 0.9
457,UNMAPPED_LOCAL_SOURCE,,recovered_archive2/130,data/recovered_archive2/130/CAPorg10.jpg,0.9802,recovered_archive2/149,0.0331,UNDECIDABLE,,margin 0.033 < 0.05 vs recovered_archive2/149
458,UNMAPPED_LOCAL_SOURCE,,recovered_archive2/132,data/recovered_archive2/132/CAPorg10.jpg,0.9928,recovered_archive2/196,0.0903,MATCHED,development,
459,UNMAPPED_LOCAL_SOURCE,,recovered_archive3/257,data/recovered_archive3/257/CAPorg3.jpg,0.9573,recovered_archive3/250,0.0066,UNDECIDABLE,,margin 0.007 < 0.05 vs recovered_archive3/250
460,UNMAPPED_LOCAL_SOURCE,,recovered_archive3/244,data/recovered_archive3/244/CAPorg4.jpg,0.9603,recovered_archive2/166,0.0108,UNDECIDABLE,,margin 0.011 < 0.05 vs recovered_archive2/166
461,UNMAPPED_LOCAL_SOURCE,,recovered_archive2/132,data/recovered_archive2/132/CAPorg11.jpg,0.9717,recovered_archive3/241,0.077,MATCHED,development,
462,UNMAPPED_LOCAL_SOURCE,,recovered_archive2/137,data/recovered_archive2/137/CAPorg3.jpg,0.9394,recovered_archive2/200,0.0,UNDECIDABLE,,margin 0.000 < 0.05 vs recovered_archive2/200
463,UNMAPPED_LOCAL_SOURCE,,recovered_archive2/132,data/recovered_archive2/132/CAPorg12.jpg,0.971,recovered_archive2/107,0.0487,UNDECIDABLE,,margin 0.049 < 0.05 vs recovered_archive2/107
464,UNMAPPED_LOCAL_SOURCE,,recovered_archive3/244,data/recovered_archive3/244/CAPorg4.jpg,0.9622,recovered_archive2/166,0.014,UNDECIDABLE,,margin 0.014 < 0.05 vs recovered_archive2/166
465,UNMAPPED_LOCAL_SOURCE,,recovered_archive3/244,data/recovered_archive3/244/CAPorg4.jpg,0.9589,recovered_archive2/166,0.0136,UNDECIDABLE,,margin 0.014 < 0.05 vs recovered_archive2/166
466,UNMAPPED_LOCAL_SOURCE,,recovered_archive1/71,data/recovered_archive1/71/CAPorg2.jpg,0.9609,recovered_archive1/56,0.0043,UNDECIDABLE,,margin 0.004 < 0.05 vs recovered_archive1/56
467,UNMAPPED_LOCAL_SOURCE,,recovered_archive3/266,data/recovered_archive3/266/CAPorg6.jpg,0.8882,recovered_archive2/148,0.0171,UNDECIDABLE,,similarity 0.888 < 0.9
468,UNMAPPED_LOCAL_SOURCE,,recovered_archive2/111,data/recovered_archive2/111/CAPorg4.jpg,0.4795,recovered_archive3/230,0.0001,UNDECIDABLE,,similarity 0.479 < 0.9
469,UNMAPPED_LOCAL_SOURCE,,recovered_archive3/242,data/recovered_archive3/242/CAPorg2.jpg,0.9813,recovered_archive3/250,0.0517,MATCHED,unlisted,
470,UNMAPPED_LOCAL_SOURCE,,recovered_archive3/262,data/recovered_archive3/262/CAPorg2.jpg,0.9543,recovered_archive1/60,0.0731,MATCHED,development,
471,UNMAPPED_LOCAL_SOURCE,,recovered_archive2/116,data/recovered_archive2/116/CAPorg2.jpg,0.9888,recovered_archive3/250,0.0318,UNDECIDABLE,,margin 0.032 < 0.05 vs recovered_archive3/250
472,UNMAPPED_LOCAL_SOURCE,,recovered_archive2/190,data/recovered_archive2/190/CAPorg2.jpg,0.9973,recovered_archive2/137,0.031,UNDECIDABLE,,margin 0.031 < 0.05 vs recovered_archive2/137
473,UNMAPPED_LOCAL_SOURCE,,recovered_archive3/202,data/recovered_archive3/202/CAPorg2.jpg,0.677,recovered_archive2/169,0.0294,UNDECIDABLE,,similarity 0.677 < 0.9
474,UNMAPPED_LOCAL_SOURCE,,recovered_archive1/80,data/recovered_archive1/80/CAPorg2.jpg,0.9246,recovered_archive2/191,0.0858,MATCHED,unlisted,
475,UNMAPPED_LOCAL_SOURCE,,recovered_archive1/63,data/recovered_archive1/63/CAPorg2.jpg,0.8267,recovered_archive1/43,0.0648,UNDECIDABLE,,similarity 0.827 < 0.9
476,UNMAPPED_LOCAL_SOURCE,,recovered_archive2/186,data/recovered_archive2/186/CAPorg7.jpg,0.8926,recovered_archive3/230,0.0057,UNDECIDABLE,,similarity 0.893 < 0.9
477,UNMAPPED_LOCAL_SOURCE,,recovered_archive2/144,data/recovered_archive2/144/CAPorg1.jpg,0.8884,recovered_archive2/141,0.0053,UNDECIDABLE,,similarity 0.888 < 0.9
478,UNMAPPED_LOCAL_SOURCE,,recovered_archive3/261,data/recovered_archive3/261/CAPorg4.jpg,0.9152,recovered_archive2/137,0.0219,UNDECIDABLE,,margin 0.022 < 0.05 vs recovered_archive2/137
479,UNMAPPED_LOCAL_SOURCE,,recovered_archive3/256,data/recovered_archive3/256/CAPorg9.jpg,0.8981,recovered_archive2/190,0.0007,UNDECIDABLE,,similarity 0.898 < 0.9
480,UNMAPPED_LOCAL_SOURCE,,recovered_archive2/137,data/recovered_archive2/137/CAPorg3.jpg,0.8169,recovered_archive3/257,0.0035,UNDECIDABLE,,similarity 0.817 < 0.9
481,UNMAPPED_LOCAL_SOURCE,,recovered_archive2/185,data/recovered_archive2/185/CAPorg5.jpg,0.7718,recovered_archive2/140,0.0046,UNDECIDABLE,,similarity 0.772 < 0.9
482,UNMAPPED_LOCAL_SOURCE,,recovered_archive1/55,data/recovered_archive1/55/CAPorg3.jpg,0.8279,recovered_archive1/82,0.0598,UNDECIDABLE,,similarity 0.828 < 0.9
483,UNMAPPED_LOCAL_SOURCE,,recovered_archive2/164,data/recovered_archive2/164/CAPorg15.jpg,0.6586,recovered_archive2/102,0.0042,UNDECIDABLE,,similarity 0.659 < 0.9
484,UNMAPPED_LOCAL_SOURCE,,recovered_archive1/66,data/recovered_archive1/66/CAPorg7.jpg,0.7888,recovered_archive2/116,0.0041,UNDECIDABLE,,similarity 0.789 < 0.9
485,UNMAPPED_LOCAL_SOURCE,,recovered_archive1/9,data/recovered_archive1/9/CAPorg1.jpg,0.8187,recovered_archive2/161,0.0074,UNDECIDABLE,,similarity 0.819 < 0.9
486,UNMAPPED_LOCAL_SOURCE,,recovered_archive1/4,data/recovered_archive1/4/CAPorg3.jpg,0.615,recovered_archive1/55,0.0328,UNDECIDABLE,,similarity 0.615 < 0.9
487,UNMAPPED_LOCAL_SOURCE,,recovered_archive2/130,data/recovered_archive2/130/CAPorg3.jpg,0.9608,recovered_archive3/258,0.0248,UNDECIDABLE,,margin 0.025 < 0.05 vs recovered_archive3/258
488,UNMAPPED_LOCAL_SOURCE,,recovered_archive3/266,data/recovered_archive3/266/CAPorg6.jpg,0.8848,recovered_archive1/60,0.0091,UNDECIDABLE,,similarity 0.885 < 0.9
489,UNMAPPED_LOCAL_SOURCE,,recovered_archive2/190,data/recovered_archive2/190/CAPorg3.jpg,0.9678,recovered_archive2/137,0.0617,MATCHED,unlisted,
490,UNMAPPED_LOCAL_SOURCE,,recovered_archive2/147,data/recovered_archive2/147/CAPorg3.jpg,0.8116,recovered_archive1/45,0.1353,UNDECIDABLE,,similarity 0.812 < 0.9
491,UNMAPPED_LOCAL_SOURCE,,recovered_archive2/153,data/recovered_archive2/153/CAPorg3.jpg,0.9434,recovered_archive1/78,0.1503,MATCHED,locked,
492,UNMAPPED_LOCAL_SOURCE,,recovered_archive1/71,data/recovered_archive1/71/CAPorg4.jpg,0.7573,recovered_archive1/61,0.0695,UNDECIDABLE,,similarity 0.757 < 0.9
493,UNMAPPED_LOCAL_SOURCE,,recovered_archive3/242,data/recovered_archive3/242/CAPorg3.jpg,0.9118,recovered_archive2/120,0.0692,MATCHED,unlisted,
494,UNMAPPED_LOCAL_SOURCE,,recovered_archive2/139,data/recovered_archive2/139/CAPorg3.jpg,0.6815,recovered_archive2/192,0.2309,UNDECIDABLE,,similarity 0.681 < 0.9
495,UNMAPPED_LOCAL_SOURCE,,recovered_archive1/66,data/recovered_archive1/66/CAPorg7.jpg,0.9098,recovered_archive2/189,0.0022,UNDECIDABLE,,margin 0.002 < 0.05 vs recovered_archive2/189
496,EXACT_RECOVERED_DEVELOPMENT,recovered_archive1/71,recovered_archive1/71,data/recovered_archive1/71/CAPorg3.jpg,1.0,recovered_archive3/207,0.0776,MATCHED,development,
497,UNMAPPED_LOCAL_SOURCE,,recovered_archive2/116,data/recovered_archive2/116/CAPorg3.jpg,0.998,recovered_archive3/257,0.0466,UNDECIDABLE,,margin 0.047 < 0.05 vs recovered_archive3/257
498,EXACT_RECOVERED_LOCKED,recovered_archive2/156,recovered_archive2/156,data/recovered_archive2/156/CAPorg3.jpg,1.0,recovered_archive2/148,0.1068,MATCHED,locked,
499,UNMAPPED_LOCAL_SOURCE,,recovered_archive2/177,data/recovered_archive2/177/CAPorg3.jpg,0.9982,recovered_archive2/166,0.0337,UNDECIDABLE,,margin 0.034 < 0.05 vs recovered_archive2/166
500,UNMAPPED_LOCAL_SOURCE,,recovered_archive2/118,data/recovered_archive2/118/CAPorg2.jpg,0.8174,recovered_archive1/31,0.0032,UNDECIDABLE,,similarity 0.817 < 0.9
501,UNMAPPED_LOCAL_SOURCE,,recovered_archive2/162,data/recovered_archive2/162/CAPorg2.jpg,0.9177,recovered_archive2/130,0.0025,UNDECIDABLE,,margin 0.002 < 0.05 vs recovered_archive2/130
502,EXACT_RECOVERED_DEVELOPMENT,recovered_archive2/189,recovered_archive2/189,data/recovered_archive2/189/CAPorg3.jpg,1.0,recovered_archive1/66,0.048,UNDECIDABLE,,margin 0.048 < 0.05 vs recovered_archive1/66
503,EXACT_RECOVERED_DEVELOPMENT,recovered_archive1/66,recovered_archive1/66,data/recovered_archive1/66/CAPorg3.jpg,1.0,recovered_archive2/149,0.2915,MATCHED,development,
504,UNMAPPED_LOCAL_SOURCE,,recovered_archive1/30,data/recovered_archive1/30/CAPorg3.jpg,0.935,recovered_archive1/60,0.0444,UNDECIDABLE,,margin 0.044 < 0.05 vs recovered_archive1/60
505,EXACT_RECOVERED_DEVELOPMENT,recovered_archive3/262,recovered_archive3/262,data/recovered_archive3/262/CAPorg3.jpg,1.0,recovered_archive2/176,0.1094,MATCHED,development,
506,UNMAPPED_LOCAL_SOURCE,,recovered_archive3/227,data/recovered_archive3/227/CAPorg3.jpg,0.4972,recovered_archive2/165,0.0281,UNDECIDABLE,,similarity 0.497 < 0.9
507,EXACT_RECOVERED_DEVELOPMENT,recovered_archive3/246,recovered_archive3/246,data/recovered_archive3/246/CAPorg3.jpg,1.0,recovered_archive2/122,0.1087,MATCHED,development,
508,UNMAPPED_LOCAL_SOURCE,,recovered_archive2/169,data/recovered_archive2/169/CAPorg3.jpg,0.8955,recovered_archive3/264,0.0244,UNDECIDABLE,,similarity 0.895 < 0.9
509,EXACT_RECOVERED_LOCKED,recovered_archive1/77,recovered_archive1/77,data/recovered_archive1/77/CAPorg3.jpg,1.0,recovered_archive2/130,0.0785,MATCHED,locked,
510,UNMAPPED_LOCAL_SOURCE,,recovered_archive2/192,data/recovered_archive2/192/CAPorg2.jpg,0.6836,recovered_archive1/29,0.0267,UNDECIDABLE,,similarity 0.684 < 0.9
511,EXACT_RECOVERED_LOCKED,recovered_archive2/156,recovered_archive2/156,data/recovered_archive2/156/CAPorg4.jpg,1.0,recovered_archive1/60,0.1178,MATCHED,locked,
512,UNMAPPED_LOCAL_SOURCE,,recovered_archive2/152,data/recovered_archive2/152/CAPorg10.jpg,0.9075,recovered_archive2/148,0.0032,UNDECIDABLE,,margin 0.003 < 0.05 vs recovered_archive2/148
513,EXACT_RECOVERED_LOCKED,recovered_archive2/153,recovered_archive2/153,data/recovered_archive2/153/CAPorg4.jpg,1.0,recovered_archive2/151,0.2857,MATCHED,locked,
514,UNMAPPED_LOCAL_SOURCE,,recovered_archive1/71,data/recovered_archive1/71/CAPorg4.jpg,0.9524,recovered_archive1/78,0.0026,UNDECIDABLE,,margin 0.003 < 0.05 vs recovered_archive1/78
515,EXACT_RECOVERED_DEVELOPMENT,recovered_archive1/100,recovered_archive1/100,data/recovered_archive1/100/CAPorg4.jpg,1.0,recovered_archive2/176,0.0396,UNDECIDABLE,,margin 0.040 < 0.05 vs recovered_archive2/176
516,UNMAPPED_LOCAL_SOURCE,,recovered_archive1/77,data/recovered_archive1/77/CAPorg4.jpg,0.9699,recovered_archive2/157,0.0731,MATCHED,locked,
517,EXACT_RECOVERED_DEVELOPMENT,recovered_archive2/130,recovered_archive2/130,data/recovered_archive2/130/CAPorg2.jpg,1.0,recovered_archive1/59,0.0652,MATCHED,development,
518,EXACT_RECOVERED_DEVELOPMENT,recovered_archive3/246,recovered_archive3/246,data/recovered_archive3/246/CAPorg4.jpg,1.0,recovered_archive3/253,0.3274,MATCHED,development,
519,EXACT_RECOVERED_DEVELOPMENT,recovered_archive2/107,recovered_archive2/107,data/recovered_archive2/107/CAPorg4.jpg,1.0,recovered_archive2/192,0.0795,MATCHED,development,
520,UNMAPPED_LOCAL_SOURCE,,recovered_archive2/166,data/recovered_archive2/166/CAPorg17.jpg,0.8792,recovered_archive1/26,0.0171,UNDECIDABLE,,similarity 0.879 < 0.9
521,UNMAPPED_LOCAL_SOURCE,,recovered_archive1/94,data/recovered_archive1/94/CAPorg10.jpg,0.9005,recovered_archive3/230,0.0116,UNDECIDABLE,,margin 0.012 < 0.05 vs recovered_archive3/230
522,EXACT_RECOVERED_LOCKED,recovered_archive1/55,recovered_archive1/55,data/recovered_archive1/55/CAPorg4.jpg,1.0,recovered_archive1/82,0.2487,MATCHED,locked,
523,EXACT_RECOVERED_DEVELOPMENT,recovered_archive1/30,recovered_archive1/30,data/recovered_archive1/30/CAPorg4.jpg,1.0,recovered_archive3/222,0.2352,MATCHED,development,
524,UNMAPPED_LOCAL_SOURCE,,recovered_archive3/224,data/recovered_archive3/224/CAPorg10.jpg,0.825,recovered_archive3/203,0.002,UNDECIDABLE,,similarity 0.825 < 0.9
525,UNMAPPED_LOCAL_SOURCE,,recovered_archive2/130,data/recovered_archive2/130/CAPorg7.jpg,0.9227,recovered_archive3/257,0.0277,UNDECIDABLE,,margin 0.028 < 0.05 vs recovered_archive3/257
526,UNMAPPED_LOCAL_SOURCE,,recovered_archive3/262,data/recovered_archive3/262/CAPorg4.jpg,0.9551,recovered_archive3/244,0.0431,UNDECIDABLE,,margin 0.043 < 0.05 vs recovered_archive3/244
527,EXACT_RECOVERED_DEVELOPMENT,recovered_archive2/123,recovered_archive2/123,data/recovered_archive2/123/CAPorg4.jpg,1.0,recovered_archive2/200,0.0885,MATCHED,development,
528,UNMAPPED_LOCAL_SOURCE,,recovered_archive2/177,data/recovered_archive2/177/CAPorg2.jpg,0.986,recovered_archive1/39,0.0297,UNDECIDABLE,,margin 0.030 < 0.05 vs recovered_archive1/39
529,UNMAPPED_LOCAL_SOURCE,,recovered_archive3/222,data/recovered_archive3/222/CAPorg1.jpg,0.8609,recovered_archive1/80,0.0131,UNDECIDABLE,,similarity 0.861 < 0.9
530,EXACT_RECOVERED_LOCKED,recovered_archive2/187,recovered_archive2/187,data/recovered_archive2/187/CAPorg4.jpg,1.0,recovered_archive3/236,0.4841,MATCHED,locked,
531,UNMAPPED_LOCAL_SOURCE,,recovered_archive3/242,data/recovered_archive3/242/CAPorg3.jpg,0.7729,recovered_archive2/191,0.0116,UNDECIDABLE,,similarity 0.773 < 0.9
532,UNMAPPED_LOCAL_SOURCE,,recovered_archive1/61,data/recovered_archive1/61/CAPorg7.jpg,0.4822,recovered_archive2/107,0.0004,UNDECIDABLE,,similarity 0.482 < 0.9
533,UNMAPPED_LOCAL_SOURCE,,recovered_archive2/152,data/recovered_archive2/152/CAPorg4.jpg,0.7819,recovered_archive1/45,0.0025,UNDECIDABLE,,similarity 0.782 < 0.9
534,UNMAPPED_LOCAL_SOURCE,,recovered_archive2/200,data/recovered_archive2/200/CAPorg7.jpg,0.7391,recovered_archive2/169,0.0062,UNDECIDABLE,,similarity 0.739 < 0.9
535,EXACT_RECOVERED_DEVELOPMENT,recovered_archive2/189,recovered_archive2/189,data/recovered_archive2/189/CAPorg4.jpg,1.0,recovered_archive2/186,0.0558,MATCHED,development,
536,UNMAPPED_LOCAL_SOURCE,,recovered_archive2/199,data/recovered_archive2/199/CAPorg9.jpg,0.7097,recovered_archive1/35,0.0039,UNDECIDABLE,,similarity 0.710 < 0.9
537,UNMAPPED_LOCAL_SOURCE,,recovered_archive1/31,data/recovered_archive1/31/CAPorg3.jpg,0.629,recovered_archive2/102,0.0055,UNDECIDABLE,,similarity 0.629 < 0.9
538,UNMAPPED_LOCAL_SOURCE,,recovered_archive1/59,data/recovered_archive1/59/CAPorg5.jpg,0.5921,recovered_archive2/102,0.0137,UNDECIDABLE,,similarity 0.592 < 0.9
539,UNMAPPED_LOCAL_SOURCE,,recovered_archive1/78,data/recovered_archive1/78/CAPorg6.jpg,0.6832,recovered_archive1/71,0.003,UNDECIDABLE,,similarity 0.683 < 0.9
540,UNMAPPED_LOCAL_SOURCE,,recovered_archive2/148,data/recovered_archive2/148/CAPorg12.jpg,0.8401,recovered_archive3/236,0.0076,UNDECIDABLE,,similarity 0.840 < 0.9
541,UNMAPPED_LOCAL_SOURCE,,recovered_archive2/180,data/recovered_archive2/180/CAPorg1.jpg,0.7978,recovered_archive3/264,0.0065,UNDECIDABLE,,similarity 0.798 < 0.9
542,UNMAPPED_LOCAL_SOURCE,,recovered_archive2/134,data/recovered_archive2/134/CAPorg5.jpg,0.9136,recovered_archive2/102,0.082,MATCHED,locked,
543,EXACT_RECOVERED_DEVELOPMENT,recovered_archive3/262,recovered_archive3/262,data/recovered_archive3/262/CAPorg5.jpg,1.0,recovered_archive1/94,0.0583,MATCHED,development,
544,UNMAPPED_LOCAL_SOURCE,,recovered_archive2/116,data/recovered_archive2/116/CAPorg2.jpg,0.9546,recovered_archive2/132,0.0076,UNDECIDABLE,,margin 0.008 < 0.05 vs recovered_archive2/132
545,UNMAPPED_LOCAL_SOURCE,,recovered_archive3/242,data/recovered_archive3/242/CAPorg5.jpg,0.955,recovered_archive1/50,0.0242,UNDECIDABLE,,margin 0.024 < 0.05 vs recovered_archive1/50
546,UNMAPPED_LOCAL_SOURCE,,recovered_archive2/197,data/recovered_archive2/197/CAPorg5.jpg,0.9659,recovered_archive2/121,0.2793,MATCHED,unlisted,
547,UNMAPPED_LOCAL_SOURCE,,recovered_archive2/169,data/recovered_archive2/169/CAPorg5.jpg,0.995,recovered_archive3/250,0.0628,MATCHED,unlisted,
548,EXACT_RECOVERED_LOCKED,recovered_archive1/77,recovered_archive1/77,data/recovered_archive1/77/CAPorg5.jpg,1.0,recovered_archive1/26,0.1026,MATCHED,locked,
549,UNMAPPED_LOCAL_SOURCE,,recovered_archive2/116,data/recovered_archive2/116/CAPorg5.jpg,0.9503,recovered_archive3/261,0.0071,UNDECIDABLE,,margin 0.007 < 0.05 vs recovered_archive3/261
550,UNMAPPED_LOCAL_SOURCE,,recovered_archive1/100,data/recovered_archive1/100/CAPorg4.jpg,0.8537,recovered_archive2/177,0.0034,UNDECIDABLE,,similarity 0.854 < 0.9
551,EXACT_RECOVERED_LOCKED,recovered_archive1/88,recovered_archive1/88,data/recovered_archive1/88/CAPorg5.jpg,1.0,recovered_archive2/136,0.0925,MATCHED,locked,
552,UNMAPPED_LOCAL_SOURCE,,recovered_archive2/139,data/recovered_archive2/139/CAPorg5.jpg,0.7435,recovered_archive1/84,0.2008,UNDECIDABLE,,similarity 0.743 < 0.9
553,UNMAPPED_LOCAL_SOURCE,,recovered_archive1/80,data/recovered_archive1/80/CAPorg5.jpg,0.8718,recovered_archive3/222,0.0111,UNDECIDABLE,,similarity 0.872 < 0.9
554,UNMAPPED_LOCAL_SOURCE,,recovered_archive1/30,data/recovered_archive1/30/CAPorg5.jpg,0.9328,recovered_archive3/256,0.0799,MATCHED,development,
555,UNMAPPED_LOCAL_SOURCE,,recovered_archive1/81,data/recovered_archive1/81/CAPorg5.jpg,0.5883,recovered_archive1/35,0.0144,UNDECIDABLE,,similarity 0.588 < 0.9
556,EXACT_RECOVERED_LOCKED,recovered_archive1/63,recovered_archive1/63,data/recovered_archive1/63/CAPorg5.jpg,1.0,recovered_archive2/120,0.1785,MATCHED,locked,
557,EXACT_RECOVERED_DEVELOPMENT,recovered_archive2/189,recovered_archive2/189,data/recovered_archive2/189/CAPorg5.jpg,1.0,recovered_archive1/26,0.0846,MATCHED,development,
558,UNMAPPED_LOCAL_SOURCE,,recovered_archive3/267,data/recovered_archive3/267/CAPorg5.jpg,0.9057,recovered_archive2/149,0.0174,UNDECIDABLE,,margin 0.017 < 0.05 vs recovered_archive2/149
559,UNMAPPED_LOCAL_SOURCE,,recovered_archive1/55,data/recovered_archive1/55/CAPorg5.jpg,0.9837,recovered_archive3/227,0.0704,MATCHED,locked,
560,UNMAPPED_LOCAL_SOURCE,,recovered_archive1/71,data/recovered_archive1/71/CAPorg5.jpg,0.979,recovered_archive2/192,0.0473,UNDECIDABLE,,margin 0.047 < 0.05 vs recovered_archive2/192
561,EXACT_RECOVERED_DEVELOPMENT,recovered_archive1/100,recovered_archive1/100,data/recovered_archive1/100/CAPorg3.jpg,1.0,recovered_archive2/149,0.0676,MATCHED,development,
562,UNMAPPED_LOCAL_SOURCE,,recovered_archive2/153,data/recovered_archive2/153/CAPorg5.jpg,0.9683,recovered_archive2/184,0.207,MATCHED,locked,
563,UNMAPPED_LOCAL_SOURCE,,recovered_archive3/219,data/recovered_archive3/219/CAPorg10.jpg,0.8798,recovered_archive3/261,0.0286,UNDECIDABLE,,similarity 0.880 < 0.9
564,UNMAPPED_LOCAL_SOURCE,,recovered_archive3/236,data/recovered_archive3/236/CAPorg5.jpg,1.0,recovered_archive1/91,0.325,MATCHED,unlisted,
565,UNMAPPED_LOCAL_SOURCE,,recovered_archive1/59,data/recovered_archive1/59/CAPorg4.jpg,0.872,recovered_archive2/156,0.0012,UNDECIDABLE,,similarity 0.872 < 0.9
566,UNMAPPED_LOCAL_SOURCE,,recovered_archive3/203,data/recovered_archive3/203/CAPorg3.jpg,0.7587,recovered_archive3/244,0.0209,UNDECIDABLE,,similarity 0.759 < 0.9
567,UNMAPPED_LOCAL_SOURCE,,recovered_archive2/147,data/recovered_archive2/147/CAPorg5.jpg,0.8655,recovered_archive3/258,0.0098,UNDECIDABLE,,similarity 0.865 < 0.9
568,UNMAPPED_LOCAL_SOURCE,,recovered_archive3/246,data/recovered_archive3/246/CAPorg5.jpg,0.9672,recovered_archive3/220,0.1016,MATCHED,development,
569,UNMAPPED_LOCAL_SOURCE,,recovered_archive1/66,data/recovered_archive1/66/CAPorg5.jpg,0.948,recovered_archive1/100,0.0256,UNDECIDABLE,,margin 0.026 < 0.05 vs recovered_archive1/100
570,UNMAPPED_LOCAL_SOURCE,,recovered_archive3/253,data/recovered_archive3/253/CAPorg5.jpg,0.9811,recovered_archive1/45,0.1283,MATCHED,unlisted,
571,UNMAPPED_LOCAL_SOURCE,,recovered_archive3/220,data/recovered_archive3/220/CAPorg8.jpg,0.5339,recovered_archive1/82,0.0525,UNDECIDABLE,,similarity 0.534 < 0.9
572,UNMAPPED_LOCAL_SOURCE,,recovered_archive1/88,data/recovered_archive1/88/CAPorg2.jpg,0.8073,recovered_archive1/80,0.0193,UNDECIDABLE,,similarity 0.807 < 0.9
573,UNMAPPED_LOCAL_SOURCE,,recovered_archive1/60,data/recovered_archive1/60/CAPorg6.jpg,0.9136,recovered_archive2/189,0.0104,UNDECIDABLE,,margin 0.010 < 0.05 vs recovered_archive2/189
574,UNMAPPED_LOCAL_SOURCE,,recovered_archive2/192,data/recovered_archive2/192/CAPorg2.jpg,0.799,recovered_archive1/33,0.0126,UNDECIDABLE,,similarity 0.799 < 0.9
575,UNMAPPED_LOCAL_SOURCE,,recovered_archive3/250,data/recovered_archive3/250/CAPorg3.jpg,0.8677,recovered_archive2/116,0.0027,UNDECIDABLE,,similarity 0.868 < 0.9
576,UNMAPPED_LOCAL_SOURCE,,recovered_archive1/66,data/recovered_archive1/66/CAPorg7.jpg,0.9456,recovered_archive2/189,0.0036,UNDECIDABLE,,margin 0.004 < 0.05 vs recovered_archive2/189
577,EXACT_RECOVERED_LOCKED,recovered_archive1/55,recovered_archive1/55,data/recovered_archive1/55/CAPorg6.jpg,1.0,recovered_archive2/159,0.098,MATCHED,locked,
578,EXACT_RECOVERED_DEVELOPMENT,recovered_archive2/123,recovered_archive2/123,data/recovered_archive2/123/CAPorg6.jpg,1.0,recovered_archive3/250,0.1846,MATCHED,development,
579,UNMAPPED_LOCAL_SOURCE,,recovered_archive3/244,data/recovered_archive3/244/CAPorg10.jpg,0.9265,recovered_archive2/166,0.0095,UNDECIDABLE,,margin 0.009 < 0.05 vs recovered_archive2/166
580,UNMAPPED_LOCAL_SOURCE,,recovered_archive1/63,data/recovered_archive1/63/CAPorg6.jpg,0.9475,recovered_archive2/140,0.1159,MATCHED,locked,
581,UNMAPPED_LOCAL_SOURCE,,recovered_archive2/185,data/recovered_archive2/185/CAPorg1.jpg,0.8548,recovered_archive1/76,0.0047,UNDECIDABLE,,similarity 0.855 < 0.9
582,EXACT_RECOVERED_DEVELOPMENT,recovered_archive2/189,recovered_archive2/189,data/recovered_archive2/189/CAPorg6.jpg,1.0,recovered_archive3/244,0.0862,MATCHED,development,
