asset_id,image_path,label_path,class_map,status,gates
24,E:\甲劈微循环\artifacts\derived\vascular_dataset_governance_20260830\train_ready\detection\images\24.jpg,E:\甲劈微循环\artifacts\derived\vascular_dataset_governance_20260830\train_ready\detection\labels\24.txt,vessel=0;malformed_vessel=1;cross_vessel=2,PASS_AUXILIARY_CONDITIONAL,no locked; no duplicate XML conflict; derived XML metadata; case-level split; human semantic QC pending
47,E:\甲劈微循环\artifacts\derived\vascular_dataset_governance_20260830\train_ready\detection\images\47.jpg,E:\甲劈微循环\artifacts\derived\vascular_dataset_governance_20260830\train_ready\detection\labels\47.txt,vessel=0;malformed_vessel=1;cross_vessel=2,PASS_AUXILIARY_CONDITIONAL,no locked; no duplicate XML conflict; derived XML metadata; case-level split; human semantic QC pending
49,E:\甲劈微循环\artifacts\derived\vascular_dataset_governance_20260830\train_ready\detection\images\49.jpg,E:\甲劈微循环\artifacts\derived\vascular_dataset_governance_20260830\train_ready\detection\labels\49.txt,vessel=0;malformed_vessel=1;cross_vessel=2,PASS_AUXILIARY_CONDITIONAL,no locked; no duplicate XML conflict; derived XML metadata; case-level split; human semantic QC pending
54,E:\甲劈微循环\artifacts\derived\vascular_dataset_governance_20260830\train_ready\detection\images\54.jpg,E:\甲劈微循环\artifacts\derived\vascular_dataset_governance_20260830\train_ready\detection\labels\54.txt,vessel=0;malformed_vessel=1;cross_vessel=2,PASS_AUXILIARY_CONDITIONAL,no locked; no duplicate XML conflict; derived XML metadata; case-level split; human semantic QC pending
57,E:\甲劈微循环\artifacts\derived\vascular_dataset_governance_20260830\train_ready\detection\images\57.jpg,E:\甲劈微循环\artifacts\derived\vascular_dataset_governance_20260830\train_ready\detection\labels\57.txt,vessel=0;malformed_vessel=1;cross_vessel=2,PASS_AUXILIARY_CONDITIONAL,no locked; no duplicate XML conflict; derived XML metadata; case-level split; human semantic QC pending
68,E:\甲劈微循环\artifacts\derived\vascular_dataset_governance_20260830\train_ready\detection\images\68.jpg,E:\甲劈微循环\artifacts\derived\vascular_dataset_governance_20260830\train_ready\detection\labels\68.txt,vessel=0;malformed_vessel=1;cross_vessel=2,PASS_AUXILIARY_CONDITIONAL,no locked; no duplicate XML conflict; derived XML metadata; case-level split; human semantic QC pending
85,E:\甲劈微循环\artifacts\derived\vascular_dataset_governance_20260830\train_ready\detection\images\85.jpg,E:\甲劈微循环\artifacts\derived\vascular_dataset_governance_20260830\train_ready\detection\labels\85.txt,vessel=0;malformed_vessel=1;cross_vessel=2,PASS_AUXILIARY_CONDITIONAL,no locked; no duplicate XML conflict; derived XML metadata; case-level split; human semantic QC pending
86,E:\甲劈微循环\artifacts\derived\vascular_dataset_governance_20260830\train_ready\detection\images\86.jpg,E:\甲劈微循环\artifacts\derived\vascular_dataset_governance_20260830\train_ready\detection\labels\86.txt,vessel=0;malformed_vessel=1;cross_vessel=2,PASS_AUXILIARY_CONDITIONAL,no locked; no duplicate XML conflict; derived XML metadata; case-level split; human semantic QC pending
87,E:\甲劈微循环\artifacts\derived\vascular_dataset_governance_20260830\train_ready\detection\images\87.jpg,E:\甲劈微循环\artifacts\derived\vascular_dataset_governance_20260830\train_ready\detection\labels\87.txt,vessel=0;malformed_vessel=1;cross_vessel=2,PASS_AUXILIARY_CONDITIONAL,no locked; no duplicate XML conflict; derived XML metadata; case-level split; human semantic QC pending
88,E:\甲劈微循环\artifacts\derived\vascular_dataset_governance_20260830\train_ready\detection\images\88.jpg,E:\甲劈微循环\artifacts\derived\vascular_dataset_governance_20260830\train_ready\detection\labels\88.txt,vessel=0;malformed_vessel=1;cross_vessel=2,PASS_AUXILIARY_CONDITIONAL,no locked; no duplicate XML conflict; derived XML metadata; case-level split; human semantic QC pending
113,E:\甲劈微循环\artifacts\derived\vascular_dataset_governance_20260830\train_ready\detection\images\113.jpg,E:\甲劈微循环\artifacts\derived\vascular_dataset_governance_20260830\train_ready\detection\labels\113.txt,vessel=0;malformed_vessel=1;cross_vessel=2,PASS_AUXILIARY_CONDITIONAL,no locked; no duplicate XML conflict; derived XML metadata; case-level split; human semantic QC pending
121,E:\甲劈微循环\artifacts\derived\vascular_dataset_governance_20260830\train_ready\detection\images\121.jpg,E:\甲劈微循环\artifacts\derived\vascular_dataset_governance_20260830\train_ready\detection\labels\121.txt,vessel=0;malformed_vessel=1;cross_vessel=2,PASS_AUXILIARY_CONDITIONAL,no locked; no duplicate XML conflict; derived XML metadata; case-level split; human semantic QC pending
124,E:\甲劈微循环\artifacts\derived\vascular_dataset_governance_20260830\train_ready\detection\images\124.jpg,E:\甲劈微循环\artifacts\derived\vascular_dataset_governance_20260830\train_ready\detection\labels\124.txt,vessel=0;malformed_vessel=1;cross_vessel=2,PASS_AUXILIARY_CONDITIONAL,no locked; no duplicate XML conflict; derived XML metadata; case-level split; human semantic QC pending
145,E:\甲劈微循环\artifacts\derived\vascular_dataset_governance_20260830\train_ready\detection\images\145.jpg,E:\甲劈微循环\artifacts\derived\vascular_dataset_governance_20260830\train_ready\detection\labels\145.txt,vessel=0;malformed_vessel=1;cross_vessel=2,PASS_AUXILIARY_CONDITIONAL,no locked; no duplicate XML conflict; derived XML metadata; case-level split; human semantic QC pending
171,E:\甲劈微循环\artifacts\derived\vascular_dataset_governance_20260830\train_ready\detection\images\171.jpg,E:\甲劈微循环\artifacts\derived\vascular_dataset_governance_20260830\train_ready\detection\labels\171.txt,vessel=0;malformed_vessel=1;cross_vessel=2,PASS_AUXILIARY_CONDITIONAL,no locked; no duplicate XML conflict; derived XML metadata; case-level split; human semantic QC pending
190,E:\甲劈微循环\artifacts\derived\vascular_dataset_governance_20260830\train_ready\detection\images\190.jpg,E:\甲劈微循环\artifacts\derived\vascular_dataset_governance_20260830\train_ready\detection\labels\190.txt,vessel=0;malformed_vessel=1;cross_vessel=2,PASS_AUXILIARY_CONDITIONAL,no locked; no duplicate XML conflict; derived XML metadata; case-level split; human semantic QC pending
194,E:\甲劈微循环\artifacts\derived\vascular_dataset_governance_20260830\train_ready\detection\images\194.jpg,E:\甲劈微循环\artifacts\derived\vascular_dataset_governance_20260830\train_ready\detection\labels\194.txt,vessel=0;malformed_vessel=1;cross_vessel=2,PASS_AUXILIARY_CONDITIONAL,no locked; no duplicate XML conflict; derived XML metadata; case-level split; human semantic QC pending
200,E:\甲劈微循环\artifacts\derived\vascular_dataset_governance_20260830\train_ready\detection\images\200.jpg,E:\甲劈微循环\artifacts\derived\vascular_dataset_governance_20260830\train_ready\detection\labels\200.txt,vessel=0;malformed_vessel=1;cross_vessel=2,PASS_AUXILIARY_CONDITIONAL,no locked; no duplicate XML conflict; derived XML metadata; case-level split; human semantic QC pending
201,E:\甲劈微循环\artifacts\derived\vascular_dataset_governance_20260830\train_ready\detection\images\201.jpg,E:\甲劈微循环\artifacts\derived\vascular_dataset_governance_20260830\train_ready\detection\labels\201.txt,vessel=0;malformed_vessel=1;cross_vessel=2,PASS_AUXILIARY_CONDITIONAL,no locked; no duplicate XML conflict; derived XML metadata; case-level split; human semantic QC pending
214,E:\甲劈微循环\artifacts\derived\vascular_dataset_governance_20260830\train_ready\detection\images\214.jpg,E:\甲劈微循环\artifacts\derived\vascular_dataset_governance_20260830\train_ready\detection\labels\214.txt,vessel=0;malformed_vessel=1;cross_vessel=2,PASS_AUXILIARY_CONDITIONAL,no locked; no duplicate XML conflict; derived XML metadata; case-level split; human semantic QC pending
224,E:\甲劈微循环\artifacts\derived\vascular_dataset_governance_20260830\train_ready\detection\images\224.jpg,E:\甲劈微循环\artifacts\derived\vascular_dataset_governance_20260830\train_ready\detection\labels\224.txt,vessel=0;malformed_vessel=1;cross_vessel=2,PASS_AUXILIARY_CONDITIONAL,no locked; no duplicate XML conflict; derived XML metadata; case-level split; human semantic QC pending
249,E:\甲劈微循环\artifacts\derived\vascular_dataset_governance_20260830\train_ready\detection\images\249.jpg,E:\甲劈微循环\artifacts\derived\vascular_dataset_governance_20260830\train_ready\detection\labels\249.txt,vessel=0;malformed_vessel=1;cross_vessel=2,PASS_AUXILIARY_CONDITIONAL,no locked; no duplicate XML conflict; derived XML metadata; case-level split; human semantic QC pending
250,E:\甲劈微循环\artifacts\derived\vascular_dataset_governance_20260830\train_ready\detection\images\250.jpg,E:\甲劈微循环\artifacts\derived\vascular_dataset_governance_20260830\train_ready\detection\labels\250.txt,vessel=0;malformed_vessel=1;cross_vessel=2,PASS_AUXILIARY_CONDITIONAL,no locked; no duplicate XML conflict; derived XML metadata; case-level split; human semantic QC pending
251,E:\甲劈微循环\artifacts\derived\vascular_dataset_governance_20260830\train_ready\detection\images\251.jpg,E:\甲劈微循环\artifacts\derived\vascular_dataset_governance_20260830\train_ready\detection\labels\251.txt,vessel=0;malformed_vessel=1;cross_vessel=2,PASS_AUXILIARY_CONDITIONAL,no locked; no duplicate XML conflict; derived XML metadata; case-level split; human semantic QC pending
252,E:\甲劈微循环\artifacts\derived\vascular_dataset_governance_20260830\train_ready\detection\images\252.jpg,E:\甲劈微循环\artifacts\derived\vascular_dataset_governance_20260830\train_ready\detection\labels\252.txt,vessel=0;malformed_vessel=1;cross_vessel=2,PASS_AUXILIARY_CONDITIONAL,no locked; no duplicate XML conflict; derived XML metadata; case-level split; human semantic QC pending
255,E:\甲劈微循环\artifacts\derived\vascular_dataset_governance_20260830\train_ready\detection\images\255.jpg,E:\甲劈微循环\artifacts\derived\vascular_dataset_governance_20260830\train_ready\detection\labels\255.txt,vessel=0;malformed_vessel=1;cross_vessel=2,PASS_AUXILIARY_CONDITIONAL,no locked; no duplicate XML conflict; derived XML metadata; case-level split; human semantic QC pending
256,E:\甲劈微循环\artifacts\derived\vascular_dataset_governance_20260830\train_ready\detection\images\256.jpg,E:\甲劈微循环\artifacts\derived\vascular_dataset_governance_20260830\train_ready\detection\labels\256.txt,vessel=0;malformed_vessel=1;cross_vessel=2,PASS_AUXILIARY_CONDITIONAL,no locked; no duplicate XML conflict; derived XML metadata; case-level split; human semantic QC pending
258,E:\甲劈微循环\artifacts\derived\vascular_dataset_governance_20260830\train_ready\detection\images\258.jpg,E:\甲劈微循环\artifacts\derived\vascular_dataset_governance_20260830\train_ready\detection\labels\258.txt,vessel=0;malformed_vessel=1;cross_vessel=2,PASS_AUXILIARY_CONDITIONAL,no locked; no duplicate XML conflict; derived XML metadata; case-level split; human semantic QC pending
259,E:\甲劈微循环\artifacts\derived\vascular_dataset_governance_20260830\train_ready\detection\images\259.jpg,E:\甲劈微循环\artifacts\derived\vascular_dataset_governance_20260830\train_ready\detection\labels\259.txt,vessel=0;malformed_vessel=1;cross_vessel=2,PASS_AUXILIARY_CONDITIONAL,no locked; no duplicate XML conflict; derived XML metadata; case-level split; human semantic QC pending
260,E:\甲劈微循环\artifacts\derived\vascular_dataset_governance_20260830\train_ready\detection\images\260.jpg,E:\甲劈微循环\artifacts\derived\vascular_dataset_governance_20260830\train_ready\detection\labels\260.txt,vessel=0;malformed_vessel=1;cross_vessel=2,PASS_AUXILIARY_CONDITIONAL,no locked; no duplicate XML conflict; derived XML metadata; case-level split; human semantic QC pending
261,E:\甲劈微循环\artifacts\derived\vascular_dataset_governance_20260830\train_ready\detection\images\261.jpg,E:\甲劈微循环\artifacts\derived\vascular_dataset_governance_20260830\train_ready\detection\labels\261.txt,vessel=0;malformed_vessel=1;cross_vessel=2,PASS_AUXILIARY_CONDITIONAL,no locked; no duplicate XML conflict; derived XML metadata; case-level split; human semantic QC pending
262,E:\甲劈微循环\artifacts\derived\vascular_dataset_governance_20260830\train_ready\detection\images\262.jpg,E:\甲劈微循环\artifacts\derived\vascular_dataset_governance_20260830\train_ready\detection\labels\262.txt,vessel=0;malformed_vessel=1;cross_vessel=2,PASS_AUXILIARY_CONDITIONAL,no locked; no duplicate XML conflict; derived XML metadata; case-level split; human semantic QC pending
263,E:\甲劈微循环\artifacts\derived\vascular_dataset_governance_20260830\train_ready\detection\images\263.jpg,E:\甲劈微循环\artifacts\derived\vascular_dataset_governance_20260830\train_ready\detection\labels\263.txt,vessel=0;malformed_vessel=1;cross_vessel=2,PASS_AUXILIARY_CONDITIONAL,no locked; no duplicate XML conflict; derived XML metadata; case-level split; human semantic QC pending
264,E:\甲劈微循环\artifacts\derived\vascular_dataset_governance_20260830\train_ready\detection\images\264.jpg,E:\甲劈微循环\artifacts\derived\vascular_dataset_governance_20260830\train_ready\detection\labels\264.txt,vessel=0;malformed_vessel=1;cross_vessel=2,PASS_AUXILIARY_CONDITIONAL,no locked; no duplicate XML conflict; derived XML metadata; case-level split; human semantic QC pending
266,E:\甲劈微循环\artifacts\derived\vascular_dataset_governance_20260830\train_ready\detection\images\266.jpg,E:\甲劈微循环\artifacts\derived\vascular_dataset_governance_20260830\train_ready\detection\labels\266.txt,vessel=0;malformed_vessel=1;cross_vessel=2,PASS_AUXILIARY_CONDITIONAL,no locked; no duplicate XML conflict; derived XML metadata; case-level split; human semantic QC pending
267,E:\甲劈微循环\artifacts\derived\vascular_dataset_governance_20260830\train_ready\detection\images\267.jpg,E:\甲劈微循环\artifacts\derived\vascular_dataset_governance_20260830\train_ready\detection\labels\267.txt,vessel=0;malformed_vessel=1;cross_vessel=2,PASS_AUXILIARY_CONDITIONAL,no locked; no duplicate XML conflict; derived XML metadata; case-level split; human semantic QC pending
269,E:\甲劈微循环\artifacts\derived\vascular_dataset_governance_20260830\train_ready\detection\images\269.jpg,E:\甲劈微循环\artifacts\derived\vascular_dataset_governance_20260830\train_ready\detection\labels\269.txt,vessel=0;malformed_vessel=1;cross_vessel=2,PASS_AUXILIARY_CONDITIONAL,no locked; no duplicate XML conflict; derived XML metadata; case-level split; human semantic QC pending
270,E:\甲劈微循环\artifacts\derived\vascular_dataset_governance_20260830\train_ready\detection\images\270.jpg,E:\甲劈微循环\artifacts\derived\vascular_dataset_governance_20260830\train_ready\detection\labels\270.txt,vessel=0;malformed_vessel=1;cross_vessel=2,PASS_AUXILIARY_CONDITIONAL,no locked; no duplicate XML conflict; derived XML metadata; case-level split; human semantic QC pending
272,E:\甲劈微循环\artifacts\derived\vascular_dataset_governance_20260830\train_ready\detection\images\272.jpg,E:\甲劈微循环\artifacts\derived\vascular_dataset_governance_20260830\train_ready\detection\labels\272.txt,vessel=0;malformed_vessel=1;cross_vessel=2,PASS_AUXILIARY_CONDITIONAL,no locked; no duplicate XML conflict; derived XML metadata; case-level split; human semantic QC pending
277,E:\甲劈微循环\artifacts\derived\vascular_dataset_governance_20260830\train_ready\detection\images\277.jpg,E:\甲劈微循环\artifacts\derived\vascular_dataset_governance_20260830\train_ready\detection\labels\277.txt,vessel=0;malformed_vessel=1;cross_vessel=2,PASS_AUXILIARY_CONDITIONAL,no locked; no duplicate XML conflict; derived XML metadata; case-level split; human semantic QC pending
278,E:\甲劈微循环\artifacts\derived\vascular_dataset_governance_20260830\train_ready\detection\images\278.jpg,E:\甲劈微循环\artifacts\derived\vascular_dataset_governance_20260830\train_ready\detection\labels\278.txt,vessel=0;malformed_vessel=1;cross_vessel=2,PASS_AUXILIARY_CONDITIONAL,no locked; no duplicate XML conflict; derived XML metadata; case-level split; human semantic QC pending
280,E:\甲劈微循环\artifacts\derived\vascular_dataset_governance_20260830\train_ready\detection\images\280.jpg,E:\甲劈微循环\artifacts\derived\vascular_dataset_governance_20260830\train_ready\detection\labels\280.txt,vessel=0;malformed_vessel=1;cross_vessel=2,PASS_AUXILIARY_CONDITIONAL,no locked; no duplicate XML conflict; derived XML metadata; case-level split; human semantic QC pending
281,E:\甲劈微循环\artifacts\derived\vascular_dataset_governance_20260830\train_ready\detection\images\281.jpg,E:\甲劈微循环\artifacts\derived\vascular_dataset_governance_20260830\train_ready\detection\labels\281.txt,vessel=0;malformed_vessel=1;cross_vessel=2,PASS_AUXILIARY_CONDITIONAL,no locked; no duplicate XML conflict; derived XML metadata; case-level split; human semantic QC pending
282,E:\甲劈微循环\artifacts\derived\vascular_dataset_governance_20260830\train_ready\detection\images\282.jpg,E:\甲劈微循环\artifacts\derived\vascular_dataset_governance_20260830\train_ready\detection\labels\282.txt,vessel=0;malformed_vessel=1;cross_vessel=2,PASS_AUXILIARY_CONDITIONAL,no locked; no duplicate XML conflict; derived XML metadata; case-level split; human semantic QC pending
283,E:\甲劈微循环\artifacts\derived\vascular_dataset_governance_20260830\train_ready\detection\images\283.jpg,E:\甲劈微循环\artifacts\derived\vascular_dataset_governance_20260830\train_ready\detection\labels\283.txt,vessel=0;malformed_vessel=1;cross_vessel=2,PASS_AUXILIARY_CONDITIONAL,no locked; no duplicate XML conflict; derived XML metadata; case-level split; human semantic QC pending
285,E:\甲劈微循环\artifacts\derived\vascular_dataset_governance_20260830\train_ready\detection\images\285.jpg,E:\甲劈微循环\artifacts\derived\vascular_dataset_governance_20260830\train_ready\detection\labels\285.txt,vessel=0;malformed_vessel=1;cross_vessel=2,PASS_AUXILIARY_CONDITIONAL,no locked; no duplicate XML conflict; derived XML metadata; case-level split; human semantic QC pending
286,E:\甲劈微循环\artifacts\derived\vascular_dataset_governance_20260830\train_ready\detection\images\286.jpg,E:\甲劈微循环\artifacts\derived\vascular_dataset_governance_20260830\train_ready\detection\labels\286.txt,vessel=0;malformed_vessel=1;cross_vessel=2,PASS_AUXILIARY_CONDITIONAL,no locked; no duplicate XML conflict; derived XML metadata; case-level split; human semantic QC pending
287,E:\甲劈微循环\artifacts\derived\vascular_dataset_governance_20260830\train_ready\detection\images\287.jpg,E:\甲劈微循环\artifacts\derived\vascular_dataset_governance_20260830\train_ready\detection\labels\287.txt,vessel=0;malformed_vessel=1;cross_vessel=2,PASS_AUXILIARY_CONDITIONAL,no locked; no duplicate XML conflict; derived XML metadata; case-level split; human semantic QC pending
288,E:\甲劈微循环\artifacts\derived\vascular_dataset_governance_20260830\train_ready\detection\images\288.jpg,E:\甲劈微循环\artifacts\derived\vascular_dataset_governance_20260830\train_ready\detection\labels\288.txt,vessel=0;malformed_vessel=1;cross_vessel=2,PASS_AUXILIARY_CONDITIONAL,no locked; no duplicate XML conflict; derived XML metadata; case-level split; human semantic QC pending
289,E:\甲劈微循环\artifacts\derived\vascular_dataset_governance_20260830\train_ready\detection\images\289.jpg,E:\甲劈微循环\artifacts\derived\vascular_dataset_governance_20260830\train_ready\detection\labels\289.txt,vessel=0;malformed_vessel=1;cross_vessel=2,PASS_AUXILIARY_CONDITIONAL,no locked; no duplicate XML conflict; derived XML metadata; case-level split; human semantic QC pending
291,E:\甲劈微循环\artifacts\derived\vascular_dataset_governance_20260830\train_ready\detection\images\291.jpg,E:\甲劈微循环\artifacts\derived\vascular_dataset_governance_20260830\train_ready\detection\labels\291.txt,vessel=0;malformed_vessel=1;cross_vessel=2,PASS_AUXILIARY_CONDITIONAL,no locked; no duplicate XML conflict; derived XML metadata; case-level split; human semantic QC pending
292,E:\甲劈微循环\artifacts\derived\vascular_dataset_governance_20260830\train_ready\detection\images\292.jpg,E:\甲劈微循环\artifacts\derived\vascular_dataset_governance_20260830\train_ready\detection\labels\292.txt,vessel=0;malformed_vessel=1;cross_vessel=2,PASS_AUXILIARY_CONDITIONAL,no locked; no duplicate XML conflict; derived XML metadata; case-level split; human semantic QC pending
293,E:\甲劈微循环\artifacts\derived\vascular_dataset_governance_20260830\train_ready\detection\images\293.jpg,E:\甲劈微循环\artifacts\derived\vascular_dataset_governance_20260830\train_ready\detection\labels\293.txt,vessel=0;malformed_vessel=1;cross_vessel=2,PASS_AUXILIARY_CONDITIONAL,no locked; no duplicate XML conflict; derived XML metadata; case-level split; human semantic QC pending
294,E:\甲劈微循环\artifacts\derived\vascular_dataset_governance_20260830\train_ready\detection\images\294.jpg,E:\甲劈微循环\artifacts\derived\vascular_dataset_governance_20260830\train_ready\detection\labels\294.txt,vessel=0;malformed_vessel=1;cross_vessel=2,PASS_AUXILIARY_CONDITIONAL,no locked; no duplicate XML conflict; derived XML metadata; case-level split; human semantic QC pending
300,E:\甲劈微循环\artifacts\derived\vascular_dataset_governance_20260830\train_ready\detection\images\300.jpg,E:\甲劈微循环\artifacts\derived\vascular_dataset_governance_20260830\train_ready\detection\labels\300.txt,vessel=0;malformed_vessel=1;cross_vessel=2,PASS_AUXILIARY_CONDITIONAL,no locked; no duplicate XML conflict; derived XML metadata; case-level split; human semantic QC pending
304,E:\甲劈微循环\artifacts\derived\vascular_dataset_governance_20260830\train_ready\detection\images\304.jpg,E:\甲劈微循环\artifacts\derived\vascular_dataset_governance_20260830\train_ready\detection\labels\304.txt,vessel=0;malformed_vessel=1;cross_vessel=2,PASS_AUXILIARY_CONDITIONAL,no locked; no duplicate XML conflict; derived XML metadata; case-level split; human semantic QC pending
316,E:\甲劈微循环\artifacts\derived\vascular_dataset_governance_20260830\train_ready\detection\images\316.jpg,E:\甲劈微循环\artifacts\derived\vascular_dataset_governance_20260830\train_ready\detection\labels\316.txt,vessel=0;malformed_vessel=1;cross_vessel=2,PASS_AUXILIARY_CONDITIONAL,no locked; no duplicate XML conflict; derived XML metadata; case-level split; human semantic QC pending
318,E:\甲劈微循环\artifacts\derived\vascular_dataset_governance_20260830\train_ready\detection\images\318.jpg,E:\甲劈微循环\artifacts\derived\vascular_dataset_governance_20260830\train_ready\detection\labels\318.txt,vessel=0;malformed_vessel=1;cross_vessel=2,PASS_AUXILIARY_CONDITIONAL,no locked; no duplicate XML conflict; derived XML metadata; case-level split; human semantic QC pending
320,E:\甲劈微循环\artifacts\derived\vascular_dataset_governance_20260830\train_ready\detection\images\320.jpg,E:\甲劈微循环\artifacts\derived\vascular_dataset_governance_20260830\train_ready\detection\labels\320.txt,vessel=0;malformed_vessel=1;cross_vessel=2,PASS_AUXILIARY_CONDITIONAL,no locked; no duplicate XML conflict; derived XML metadata; case-level split; human semantic QC pending
323,E:\甲劈微循环\artifacts\derived\vascular_dataset_governance_20260830\train_ready\detection\images\323.jpg,E:\甲劈微循环\artifacts\derived\vascular_dataset_governance_20260830\train_ready\detection\labels\323.txt,vessel=0;malformed_vessel=1;cross_vessel=2,PASS_AUXILIARY_CONDITIONAL,no locked; no duplicate XML conflict; derived XML metadata; case-level split; human semantic QC pending
326,E:\甲劈微循环\artifacts\derived\vascular_dataset_governance_20260830\train_ready\detection\images\326.jpg,E:\甲劈微循环\artifacts\derived\vascular_dataset_governance_20260830\train_ready\detection\labels\326.txt,vessel=0;malformed_vessel=1;cross_vessel=2,PASS_AUXILIARY_CONDITIONAL,no locked; no duplicate XML conflict; derived XML metadata; case-level split; human semantic QC pending
331,E:\甲劈微循环\artifacts\derived\vascular_dataset_governance_20260830\train_ready\detection\images\331.jpg,E:\甲劈微循环\artifacts\derived\vascular_dataset_governance_20260830\train_ready\detection\labels\331.txt,vessel=0;malformed_vessel=1;cross_vessel=2,PASS_AUXILIARY_CONDITIONAL,no locked; no duplicate XML conflict; derived XML metadata; case-level split; human semantic QC pending
334,E:\甲劈微循环\artifacts\derived\vascular_dataset_governance_20260830\train_ready\detection\images\334.jpg,E:\甲劈微循环\artifacts\derived\vascular_dataset_governance_20260830\train_ready\detection\labels\334.txt,vessel=0;malformed_vessel=1;cross_vessel=2,PASS_AUXILIARY_CONDITIONAL,no locked; no duplicate XML conflict; derived XML metadata; case-level split; human semantic QC pending
336,E:\甲劈微循环\artifacts\derived\vascular_dataset_governance_20260830\train_ready\detection\images\336.jpg,E:\甲劈微循环\artifacts\derived\vascular_dataset_governance_20260830\train_ready\detection\labels\336.txt,vessel=0;malformed_vessel=1;cross_vessel=2,PASS_AUXILIARY_CONDITIONAL,no locked; no duplicate XML conflict; derived XML metadata; case-level split; human semantic QC pending
338,E:\甲劈微循环\artifacts\derived\vascular_dataset_governance_20260830\train_ready\detection\images\338.jpg,E:\甲劈微循环\artifacts\derived\vascular_dataset_governance_20260830\train_ready\detection\labels\338.txt,vessel=0;malformed_vessel=1;cross_vessel=2,PASS_AUXILIARY_CONDITIONAL,no locked; no duplicate XML conflict; derived XML metadata; case-level split; human semantic QC pending
339,E:\甲劈微循环\artifacts\derived\vascular_dataset_governance_20260830\train_ready\detection\images\339.jpg,E:\甲劈微循环\artifacts\derived\vascular_dataset_governance_20260830\train_ready\detection\labels\339.txt,vessel=0;malformed_vessel=1;cross_vessel=2,PASS_AUXILIARY_CONDITIONAL,no locked; no duplicate XML conflict; derived XML metadata; case-level split; human semantic QC pending
352,E:\甲劈微循环\artifacts\derived\vascular_dataset_governance_20260830\train_ready\detection\images\352.jpg,E:\甲劈微循环\artifacts\derived\vascular_dataset_governance_20260830\train_ready\detection\labels\352.txt,vessel=0;malformed_vessel=1;cross_vessel=2,PASS_AUXILIARY_CONDITIONAL,no locked; no duplicate XML conflict; derived XML metadata; case-level split; human semantic QC pending
364,E:\甲劈微循环\artifacts\derived\vascular_dataset_governance_20260830\train_ready\detection\images\364.jpg,E:\甲劈微循环\artifacts\derived\vascular_dataset_governance_20260830\train_ready\detection\labels\364.txt,vessel=0;malformed_vessel=1;cross_vessel=2,PASS_AUXILIARY_CONDITIONAL,no locked; no duplicate XML conflict; derived XML metadata; case-level split; human semantic QC pending
376,E:\甲劈微循环\artifacts\derived\vascular_dataset_governance_20260830\train_ready\detection\images\376.jpg,E:\甲劈微循环\artifacts\derived\vascular_dataset_governance_20260830\train_ready\detection\labels\376.txt,vessel=0;malformed_vessel=1;cross_vessel=2,PASS_AUXILIARY_CONDITIONAL,no locked; no duplicate XML conflict; derived XML metadata; case-level split; human semantic QC pending
377,E:\甲劈微循环\artifacts\derived\vascular_dataset_governance_20260830\train_ready\detection\images\377.jpg,E:\甲劈微循环\artifacts\derived\vascular_dataset_governance_20260830\train_ready\detection\labels\377.txt,vessel=0;malformed_vessel=1;cross_vessel=2,PASS_AUXILIARY_CONDITIONAL,no locked; no duplicate XML conflict; derived XML metadata; case-level split; human semantic QC pending
386,E:\甲劈微循环\artifacts\derived\vascular_dataset_governance_20260830\train_ready\detection\images\386.jpg,E:\甲劈微循环\artifacts\derived\vascular_dataset_governance_20260830\train_ready\detection\labels\386.txt,vessel=0;malformed_vessel=1;cross_vessel=2,PASS_AUXILIARY_CONDITIONAL,no locked; no duplicate XML conflict; derived XML metadata; case-level split; human semantic QC pending
387,E:\甲劈微循环\artifacts\derived\vascular_dataset_governance_20260830\train_ready\detection\images\387.jpg,E:\甲劈微循环\artifacts\derived\vascular_dataset_governance_20260830\train_ready\detection\labels\387.txt,vessel=0;malformed_vessel=1;cross_vessel=2,PASS_AUXILIARY_CONDITIONAL,no locked; no duplicate XML conflict; derived XML metadata; case-level split; human semantic QC pending
403,E:\甲劈微循环\artifacts\derived\vascular_dataset_governance_20260830\train_ready\detection\images\403.jpg,E:\甲劈微循环\artifacts\derived\vascular_dataset_governance_20260830\train_ready\detection\labels\403.txt,vessel=0;malformed_vessel=1;cross_vessel=2,PASS_AUXILIARY_CONDITIONAL,no locked; no duplicate XML conflict; derived XML metadata; case-level split; human semantic QC pending
408,E:\甲劈微循环\artifacts\derived\vascular_dataset_governance_20260830\train_ready\detection\images\408.jpg,E:\甲劈微循环\artifacts\derived\vascular_dataset_governance_20260830\train_ready\detection\labels\408.txt,vessel=0;malformed_vessel=1;cross_vessel=2,PASS_AUXILIARY_CONDITIONAL,no locked; no duplicate XML conflict; derived XML metadata; case-level split; human semantic QC pending
411,E:\甲劈微循环\artifacts\derived\vascular_dataset_governance_20260830\train_ready\detection\images\411.jpg,E:\甲劈微循环\artifacts\derived\vascular_dataset_governance_20260830\train_ready\detection\labels\411.txt,vessel=0;malformed_vessel=1;cross_vessel=2,PASS_AUXILIARY_CONDITIONAL,no locked; no duplicate XML conflict; derived XML metadata; case-level split; human semantic QC pending
496,E:\甲劈微循环\artifacts\derived\vascular_dataset_governance_20260830\train_ready\detection\images\496.jpg,E:\甲劈微循环\artifacts\derived\vascular_dataset_governance_20260830\train_ready\detection\labels\496.txt,vessel=0;malformed_vessel=1;cross_vessel=2,PASS_AUXILIARY_CONDITIONAL,no locked; no duplicate XML conflict; derived XML metadata; case-level split; human semantic QC pending
502,E:\甲劈微循环\artifacts\derived\vascular_dataset_governance_20260830\train_ready\detection\images\502.jpg,E:\甲劈微循环\artifacts\derived\vascular_dataset_governance_20260830\train_ready\detection\labels\502.txt,vessel=0;malformed_vessel=1;cross_vessel=2,PASS_AUXILIARY_CONDITIONAL,no locked; no duplicate XML conflict; derived XML metadata; case-level split; human semantic QC pending
503,E:\甲劈微循环\artifacts\derived\vascular_dataset_governance_20260830\train_ready\detection\images\503.jpg,E:\甲劈微循环\artifacts\derived\vascular_dataset_governance_20260830\train_ready\detection\labels\503.txt,vessel=0;malformed_vessel=1;cross_vessel=2,PASS_AUXILIARY_CONDITIONAL,no locked; no duplicate XML conflict; derived XML metadata; case-level split; human semantic QC pending
507,E:\甲劈微循环\artifacts\derived\vascular_dataset_governance_20260830\train_ready\detection\images\507.jpg,E:\甲劈微循环\artifacts\derived\vascular_dataset_governance_20260830\train_ready\detection\labels\507.txt,vessel=0;malformed_vessel=1;cross_vessel=2,PASS_AUXILIARY_CONDITIONAL,no locked; no duplicate XML conflict; derived XML metadata; case-level split; human semantic QC pending
515,E:\甲劈微循环\artifacts\derived\vascular_dataset_governance_20260830\train_ready\detection\images\515.jpg,E:\甲劈微循环\artifacts\derived\vascular_dataset_governance_20260830\train_ready\detection\labels\515.txt,vessel=0;malformed_vessel=1;cross_vessel=2,PASS_AUXILIARY_CONDITIONAL,no locked; no duplicate XML conflict; derived XML metadata; case-level split; human semantic QC pending
517,E:\甲劈微循环\artifacts\derived\vascular_dataset_governance_20260830\train_ready\detection\images\517.jpg,E:\甲劈微循环\artifacts\derived\vascular_dataset_governance_20260830\train_ready\detection\labels\517.txt,vessel=0;malformed_vessel=1;cross_vessel=2,PASS_AUXILIARY_CONDITIONAL,no locked; no duplicate XML conflict; derived XML metadata; case-level split; human semantic QC pending
519,E:\甲劈微循环\artifacts\derived\vascular_dataset_governance_20260830\train_ready\detection\images\519.jpg,E:\甲劈微循环\artifacts\derived\vascular_dataset_governance_20260830\train_ready\detection\labels\519.txt,vessel=0;malformed_vessel=1;cross_vessel=2,PASS_AUXILIARY_CONDITIONAL,no locked; no duplicate XML conflict; derived XML metadata; case-level split; human semantic QC pending
523,E:\甲劈微循环\artifacts\derived\vascular_dataset_governance_20260830\train_ready\detection\images\523.jpg,E:\甲劈微循环\artifacts\derived\vascular_dataset_governance_20260830\train_ready\detection\labels\523.txt,vessel=0;malformed_vessel=1;cross_vessel=2,PASS_AUXILIARY_CONDITIONAL,no locked; no duplicate XML conflict; derived XML metadata; case-level split; human semantic QC pending
535,E:\甲劈微循环\artifacts\derived\vascular_dataset_governance_20260830\train_ready\detection\images\535.jpg,E:\甲劈微循环\artifacts\derived\vascular_dataset_governance_20260830\train_ready\detection\labels\535.txt,vessel=0;malformed_vessel=1;cross_vessel=2,PASS_AUXILIARY_CONDITIONAL,no locked; no duplicate XML conflict; derived XML metadata; case-level split; human semantic QC pending
543,E:\甲劈微循环\artifacts\derived\vascular_dataset_governance_20260830\train_ready\detection\images\543.jpg,E:\甲劈微循环\artifacts\derived\vascular_dataset_governance_20260830\train_ready\detection\labels\543.txt,vessel=0;malformed_vessel=1;cross_vessel=2,PASS_AUXILIARY_CONDITIONAL,no locked; no duplicate XML conflict; derived XML metadata; case-level split; human semantic QC pending
557,E:\甲劈微循环\artifacts\derived\vascular_dataset_governance_20260830\train_ready\detection\images\557.jpg,E:\甲劈微循环\artifacts\derived\vascular_dataset_governance_20260830\train_ready\detection\labels\557.txt,vessel=0;malformed_vessel=1;cross_vessel=2,PASS_AUXILIARY_CONDITIONAL,no locked; no duplicate XML conflict; derived XML metadata; case-level split; human semantic QC pending
561,E:\甲劈微循环\artifacts\derived\vascular_dataset_governance_20260830\train_ready\detection\images\561.jpg,E:\甲劈微循环\artifacts\derived\vascular_dataset_governance_20260830\train_ready\detection\labels\561.txt,vessel=0;malformed_vessel=1;cross_vessel=2,PASS_AUXILIARY_CONDITIONAL,no locked; no duplicate XML conflict; derived XML metadata; case-level split; human semantic QC pending
578,E:\甲劈微循环\artifacts\derived\vascular_dataset_governance_20260830\train_ready\detection\images\578.jpg,E:\甲劈微循环\artifacts\derived\vascular_dataset_governance_20260830\train_ready\detection\labels\578.txt,vessel=0;malformed_vessel=1;cross_vessel=2,PASS_AUXILIARY_CONDITIONAL,no locked; no duplicate XML conflict; derived XML metadata; case-level split; human semantic QC pending
582,E:\甲劈微循环\artifacts\derived\vascular_dataset_governance_20260830\train_ready\detection\images\582.jpg,E:\甲劈微循环\artifacts\derived\vascular_dataset_governance_20260830\train_ready\detection\labels\582.txt,vessel=0;malformed_vessel=1;cross_vessel=2,PASS_AUXILIARY_CONDITIONAL,no locked; no duplicate XML conflict; derived XML metadata; case-level split; human semantic QC pending
