exam_case_id,evaluation_role,external_send_allowed,selection_seed
recovered_archive3/210,development,true,20260916
recovered_archive2/175,development,true,20260916
recovered_archive2/167,development,true,20260916
recovered_archive1/54,development,true,20260916
recovered_archive3/266,development,true,20260916
recovered_archive3/222,development,true,20260916
recovered_archive3/265,development,true,20260916
recovered_archive2/186,development,true,20260916
recovered_archive1/44,development,true,20260916
recovered_archive2/198,development,true,20260916
recovered_archive1/4,development,true,20260916
recovered_archive2/150,development,true,20260916
recovered_archive3/252,development,true,20260916
recovered_archive2/165,development,true,20260916
recovered_archive2/148,development,true,20260916
recovered_archive2/184,development,true,20260916
recovered_archive1/47,development,true,20260916
recovered_archive3/235,development,true,20260916
recovered_archive3/231,development,true,20260916
recovered_archive3/254,development,true,20260916
recovered_archive2/107,development,true,20260916
recovered_archive1/95,development,true,20260916
recovered_archive1/24,development,true,20260916
recovered_archive2/115,development,true,20260916
recovered_archive2/119,development,true,20260916
recovered_archive1/97,development,true,20260916
recovered_archive1/52,development,true,20260916
recovered_archive1/50,development,true,20260916
recovered_archive2/145,development,true,20260916
recovered_archive1/66,development,true,20260916
recovered_archive1/69,development,true,20260916
recovered_archive1/72,development,true,20260916
recovered_archive3/243,development,true,20260916
recovered_archive1/1,development,true,20260916
recovered_archive3/264,development,true,20260916
recovered_archive2/101,development,true,20260916
recovered_archive2/132,development,true,20260916
recovered_archive1/25,development,true,20260916
recovered_archive1/60,development,true,20260916
recovered_archive2/169,development,true,20260916
recovered_archive1/64,development,true,20260916
recovered_archive1/94,development,true,20260916
recovered_archive3/207,development,true,20260916
recovered_archive2/199,development,true,20260916
recovered_archive3/229,development,true,20260916
recovered_archive2/116,development,true,20260916
recovered_archive2/155,development,true,20260916
recovered_archive1/43,development,true,20260916
recovered_archive1/30,development,true,20260916
recovered_archive1/71,development,true,20260916
recovered_archive2/112,development,true,20260916
recovered_archive2/144,development,true,20260916
recovered_archive2/179,development,true,20260916
recovered_archive3/227,development,true,20260916
recovered_archive2/114,development,true,20260916
recovered_archive3/259,development,true,20260916
recovered_archive2/121,development,true,20260916
recovered_archive1/81,development,true,20260916
recovered_archive1/76,development,true,20260916
recovered_archive2/146,development,true,20260916
recovered_archive2/135,development,true,20260916
recovered_archive3/233,development,true,20260916
recovered_archive2/136,development,true,20260916
recovered_archive3/220,development,true,20260916
recovered_archive3/241,development,true,20260916
recovered_archive3/248,development,true,20260916
recovered_archive2/180,development,true,20260916
recovered_archive1/19,development,true,20260916
recovered_archive2/163,development,true,20260916
recovered_archive2/162,development,true,20260916
recovered_archive2/171,development,true,20260916
recovered_archive1/49,development,true,20260916
recovered_archive3/237,development,true,20260916
recovered_archive2/108,development,true,20260916
recovered_archive2/106,development,true,20260916
recovered_archive3/215,development,true,20260916
recovered_archive2/137,development,true,20260916
recovered_archive2/104,development,true,20260916
recovered_archive1/53,development,true,20260916
recovered_archive2/103,development,true,20260916
recovered_archive2/194,development,true,20260916
recovered_archive2/118,development,true,20260916
recovered_archive1/89,development,true,20260916
recovered_archive1/92,development,true,20260916
recovered_archive3/218,development,true,20260916
recovered_archive1/84,development,true,20260916
recovered_archive3/216,development,true,20260916
recovered_archive1/100,development,true,20260916
recovered_archive2/149,development,true,20260916
recovered_archive3/262,development,true,20260916
recovered_archive3/204,development,true,20260916
recovered_archive1/48,development,true,20260916
recovered_archive2/139,development,true,20260916
recovered_archive3/257,development,true,20260916
recovered_archive2/141,development,true,20260916
recovered_archive1/59,development,true,20260916
recovered_archive1/82,development,true,20260916
recovered_archive1/33,development,true,20260916
recovered_archive3/261,development,true,20260916
recovered_archive2/120,development,true,20260916
recovered_archive1/12,development,true,20260916
recovered_archive1/42,development,true,20260916
recovered_archive3/245,development,true,20260916
recovered_archive2/123,development,true,20260916
recovered_archive1/70,development,true,20260916
recovered_archive3/263,development,true,20260916
recovered_archive2/130,development,true,20260916
recovered_archive2/122,development,true,20260916
recovered_archive2/158,development,true,20260916
recovered_archive2/197,development,true,20260916
recovered_archive1/40,development,true,20260916
recovered_archive2/129,development,true,20260916
recovered_archive1/41,development,true,20260916
recovered_archive2/147,development,true,20260916
recovered_archive1/74,development,true,20260916
recovered_archive2/125,development,true,20260916
recovered_archive3/256,development,true,20260916
recovered_archive2/105,development,true,20260916
recovered_archive3/211,development,true,20260916
recovered_archive2/128,development,true,20260916
recovered_archive2/188,development,true,20260916
recovered_archive1/96,development,true,20260916
recovered_archive1/68,development,true,20260916
recovered_archive3/260,development,true,20260916
recovered_archive3/232,development,true,20260916
recovered_archive1/80,development,true,20260916
recovered_archive2/178,development,true,20260916
recovered_archive1/28,development,true,20260916
recovered_archive2/151,development,true,20260916
recovered_archive1/37,development,true,20260916
recovered_archive1/45,development,true,20260916
recovered_archive1/29,development,true,20260916
recovered_archive1/9,development,true,20260916
recovered_archive3/202,development,true,20260916
recovered_archive2/126,development,true,20260916
recovered_archive3/201,development,true,20260916
recovered_archive1/85,development,true,20260916
recovered_archive1/35,development,true,20260916
recovered_archive3/206,development,true,20260916
recovered_archive1/67,development,true,20260916
recovered_archive2/170,development,true,20260916
recovered_archive3/224,development,true,20260916
recovered_archive2/174,development,true,20260916
recovered_archive2/172,development,true,20260916
recovered_archive2/189,development,true,20260916
recovered_archive3/228,development,true,20260916
recovered_archive2/117,development,true,20260916
recovered_archive2/181,development,true,20260916
recovered_archive1/83,development,true,20260916
recovered_archive2/111,development,true,20260916
recovered_archive2/110,development,true,20260916
recovered_archive3/225,development,true,20260916
recovered_archive3/234,development,true,20260916
recovered_archive3/212,development,true,20260916
recovered_archive3/240,development,true,20260916
recovered_archive2/183,development,true,20260916
recovered_archive3/250,development,true,20260916
recovered_archive2/109,development,true,20260916
recovered_archive3/214,development,true,20260916
recovered_archive2/152,development,true,20260916
recovered_archive1/57,development,true,20260916
recovered_archive1/78,development,true,20260916
recovered_archive2/161,development,true,20260916
recovered_archive1/34,development,true,20260916
