field,shift,arm,ba,recall0,recall1,flip_vs_clean,top_pred_share,target_changing,ba_drop_vs_clean,survives
clarity,clean,S0,0.8376,0.824,0.851,0.0,0.519,,,
clarity,clean,S1_all,0.8376,0.824,0.851,0.0,0.519,,,
clarity,lowres_0.5,S0,0.8323,0.824,0.84,0.005,0.514,True,0.0053,True
clarity,lowres_0.5,S1_loso,0.8218,0.835,0.809,0.038,0.508,True,0.0158,True
clarity,jpeg_q30,S0,0.8428,0.813,0.872,0.049,0.535,False,-0.0052,True
clarity,jpeg_q30,S1_loso,0.8486,0.846,0.851,0.054,0.508,False,-0.011,True
clarity,warm,S0,0.8268,0.813,0.84,0.011,0.519,False,0.0108,True
clarity,warm,S1_loso,0.8321,0.813,0.851,0.005,0.524,False,0.0055,True
clarity,cool,S0,0.8265,0.791,0.862,0.022,0.541,False,0.0111,True
clarity,cool,S1_loso,0.8428,0.813,0.872,0.016,0.535,False,-0.0052,True
clarity,desat_0.5,S0,0.8048,0.769,0.84,0.032,0.541,False,0.0328,True
clarity,desat_0.5,S1_loso,0.8213,0.802,0.84,0.027,0.524,False,0.0163,True
clarity,dark_g1.4,S0,0.8256,0.736,0.915,0.076,0.595,False,0.012,True
clarity,dark_g1.4,S1_loso,0.8311,0.747,0.915,0.07,0.589,False,0.0065,True
clarity,bright_g0.7,S0,0.8165,0.835,0.798,0.032,0.514,False,0.0211,True
clarity,bright_g0.7,S1_loso,0.8273,0.846,0.809,0.032,0.514,False,0.0103,True
clarity,blur_s1.5,S0,0.8272,0.835,0.819,0.022,0.503,True,0.0104,True
clarity,blur_s1.5,S1_loso,0.8273,0.846,0.809,0.032,0.514,True,0.0103,True
clarity,hf_like,S0,0.8103,0.78,0.84,0.038,0.535,False,0.0273,True
clarity,hf_like,S1_loso,0.8213,0.802,0.84,0.038,0.524,False,0.0163,True
subpapillary_venous_plexus,clean,S0,0.8321,0.797,0.867,0.0,0.582,,,
subpapillary_venous_plexus,clean,S1_all,0.8384,0.81,0.867,0.027,0.576,,,
subpapillary_venous_plexus,lowres_0.5,S0,0.8258,0.747,0.905,0.043,0.625,False,0.0063,True
subpapillary_venous_plexus,lowres_0.5,S1_loso,0.8242,0.772,0.876,0.038,0.598,False,0.0079,True
subpapillary_venous_plexus,jpeg_q30,S0,0.8447,0.823,0.867,0.043,0.571,False,-0.0126,True
subpapillary_venous_plexus,jpeg_q30,S1_loso,0.8368,0.835,0.838,0.065,0.549,False,-0.0047,True
subpapillary_venous_plexus,warm,S0,0.8321,0.797,0.867,0.011,0.582,False,0.0,True
subpapillary_venous_plexus,warm,S1_loso,0.8242,0.772,0.876,0.027,0.598,False,0.0079,True
subpapillary_venous_plexus,cool,S0,0.8257,0.785,0.867,0.027,0.587,False,0.0064,True
subpapillary_venous_plexus,cool,S1_loso,0.8321,0.797,0.867,0.033,0.582,False,0.0,True
subpapillary_venous_plexus,desat_0.5,S0,0.8258,0.747,0.905,0.054,0.625,False,0.0063,True
subpapillary_venous_plexus,desat_0.5,S1_loso,0.8226,0.759,0.886,0.038,0.609,False,0.0095,True
subpapillary_venous_plexus,dark_g1.4,S0,0.8195,0.734,0.905,0.049,0.63,False,0.0126,True
subpapillary_venous_plexus,dark_g1.4,S1_loso,0.8131,0.722,0.905,0.054,0.636,False,0.019,True
subpapillary_venous_plexus,bright_g0.7,S0,0.8383,0.848,0.829,0.043,0.538,False,-0.0062,True
subpapillary_venous_plexus,bright_g0.7,S1_loso,0.8256,0.861,0.79,0.071,0.511,False,0.0065,True
subpapillary_venous_plexus,blur_s1.5,S0,0.8321,0.759,0.905,0.038,0.62,False,0.0,True
subpapillary_venous_plexus,blur_s1.5,S1_loso,0.8337,0.772,0.895,0.027,0.609,False,-0.0016,True
subpapillary_venous_plexus,hf_like,S0,0.8274,0.759,0.895,0.065,0.614,False,0.0047,True
subpapillary_venous_plexus,hf_like,S1_loso,0.8368,0.797,0.876,0.06,0.587,False,-0.0047,True
exudation,clean,S0,0.7493,0.71,0.789,0.0,0.536,,,
exudation,clean,S1_all,0.7493,0.71,0.789,0.011,0.536,,,
exudation,lowres_0.5,S0,0.7547,0.72,0.789,0.016,0.53,False,-0.0054,True
exudation,lowres_0.5,S1_loso,0.76,0.731,0.789,0.022,0.525,False,-0.0107,True
exudation,jpeg_q30,S0,0.7253,0.817,0.633,0.131,0.596,False,0.024,True
exudation,jpeg_q30,S1_loso,0.7303,0.849,0.611,0.158,0.623,False,0.019,True
exudation,warm,S0,0.7541,0.753,0.756,0.038,0.503,False,-0.0048,True
exudation,warm,S1_loso,0.7543,0.742,0.767,0.049,0.508,False,-0.005,True
exudation,cool,S0,0.7713,0.72,0.822,0.022,0.546,False,-0.022,True
exudation,cool,S1_loso,0.7552,0.688,0.822,0.038,0.563,False,-0.0059,True
exudation,desat_0.5,S0,0.7443,0.677,0.811,0.082,0.563,False,0.005,True
exudation,desat_0.5,S1_loso,0.7392,0.645,0.833,0.087,0.59,False,0.0101,True
exudation,dark_g1.4,S0,0.7435,0.72,0.767,0.027,0.519,False,0.0058,True
exudation,dark_g1.4,S1_loso,0.7548,0.71,0.8,0.016,0.541,False,-0.0055,True
exudation,bright_g0.7,S0,0.7543,0.742,0.767,0.038,0.508,False,-0.005,True
exudation,bright_g0.7,S1_loso,0.7545,0.731,0.778,0.027,0.519,False,-0.0052,True
exudation,blur_s1.5,S0,0.7545,0.731,0.778,0.027,0.519,False,-0.0052,True
exudation,blur_s1.5,S1_loso,0.7432,0.742,0.744,0.038,0.503,False,0.0061,True
exudation,hf_like,S0,0.733,0.688,0.778,0.071,0.541,False,0.0163,True
exudation,hf_like,S1_loso,0.7335,0.656,0.811,0.093,0.574,False,0.0158,True
blood_color,clean,S0,0.6904,0.64,0.741,0.0,0.53,,,
blood_color,clean,S1_all,0.6922,0.73,0.654,0.099,0.558,,,
blood_color,lowres_0.5,S0,0.678,0.64,0.716,0.011,0.519,False,0.0124,True
blood_color,lowres_0.5,S1_loso,0.6875,0.77,0.605,0.133,0.602,False,0.0029,True
blood_color,jpeg_q30,S0,0.6827,0.6,0.765,0.122,0.564,False,0.0077,True
blood_color,jpeg_q30,S1_loso,0.6977,0.63,0.765,0.116,0.547,False,-0.0073,True
blood_color,warm,S0,0.6919,0.68,0.704,0.039,0.508,True,-0.0015,True
blood_color,warm,S1_loso,0.7107,0.73,0.691,0.083,0.541,True,-0.0203,True
blood_color,cool,S0,0.6915,0.63,0.753,0.011,0.541,True,-0.0011,True
blood_color,cool,S1_loso,0.6954,0.65,0.741,0.017,0.525,True,-0.005,True
blood_color,desat_0.5,S0,0.708,0.49,0.926,0.166,0.696,True,-0.0176,False
blood_color,desat_0.5,S1_loso,0.7006,0.5,0.901,0.149,0.68,True,-0.0102,True
blood_color,dark_g1.4,S0,0.6751,0.56,0.79,0.066,0.597,False,0.0153,True
blood_color,dark_g1.4,S1_loso,0.6889,0.6,0.778,0.061,0.569,False,0.0015,True
blood_color,bright_g0.7,S0,0.691,0.74,0.642,0.099,0.569,False,-0.0006,True
blood_color,bright_g0.7,S1_loso,0.7013,0.81,0.593,0.171,0.63,False,-0.0109,True
blood_color,blur_s1.5,S0,0.6695,0.66,0.679,0.039,0.508,False,0.0209,True
blood_color,blur_s1.5,S1_loso,0.6851,0.79,0.58,0.155,0.624,False,0.0053,True
blood_color,hf_like,S0,0.6965,0.43,0.963,0.215,0.746,True,-0.0061,False
blood_color,hf_like,S1_loso,0.6953,0.44,0.951,0.204,0.735,True,-0.0049,False
microthrombus,clean,S0,0.6542,0.741,0.568,0.0,0.615,,,
microthrombus,clean,S1_all,0.6495,0.731,0.568,0.038,0.61,,,
microthrombus,lowres_0.5,S0,0.6517,0.722,0.581,0.016,0.599,False,0.0025,True
microthrombus,lowres_0.5,S1_loso,0.6403,0.713,0.568,0.038,0.599,False,0.0139,True
microthrombus,jpeg_q30,S0,0.6609,0.741,0.581,0.082,0.61,False,-0.0067,True
microthrombus,jpeg_q30,S1_loso,0.6634,0.759,0.568,0.121,0.626,False,-0.0092,True
microthrombus,warm,S0,0.6567,0.759,0.554,0.027,0.632,False,-0.0025,True
microthrombus,warm,S1_loso,0.6588,0.75,0.568,0.049,0.621,False,-0.0046,True
microthrombus,cool,S0,0.6381,0.722,0.554,0.027,0.61,False,0.0161,True
microthrombus,cool,S1_loso,0.6335,0.713,0.554,0.033,0.604,False,0.0207,True
microthrombus,desat_0.5,S0,0.6625,0.528,0.797,0.22,0.604,False,-0.0083,True
microthrombus,desat_0.5,S1_loso,0.6629,0.556,0.77,0.192,0.577,False,-0.0087,True
microthrombus,dark_g1.4,S0,0.6555,0.676,0.635,0.066,0.549,False,-0.0013,True
microthrombus,dark_g1.4,S1_loso,0.658,0.694,0.622,0.06,0.566,False,-0.0038,True
microthrombus,bright_g0.7,S0,0.6642,0.815,0.514,0.066,0.681,False,-0.01,True
microthrombus,bright_g0.7,S1_loso,0.6535,0.861,0.446,0.121,0.736,False,0.0007,False
microthrombus,blur_s1.5,S0,0.6627,0.704,0.622,0.055,0.571,False,-0.0085,True
microthrombus,blur_s1.5,S1_loso,0.6424,0.704,0.581,0.038,0.588,False,0.0118,True
microthrombus,hf_like,S0,0.6618,0.472,0.851,0.275,0.659,False,-0.0076,False
microthrombus,hf_like,S1_loso,0.6714,0.519,0.824,0.236,0.621,False,-0.0172,True
malformation_ratio,clean,S0,0.6304,0.761,0.5,0.0,0.648,,,
malformation_ratio,clean,S1_all,0.6161,0.761,0.471,0.025,0.66,,,
malformation_ratio,lowres_0.5,S0,0.643,0.772,0.514,0.012,0.648,False,-0.0126,True
malformation_ratio,lowres_0.5,S1_loso,0.6161,0.761,0.471,0.025,0.66,False,0.0143,False
malformation_ratio,jpeg_q30,S0,0.611,0.793,0.429,0.086,0.698,False,0.0194,False
malformation_ratio,jpeg_q30,S1_loso,0.6056,0.783,0.429,0.08,0.691,False,0.0248,False
malformation_ratio,warm,S0,0.6233,0.761,0.486,0.019,0.654,False,0.0071,False
malformation_ratio,warm,S1_loso,0.6179,0.75,0.486,0.012,0.648,False,0.0125,False
malformation_ratio,cool,S0,0.6179,0.75,0.486,0.012,0.648,False,0.0125,False
malformation_ratio,cool,S1_loso,0.6107,0.75,0.471,0.031,0.654,False,0.0197,False
malformation_ratio,desat_0.5,S0,0.671,0.685,0.657,0.111,0.537,False,-0.0406,True
malformation_ratio,desat_0.5,S1_loso,0.6713,0.728,0.614,0.068,0.58,False,-0.0409,True
malformation_ratio,dark_g1.4,S0,0.6519,0.761,0.543,0.031,0.63,False,-0.0215,True
malformation_ratio,dark_g1.4,S1_loso,0.643,0.772,0.514,0.037,0.648,False,-0.0126,True
malformation_ratio,bright_g0.7,S0,0.6325,0.793,0.471,0.043,0.679,False,-0.0021,False
malformation_ratio,bright_g0.7,S1_loso,0.6127,0.783,0.443,0.062,0.685,False,0.0177,False
malformation_ratio,blur_s1.5,S0,0.6467,0.793,0.5,0.043,0.667,False,-0.0163,True
malformation_ratio,blur_s1.5,S1_loso,0.6127,0.783,0.443,0.049,0.685,False,0.0177,False
malformation_ratio,hf_like,S0,0.6778,0.641,0.714,0.16,0.512,False,-0.0474,True
malformation_ratio,hf_like,S1_loso,0.6887,0.663,0.714,0.148,0.5,False,-0.0583,True
