exam_case_id,y_true,a0_prob,a2x_prob
recovered_archive1/23,0.0,0.3594194520259895,0.14298199053830712
recovered_archive1/36,1.0,0.5163473794329325,0.2106299464823545
recovered_archive1/39,1.0,0.37748273133019833,0.3961041509081969
recovered_archive1/55,0.0,0.18182018018202337,0.06583304487551304
recovered_archive1/73,1.0,0.27891289458234525,0.14694584157803284
recovered_archive1/75,1.0,0.2612334495267128,0.4089933015680828
recovered_archive1/77,1.0,0.21690084984753769,0.16498136172570155
recovered_archive1/79,1.0,0.4620533277680722,0.6623240278301918
recovered_archive1/88,1.0,0.4861097258743016,0.522116559238375
recovered_archive1/91,0.0,0.6905341484693386,0.5582636381785308
recovered_archive1/98,1.0,0.20981431718796326,0.29678618503708903
recovered_archive2/102,0.0,0.19210848477607012,0.171646883187152
recovered_archive2/131,0.0,0.3387336067540584,0.40926917590266204
recovered_archive2/134,1.0,0.3992285078327657,0.521959542786265
recovered_archive2/138,0.0,0.24822504873998286,0.1832298576161099
recovered_archive2/140,1.0,0.37885548619851894,0.6902761937579067
recovered_archive2/143,0.0,0.45870079877783293,0.38993619970667753
recovered_archive2/153,1.0,0.6095793021121421,0.47024225771120615
recovered_archive2/154,1.0,0.5337726102717186,0.6784824437314575
recovered_archive2/157,0.0,0.208043823151381,0.09072209300859094
recovered_archive2/166,0.0,0.6894067753144332,0.5595350828274487
recovered_archive2/182,1.0,0.2703888577115986,0.0979225702466041
recovered_archive2/185,0.0,0.4318994918800338,0.23377729693531238
recovered_archive2/187,0.0,0.4163133812542897,0.40952505102205294
recovered_archive2/192,0.0,0.3568118101914948,0.177497368890097
recovered_archive2/193,0.0,0.13145202539264364,0.18552113476842294
recovered_archive2/195,1.0,0.30577408733191963,0.32664540503665174
recovered_archive2/196,1.0,0.7195047040714566,0.855305032777296
recovered_archive3/203,1.0,0.4983842977844793,0.8643947436859346
recovered_archive3/205,0.0,0.34356006994486765,0.3120751929957867
recovered_archive3/208,0.0,0.13652501474893117,0.05452098290547737
recovered_archive3/217,1.0,0.29348488428730923,0.26934493203242327
recovered_archive3/219,1.0,0.6063579673271509,0.4770328536455395
recovered_archive3/226,1.0,0.64392723525829,0.8953441185394172
recovered_archive3/230,0.0,0.3430886784306847,0.1796954484351899
recovered_archive3/244,0.0,0.13361770148453217,0.07485807613933054
recovered_archive3/247,1.0,0.38992180824336586,0.2968904644158722
recovered_archive3/249,1.0,0.6377581546845379,0.7194108341343571
recovered_archive3/258,0.0,0.6563818642558114,0.9002028556489271
