exam_case_id,clarity,capillary_count,afferent_diameter,efferent_diameter,output_input_ratio,apex_diameter,loop_length,crossing_ratio,malformation_ratio,flow_state,flow_speed_um_s,vasomotion,rbc_aggregation,wbc_count,microthrombus,blood_color,exudation,hemorrhage,subpapillary_venous_plexus,papilla,sweat_duct,morphology_score,flow_score,periloop_score,total_score,overall_assessment,report_copy_predictions,conflict_field_count,auto_label_status
recovered_archive1/1,不清,>=7,10,13,1.3,22,164,<=30%,<=10%,粒线流,,0--1,无,1--30,无,浅红,无,无,不见,波纹状,0--2,0.6,0.6,0.0,1.2,大致正常,4,0,consensus
recovered_archive1/100,不清,5--6,7,9,1.3,14,396,30--60%,,粒线流,,0--1,轻度,1--30,无,浅红,无,无,可见1排,波纹状,,3.5,0.8,0.1,4.4,中度异常,4,0,consensus
recovered_archive1/12,,,,,,,,,,,,,,,,,,,,,,,,,,,3,0,consensus
recovered_archive1/19,,,,,,,,,,,,,,,,,,,,,,,,,,,2,0,consensus
recovered_archive1/23,清晰,>=7,10,16,1.6,16,121,<=30%,<=10%,粒流,,0--1,中度,1--30,无,暗红,无,无,不见,浅波纹状,0--2,0.2,2.2,0.4,2.8,轻度异常,2,0,consensus
recovered_archive1/24,清晰,>=7,9,14,1.6,18,99,<=30%,<=10%,线流,,0--1,无,1--30,无,淡红,无,无,不见,波纹状,0--2,0.4,0.0,0.0,0.4,正常,3,0,consensus
recovered_archive1/25,,,,,,,,,,,,,,,,,,,,,,,,,,,2,0,consensus
recovered_archive1/28,清晰,>=7,6,11,1.8,13,246,30--60%,30--60%,粒线流,,0--1,无,1--30,无,浅红,无,无,可见1排,波纹状,0--2,1.6,0.6,0.1,2.3,轻度异常,3,0,consensus
recovered_archive1/29,清晰,5--6,13,15,1.2,19,169,<=30%,<=10%,粒流,,0--1,中度,1--30,无,浅红,无,无,可见2排,浅波纹状,,0.9,2.0,0.8,3.7,轻度异常,5,0,consensus
recovered_archive1/30,清晰,>=7,8,13,1.6,8,335,30--60%,<=10%,粒线流,,0--1,中度,1--30,1--2,浅红,+,无,不见,浅波纹状,,1.2,3.6,1.9,6.7,中度异常,4,0,consensus
recovered_archive1/31,清晰,>=7,7,11,1.6,10,205,<=30%,10--30%,线粒流,,0--1,无,1--30,无,浅红,无,无,可见2排,浅波纹状,0--2,0.7,0.2,0.8,1.7,大致正常,4,0,consensus
recovered_archive1/32,不清,3--4,9,19,2.1,48,194,,,线粒流,,0--1,轻度,1--30,无,暗红,+,1--2,不见,平坦,0--2,3.3,0.6,3.9,7.8,中度异常,4,0,consensus
recovered_archive1/33,不清,>=7,8,18,2.3,14,186,<=30%,,粒线流,,0--1,无,1--30,无,浅红,无,无,可见1排,浅波纹状,0--2,0.5,0.6,0.5,1.6,大致正常,4,0,consensus
recovered_archive1/34,清晰,>=7,,,,40,325,<=30%,>60%,粒流,,0--1,轻度,1--30,>2,暗红,+,无,可见2排,平坦,0--2,2.6,6.2,3.5,12.3,重度异常,4,0,consensus
recovered_archive1/35,清晰,>=7,8,11,1.4,13,82,<=30%,30--60%,粒线流,,0--1,轻度,1--30,无,浅红,无,无,可见1排,平坦,0--2,1.0,0.8,1.7,3.5,轻度异常,4,0,consensus
recovered_archive1/36,不清,>=7,8,9,1.1,10,70,30--60%,30--60%,粒线流,,0--1,轻度,1--30,无,淡红,+,无,可见1排,平坦,0--2,1.6,0.6,3.2,5.4,中度异常,4,0,consensus
recovered_archive1/37,不清,>=7,,,,,,<=30%,,线粒流,,0--1,无,1--30,无,浅红,无,无,不见,平坦,0--2,0.2,0.2,1.6,2.0,大致正常,4,0,consensus
recovered_archive1/38,不清,>=7,10,8,0.8,11,218,30--60%,10--30%,粒流,,0--1,中度,1--30,1--2,暗红,+++,无,可见2排,浅波纹状,,1.1,4.2,4.4,9.7,重度异常,4,0,consensus
recovered_archive1/39,清晰,5--6,7,14,2.0,13,369,<=30%,30--60%,线粒流,,0--1,轻度,1--30,1--2,浅红,无,无,可见2排,浅波纹状,0--2,3.4,2.4,0.8,6.6,中度异常,4,0,consensus
recovered_archive1/4,,,,,,,,,,,,,,,,,,,,,,,,,,,2,0,consensus
recovered_archive1/40,不清,>=7,10,15,1.5,21,143,<=30%,<=10%,粒线流,,0--1,轻度,1--30,无,浅红,+,无,可见1排,平坦,0--2,0.5,0.8,3.2,4.5,中度异常,4,0,consensus
recovered_archive1/41,清晰,3--4,7,10,1.4,8,171,30--60%,<=10%,粒线流,,0--1,中度,1--30,无,暗红,+++,无,可见2排,浅波纹状,0--2,2.9,1.8,4.4,9.1,重度异常,4,0,consensus
recovered_archive1/42,清晰,<1,,,,,211,,,粒线流,,0--1,无,1--30,无,浅红,+,无,不见,平坦,0--2,6.0,0.6,3.1,9.7,重度异常,4,0,consensus
recovered_archive1/43,,,,,,,,,,,,,,,,,,,,,,,,,,,3,0,consensus
recovered_archive1/44,不清,>=7,,,,,243,<=30%,>60%,粒流,,0--1,中度,1--30,1--2,暗红,++,无,">2排,扩张",平坦,0--2,1.6,4.2,5.0,10.8,重度异常,4,0,consensus
recovered_archive1/45,不清,>=7,14,18,1.3,13,301,<=30%,<=10%,粒线流,,0--1,中度,1--30,1--2,,+++,无,不见,波纹状,0--2,0.9,3.4,3.6,7.9,中度异常,4,0,consensus
recovered_archive1/46,清晰,>=7,11,16,1.5,28,316,<=30%,30--60%,粒缓流,,0--1,重度,1--30,1--2,暗红,+++,无,可见1排,平坦,0--2,1.8,7.0,5.3,14.1,重度异常,5,0,consensus
recovered_archive1/47,清晰,>=7,11,13,1.2,17,281,<=30%,10--30%,粒线流,,0--1,轻度,1--30,无,浅红,+,1--2,可见2排,浅波纹状,0--2,0.4,0.8,3.1,4.3,中度异常,4,0,consensus
recovered_archive1/48,模糊,3--4,17,22,1.3,,120,30--60%,30--60%,粒缓流,,0--1,中度,1--30,无,暗红,+,无,可见1排,平坦,0--2,5.6,3.0,3.2,11.8,重度异常,4,0,consensus
recovered_archive1/49,清晰,>=7,8,15,1.9,12,213,<=30%,<=10%,粒线流,,0--1,轻度,1--30,无,浅红,无,无,可见2排,波纹状,0--2,0.2,0.8,0.4,1.4,大致正常,4,0,consensus
recovered_archive1/50,,,,,,,,,,,,,,,,,,,,,,,,,,,4,0,consensus
recovered_archive1/51,模糊,,,,,,,,,,,,,,,,,,,,,0.6,,,0.6,正常,4,0,consensus
recovered_archive1/52,不清,>=7,14,21,1.5,28,131,60--80%,10--30%,粒流,,0--1,中度,1--30,无,,+,无,不见,平坦,0--2,2.6,1.8,3.1,7.5,中度异常,4,0,consensus
recovered_archive1/53,清晰,5--6,8,9,1.1,10,,<=30%,<=10%,,,0--1,无,1--30,无,暗红,无,无,不见,浅波纹状,0--2,1.2,0.4,0.4,2.0,大致正常,3,0,consensus
recovered_archive1/54,不清,>=7,7,12,1.7,113,219,60--80%,10--30%,线粒流,,0--1,无,1--30,无,浅红,无,无,可见1排,波纹状,0--2,2.0,0.2,0.1,2.3,轻度异常,4,0,consensus
recovered_archive1/55,清晰,5--6,10,14,1.4,22,297,<=30%,<=10%,粒线流,,2--4,轻度,1--30,无,浅红,无,无,可见1排,波纹状,0--2,1.4,0.9,0.1,2.4,轻度异常,4,0,consensus
recovered_archive1/57,不清,>=7,26,49,1.9,40,267,<=30%,,粒流,,0--1,中度,1--30,无,暗红,+,无,不见,浅波纹状,0--2,3.4,2.2,1.9,7.5,中度异常,4,0,consensus
recovered_archive1/59,不清,>=7,6,9,1.5,13,378,<=30%,<=10%,粒线流,,0--1,轻度,1--30,无,暗红,+,无,不见,浅波纹状,0--2,3.1,1.0,1.9,6.0,中度异常,4,0,consensus
recovered_archive1/60,清晰,>=7,13,19,1.5,11,267,,10--30%,线粒流,,0--1,轻度,1--30,>2,淡红,,,,,,0.6,5.0,,5.6,中度异常,4,0,consensus
recovered_archive1/61,清晰,>=7,14,19,1.4,19,213,<=30%,<=10%,粒流,,0--1,轻度,1--30,无,淡红,无,无,不见,波纹状,0--2,0.4,1.0,0.0,1.4,大致正常,5,0,consensus
recovered_archive1/62,清晰,>=7,17,16,0.9,17,300,30--60%,<=10%,线粒流,,0--1,轻度,1--30,无,暗红,++,无,不见,波纹状,0--2,1.2,0.6,2.4,4.2,中度异常,4,0,consensus
recovered_archive1/63,清晰,5--6,6,19,3.2,19,155,<=30%,,粒缓流,,0--1,中度,1--30,无,暗红,无,无,可见1排,平坦,0--2,2.0,3.0,1.7,6.7,中度异常,5,0,consensus
recovered_archive1/64,清晰,>=7,,,,18,286,<=30%,>60%,粒线流,,0--1,无,1--30,无,浅红,+,无,">2排,扩张",波纹状,0--2,1.4,0.6,2.5,4.5,中度异常,4,0,consensus
recovered_archive1/65,清晰,>=7,10,13,1.3,10,230,30--60%,,粒线流,,0--1,轻度,1--30,无,浅红,++,无,可见1排,浅波纹状,0--2,0.3,0.8,2.9,4.0,轻度异常,4,0,consensus
recovered_archive1/66,模糊,5--6,7,14,2.0,21,133,30--60%,30--60%,粒缓流,,0--1,重度,1--30,>2,暗红,++,无,不见,浅波纹状,0--2,2.5,9.8,2.8,15.1,重度异常,4,0,consensus
recovered_archive1/67,模糊,5--6,,,,,90,,30--60%,粒流,,0--1,中度,1--30,无,暗红,++,无,不见,浅波纹状,0--2,2.2,2.2,2.8,7.2,中度异常,4,0,consensus
recovered_archive1/68,不清,>=7,10,20,2.0,25,334,<=30%,<=10%,粒流,,0--1,中度,1--30,无,暗红,+,无,不见,平坦,0--2,2.0,2.2,3.1,7.3,中度异常,4,0,consensus
recovered_archive1/69,不清,>=7,,,,,169,30--60%,,线粒流,,0--1,轻度,1--30,无,暗红,无,无,不见,平坦,0--2,0.4,0.6,1.6,2.6,轻度异常,4,0,consensus
recovered_archive1/70,不清,>=7,5,10,2.0,11,126,>80%,<=10%,粒流,,0--1,轻度,1--30,无,浅红,无,无,">2排,扩张",浅波纹状,0--2,2.6,1.2,1.4,5.2,中度异常,4,0,consensus
recovered_archive1/71,清晰,5--6,10,18,1.8,14,322,<=30%,<=10%,粒流,,2--4,中度,1--30,1--2,浅红,无,无,可见2排,波纹状,0--2,1.3,4.1,0.4,5.8,中度异常,4,0,consensus
recovered_archive1/72,清晰,>=7,10,12,1.2,12,333,<=30%,10--30%,线粒流,,0--1,轻度,1--30,>2,淡红,无,无,可见1排,波纹状,,0.6,5.0,0.1,5.7,中度异常,4,0,consensus
recovered_archive1/73,不清,>=7,14,10,0.7,14,373,<=30%,>60%,粒流,,0--1,轻度,1--30,1--2,浅红,+,无,可见1排,波纹状,0--2,3.7,3.2,1.6,8.5,重度异常,4,0,consensus
recovered_archive1/74,清晰,>=7,9,15,1.7,18,223,<=30%,10--30%,粒流,,0--1,轻度,1--30,无,,无,1--2,可见2排,波纹状,0--2,0.2,1.0,1.2,2.4,轻度异常,4,0,consensus
recovered_archive1/75,清晰,>=7,11,17,1.5,17,343,<=30%,30--60%,粒缓流,,0--1,中度,1--30,>2,暗红,+,无,可见2排,浅波纹状,0--2,0.8,7.8,2.3,10.9,重度异常,4,0,consensus
recovered_archive1/76,清晰,>=7,7,11,1.6,11,227,<=30%,>60%,粒线流,,0--1,中度,1--30,1--2,暗红,无,无,可见2排,平坦,,1.5,3.8,2.0,7.3,中度异常,4,0,consensus
recovered_archive1/77,清晰,>=7,6,18,3.0,15,228,<=30%,10--30%,粒流,,0--1,中度,1--30,1--2,暗红,+,无,不见,波纹状,0--2,1.1,4.2,1.5,6.8,中度异常,4,0,consensus
recovered_archive1/78,清晰,5--6,11,25,2.3,11,365,<=30%,<=10%,粒流,,0--1,轻度,1--30,无,浅红,无,无,">2排,扩张",浅波纹状,0--2,3.7,1.2,1.4,6.3,中度异常,4,0,consensus
recovered_archive1/79,不清,5--6,13,11,0.8,27,225,<=30%,>60%,粒线流,,2--4,轻度,1--30,无,浅红,+,无,不见,平坦,0--2,3.2,0.9,3.1,7.2,中度异常,4,0,consensus
recovered_archive1/80,清晰,>=7,28,27,1.0,36,338,<=30%,10--30%,粒流,,0--1,中度,1--30,无,暗红,无,无,不见,平坦,0--2,3.6,2.2,1.6,7.4,中度异常,4,0,consensus
recovered_archive1/81,清晰,>=7,,,,43,238,<=30%,>60%,粒流,,0--1,中度,1--30,无,浅红,+,无,不见,波纹状,0--2,2.2,2.0,1.5,5.7,中度异常,4,0,consensus
recovered_archive1/82,清晰,>=7,8,13,1.6,17,278,<=30%,<=10%,线粒流,,0--1,轻度,1--30,无,浅红,无,无,不见,波纹状,0--2,0.4,0.4,0.0,0.8,正常,4,0,consensus
recovered_archive1/83,不清,>=7,6,10,1.7,16,270,<=30%,30--60%,粒流,,0--1,中度,1--30,无,暗红,++,无,不见,平坦,0--2,1.7,2.2,4.0,7.9,中度异常,4,0,consensus
recovered_archive1/84,清晰,3--4,11,13,1.2,21,210,30--60%,<=10%,粒摆流,,0--1,中度,1--30,无,浅红,+,无,不见,平坦,0--2,2.3,5.2,3.1,10.6,重度异常,5,0,consensus
recovered_archive1/85,不清,>=7,17,22,1.3,24,363,30--60%,<=10%,粒线流,,0--1,轻度,1--30,1--2,,无,无,可见2排,波纹状,0--2,4.0,2.6,0.4,7.0,中度异常,4,0,consensus
recovered_archive1/86,不清,>=7,8,11,1.4,14,228,30--60%,<=10%,粒流,,0--1,轻度,1--30,无,浅红,无,无,">2排,扩张",浅波纹状,0--2,0.6,1.2,1.4,3.2,轻度异常,5,0,consensus
recovered_archive1/88,不清,>=7,,,,,,30--60%,10--30%,粒线流,,0--1,轻度,1--30,无,淡红,无,无,不见,波纹状,,0.6,0.6,0.0,1.2,大致正常,4,0,consensus
recovered_archive1/89,不清,>=7,8,8,1.0,13,242,>80%,10--30%,线粒流,,0--1,无,1--30,1--2,浅红,无,无,可见2排,浅波纹状,3--4,2.4,2.2,0.9,5.5,中度异常,5,0,consensus
recovered_archive1/9,清晰,>=7,16,21,1.3,24,364,<=30%,<=10%,粒流,,0--1,轻度,1--30,1--2,暗红,无,无,可见1排,波纹状,0--2,3.6,3.4,0.1,7.1,中度异常,2,0,consensus
recovered_archive1/90,清晰,>=7,13,14,1.1,14,578,30--60%,<=10%,粒线流,,0--1,轻度,1--30,>2,淡红,+,无,">2排,扩张",波纹状,0--2,2.2,5.4,2.5,10.1,重度异常,5,0,consensus
recovered_archive1/91,不清,5--6,10,14,1.4,19,115,<=30%,<=10%,粒流,,0--1,中度,1--30,>2,暗红,++,无,">2排,扩张",平坦,,1.3,7.0,5.0,13.3,重度异常,4,0,consensus
recovered_archive1/92,清晰,>=7,14,18,1.3,14,236,30--60%,<=10%,线粒流,,0--1,无,1--30,无,浅红,无,无,可见2排,波纹状,0--2,0.5,0.2,0.4,1.1,大致正常,4,0,consensus
recovered_archive1/93,清晰,3--4,7,9,1.3,10,129,30--60%,,线粒流,,0--1,轻度,1--30,,浅红,无,无,不见,浅波纹状,0--2,2.8,0.4,0.4,3.6,轻度异常,4,0,consensus
recovered_archive1/94,不清,5--6,9,11,1.2,22,120,<=30%,,粒线流,,0--1,无,>30,无,暗红,无,无,不见,浅波纹状,0--2,1.6,1.0,0.4,3.0,轻度异常,4,0,consensus
recovered_archive1/95,清晰,>=7,7,11,1.6,22,264,<=30%,<=10%,线粒流,,0--1,无,1--30,无,淡红,无,无,不见,浅波纹状,0--2,0.8,0.0,0.4,1.2,大致正常,4,0,consensus
recovered_archive1/96,清晰,>=7,10,14,1.4,13,300,<=30%,<=10%,线流,,0--1,无,1--30,无,淡红,无,无,不见,浅波纹状,0--2,0.2,0.0,0.4,0.6,正常,2,0,consensus
recovered_archive1/97,清晰,5--6,5,14,2.8,25,143,<=30%,<=10%,,,0--1,轻度,1--30,无,暗红,无,无,不见,波纹状,0--2,2.8,0.6,0.0,3.4,轻度异常,5,0,consensus
recovered_archive1/98,清晰,>=7,24,24,1.0,44,280,<=30%,10--30%,,,0--1,中度,1--30,无,暗红,+,无,不见,波纹状,0--2,3.4,1.4,1.5,6.3,中度异常,4,0,consensus
recovered_archive1/99,不清,>=7,11,13,1.2,15,76,<=30%,>60%,粒流,,0--1,重度,1--30,1--2,暗红,+++,,不见,平坦,0--2,1.8,6.2,5.2,13.2,重度异常,4,0,consensus
recovered_archive2/101,清晰,>=7,7,12,1.7,12,164,<=30%,<=10%,线粒流,,0--1,轻度,1--30,无,浅红,无,无,不见,浅波纹状,0--2,0.2,0.4,0.4,1.0,正常,4,0,consensus
recovered_archive2/102,清晰,>=7,8,9,1.1,13,465,<=30%,<=10%,粒线流,,0--1,中度,1--30,无,浅红,+,无,不见,浅波纹状,,2.3,1.6,1.9,5.8,中度异常,4,0,consensus
recovered_archive2/103,不清,5--6,,,,,,,>60%,粒线流,,0--1,中度,1--30,1--2,暗红,无,无,可见2排,浅波纹状,0--2,2.2,3.8,0.8,6.8,中度异常,4,0,consensus
recovered_archive2/104,不清,3--4,20,41,2.0,60,286,<=30%,<=10%,粒流,,0--1,中度,1--30,无,浅红,+,1--2,可见2排,平坦,,5.4,2.0,4.3,11.7,重度异常,4,0,consensus
recovered_archive2/105,清晰,5--6,8,13,1.6,15,204,30--60%,30--60%,线粒流,,0--1,轻度,1--30,无,淡红,+,无,">2排,扩张",浅波纹状,,1.6,0.2,2.9,4.7,中度异常,4,0,consensus
recovered_archive2/106,清晰,5--6,10,13,1.3,15,133,30--60%,30--60%,粒线流,,0--1,中度,1--30,无,淡红,+,无,可见2排,波纹状,0--2,1.6,1.4,1.9,4.9,中度异常,4,0,consensus
recovered_archive2/107,清晰,>=7,10,14,1.4,21,96,<=30%,<=10%,线粒流,,0--1,轻度,1--30,无,浅红,+,无,不见,平坦,0--2,0.5,0.4,3.1,4.0,轻度异常,4,0,consensus
recovered_archive2/108,模糊,>=7,7,10,1.4,10,269,>80%,<=10%,粒流,,0--1,轻度,1--30,无,暗红,+++,无,不见,浅波纹状,,2.4,1.4,4.0,7.8,中度异常,4,0,consensus
recovered_archive2/109,清晰,>=7,13,13,1.0,19,388,<=30%,<=10%,粒流,,0--1,轻度,1--30,>2,暗红,无,无,">2排,扩张",波纹状,0--2,2.1,6.2,1.0,9.3,重度异常,4,0,consensus
recovered_archive2/110,不清,5--6,10,13,1.3,47,186,<=30%,30--60%,粒线流,,0--1,重度,1--30,1--2,暗红,+,无,可见1排,平坦,0--2,2.4,5.8,3.2,11.4,重度异常,5,0,consensus
recovered_archive2/111,不清,>=7,10,14,1.4,19,290,<=30%,<=10%,线粒流,,0--1,无,1--30,无,浅红,无,无,可见2排,浅波纹状,0--2,0.5,0.2,0.8,1.5,大致正常,4,0,consensus
recovered_archive2/112,清晰,3--4,67,68,1.3,82,439,30--60%,30--60%,全停,,0--1,中度,1--30,无,暗红,+,无,不见,浅波纹状,0--2,7.6,7.4,1.9,16.9,重度异常,4,0,consensus
recovered_archive2/113,模糊,3--4,12,21,1.8,19,330,<=30%,>60%,粒缓流,,0--1,中度,1--30,无,暗红,无,无,不见,平坦,0--2,3.7,3.0,1.6,,重度异常,4,0,consensus
recovered_archive2/114,不清,5--6,11,18,1.6,22,104,30--60%,30--60%,粒流,,0--1,中度,1--30,1--2,暗红,+,1--2,可见2排,平坦,0--2,2.3,4.2,4.3,10.8,重度异常,4,0,consensus
recovered_archive2/115,清晰,>=7,8,19,2.4,15,221,30--60%,30--60%,粒线流,,0--1,中度,1--30,无,暗红,++,无,可见1排,浅波纹状,0--2,0.9,1.8,2.9,5.6,中度异常,4,0,consensus
recovered_archive2/116,不清,>=7,7,10,1.4,14,319,<=30%,>60%,粒线流,,0--1,轻度,1--30,无,浅红,,无,不见,浅波纹状,0--2,2.1,0.8,2.8,5.7,中度异常,4,0,consensus
recovered_archive2/117,清晰,5--6,13,20,1.5,18,121,30--60%,<=10%,,,0--1,无,1--30,无,,无,无,不见,波纹状,0--2,1.6,0.0,0.0,1.6,大致正常,3,0,consensus
recovered_archive2/118,清晰,>=7,14,14,1.0,22,361,<=30%,>60%,粒线流,,0--1,轻度,1--30,无,暗红,无,1--2,不见,波纹状,0--2,,1.0,8,5.6,中度异常,4,0,consensus
recovered_archive2/119,不清,>=7,13,,,,53,,,线粒流,,0--1,无,1--30,无,暗红,+,无,不见,波纹状,0--2,0.6,0.4,1.5,2.5,轻度异常,4,0,consensus
recovered_archive2/120,不清,>=7,6,10,1.7,6,293,60--80%,10--30%,线粒流,,0--1,无,1--30,无,浅红,+,无,可见1排,波纹状,0--2,2.3,0.2,1.6,4.1,中度异常,4,0,consensus
recovered_archive2/121,不清,>=7,8,11,1.4,17,388,60--80%,<=10%,粒线流,,0--1,轻度,1--30,无,暗红,+,无,可见1排,平坦,0--2,2.8,1.0,3.2,7.0,中度异常,4,0,consensus
recovered_archive2/122,清晰,>=7,14,11,0.8,21,427,30--60%,<=10%,线粒流,,0--1,轻度,1--30,无,浅红,无,无,不见,浅波纹状,,2.5,0.4,0.4,3.3,轻度异常,4,0,consensus
recovered_archive2/123,清晰,5--6,8,17,2.1,13,131,60--80%,,粒流,,0--1,轻度,1--30,1--2,浅红,无,无,">2排,扩张",平坦,0--2,1.6,3.2,2.6,7.4,中度异常,4,0,consensus
recovered_archive2/124,清晰,>=7,8,11,1.4,13,271,<=30%,<=10%,线粒流,,0--1,无,1--30,无,浅红,无,无,">2排,扩张",浅波纹状,0--2,0.4,0.2,1.4,2.0,大致正常,4,0,consensus
recovered_archive2/125,清晰,5--6,10,15,1.5,18,311,30--60%,30--60%,粒缓流,,0--1,中度,1--30,1--2,浅红,无,无,可见1排,浅波纹状,0--2,1.8,4.8,0.5,7.1,中度异常,4,0,consensus
recovered_archive2/126,不清,>=7,8,11,1.4,12,207,30--60%,<=10%,线粒流,,0--1,无,1--30,无,浅红,+,无,不见,浅波纹状,0--2,0.6,0.2,1.9,2.7,轻度异常,4,0,consensus
recovered_archive2/127,清晰,>=7,12,13,1.1,13,165,<=30%,<=10%,线粒流,,0--1,,1--30,无,,无,无,不见,平坦,0--2,0.0,0.0,1.6,1.6,大致正常,4,0,consensus
recovered_archive2/128,不清,5--6,,,,46,316,<=30%,>60%,粒流,,0--1,中度,1--30,无,暗红,+,无,可见2排,平坦,0--2,3.6,2.2,3.5,9.3,重度异常,5,0,consensus
recovered_archive2/129,清晰,>=7,10,17,1.7,13,228,>80%,<=10%,粒流,,0--1,中度,1--30,无,淡红,无,1--2,可见2排,浅波纹状,0--2,1.2,1.8,1.6,4.6,中度异常,4,0,consensus
recovered_archive2/130,清晰,>=7,13,19,1.5,26,166,<=30%,<=10%,粒流,,0--1,重度,1--30,>2,暗红,+,无,">2排,扩张",平坦,0--2,1.1,9.0,4.1,14.2,重度异常,4,0,consensus
recovered_archive2/131,模糊,>=7,19,20,1.1,17,130,30--60%,<=10%,粒流,,0--1,中度,1--30,无,浅红,,无,不见,平坦,0--2,2.6,2.0,4.0,8.6,重度异常,4,0,consensus
recovered_archive2/132,清晰,>=7,13,18,1.4,25,296,<=30%,<=10%,粒流,,0--1,中度,1--30,1--2,暗红,++,无,可见2排,平坦,0--2,1.3,4.2,4.4,9.9,重度异常,4,0,consensus
recovered_archive2/134,清晰,>=7,11,14,1.3,14,198,<=30%,10--30%,线流,,0--1,无,1--30,无,淡红,无,无,可见2排,浅波纹状,0--2,0.2,0.0,0.8,1.0,正常,5,0,consensus
recovered_archive2/135,不清,5--6,11,13,1.2,21,145,30--60%,<=10%,粒缓流,,0--1,中度,1--30,无,暗红,+,1--2,可见1排,平坦,0--2,1.5,3.0,4.0,8.5,重度异常,4,0,consensus
recovered_archive2/136,不清,>=7,18,15,0.8,17,292,<=30%,<=10%,粒线流,,0--1,中度,1--30,>2,,+,无,可见2排,波纹状,0--2,1.6,6.2,1.9,9.7,重度异常,4,0,consensus
recovered_archive2/137,不清,,,,,,,,,,,,,,,,,,,,,,,,,,4,0,consensus
recovered_archive2/138,不清,5--6,14,32,2.3,27,311,<=30%,<=10%,粒缓流,,0--1,中度,1--30,无,暗红,++,1--2,">2排,扩张",平坦,0--2,3.4,3.0,5.8,12.2,重度异常,5,0,consensus
recovered_archive2/139,不清,5--6,13,14,1.1,11,306,<=30%,10--30%,粒流,,0--1,中度,1--30,1--2,暗红,+,无,可见2排,浅波纹状,0--2,1.7,4.2,2.3,8.2,重度异常,4,0,consensus
recovered_archive2/140,清晰,>=7,17,24,1.4,25,347,<=30%,10--30%,粒流,,0--1,中度,1--30,无,暗红,+,无,">2排,扩张",,0--2,3.2,2.2,,7.9,中度异常,4,0,consensus
recovered_archive2/141,清晰,5--6,15,26,1.7,19,446,30--60%,<=10%,线粒流,,0--1,轻度,1--30,无,浅红,无,无,可见1排,浅波纹状,,4.1,0.4,0.5,5.0,中度异常,5,0,consensus
recovered_archive2/142,不清,>=7,13,10,0.8,19,148,30--60%,<=10%,粒流,,0--1,中度,1--30,1--2,暗红,+,无,">2排,扩张",平坦,,0.8,4.2,,9.1,重度异常,4,0,consensus
recovered_archive2/143,清晰,>=7,7,8,1.1,10,256,<=30%,<=10%,粒线流,,0--1,轻度,1--30,无,浅红,无,无,可见2排,浅波纹状,0--2,0.9,0.8,0.8,2.5,轻度异常,4,0,consensus
recovered_archive2/144,清晰,>=7,11,17,1.5,19,499,<=30%,<=10%,粒缓流,,0--1,中度,1--30,无,,无,无,不见,浅波纹状,0--2,2.1,2.6,0.4,5.1,中度异常,4,0,consensus
recovered_archive2/145,清晰,>=7,11,24,2.2,20,315,60--80%,<=10%,粒线流,,0--1,中度,1--30,无,浅红,无,无,可见2排,波纹状,0--2,1.7,1.6,0.4,3.7,轻度异常,4,0,consensus
recovered_archive2/146,清晰,>=7,11,10,0.9,21,349,<=30%,<=10%,粒线流,,0--1,中度,1--30,1--2,,无,无,不见,浅波纹状,0--2,0.6,3.4,0.4,4.4,中度异常,4,0,consensus
recovered_archive2/147,不清,5--6,8,15,1.9,18,264,<=30%,>60%,粒流,,0--1,中度,1--30,1--2,暗红,+,无,可见1排,波纹状,,2.6,4.2,1.6,8.4,重度异常,4,0,consensus
recovered_archive2/148,清晰,>=7,13,18,1.4,21,585,30--60%,<=10%,粒流,,0--1,中度,1--30,>2,浅红,无,无,可见1排,浅波纹状,0--2,2.4,6.8,0.5,9.7,重度异常,4,0,consensus
recovered_archive2/149,,>=7,11,14,1.3,15,224,<=30%,10--30%,粒线流,,0--1,中度,1--30,>2,暗红,+,无,可见2排,浅波纹状,,0.2,6.6,,9.1,重度异常,4,0,consensus
recovered_archive2/150,不清,5--6,17,21,1.2,32,362,30--60%,<=10%,粒流,,0--1,中度,1--30,无,暗红,无,无,不见,浅波纹状,0--2,5.4,2.2,0.4,8.0,中度异常,4,0,consensus
recovered_archive2/151,不清,5--6,,,,,,30--60%,30--60%,粒线流,,0--1,轻度,1--30,无,暗红,+,无,不见,平坦,0--2,1.6,1.0,3.1,5.7,中度异常,4,0,consensus
recovered_archive2/152,不清,>=7,0,16,1.1,24,357,30--60%,10--30%,粒缓流,,0--1,重度,1--30,>2,暗红,++,无,可见1排,浅波纹状,0--2,2.6,9.8,2.9,15.3,重度异常,4,3,conflict
recovered_archive2/153,模糊,>=7,8,14,1.8,17,174,<=30%,10--30%,粒流,,0--1,中度,1--30,1--2,浅红,无,无,可见2排,浅波纹状,0--2,1.0,4.0,0.5,5.5,中度异常,4,0,consensus
recovered_archive2/154,清晰,5--6,15,14,0.9,24,304,30--60%,30--60%,粒流,,0--1,轻度,1--30,无,浅红,+,无,不见,浅波纹状,0--2,2.4,1.2,1.9,5.5,中度异常,4,0,consensus
recovered_archive2/155,清晰,>=7,10,16,1.6,21,221,<=30%,<=10%,粒线流,,0--1,轻度,1--30,无,浅红,+,无,不见,波纹状,0--2,0.1,0.8,1.5,2.4,轻度异常,4,0,consensus
recovered_archive2/156,清晰,>=7,14,19,1.4,26,353,<=30%,,粒线流,,0--1,无,1--30,无,暗红,无,无,可见2排,波纹状,0--2,1.7,0.8,0.4,2.9,轻度异常,4,0,consensus
recovered_archive2/157,清晰,>=7,10,10,1.0,14,242,<=30%,<=10%,粒线流,,0--1,轻度,1--30,无,浅红,无,无,不见,浅波纹状,0--2,0.3,0.8,0.4,1.5,大致正常,4,0,consensus
recovered_archive2/158,不清,>=7,14,13,0.9,13,297,<=30%,<=10%,线粒流,,0--1,轻度,1--30,1--2,浅红,+,无,可见2排,波纹状,0--2,0.6,2.4,1.9,4.9,中度异常,4,0,consensus
recovered_archive2/159,模糊,5--6,10,14,1.4,13,175,30--60%,10--30%,粒流,,0--1,中度,1--30,无,暗红,++,无,不见,浅波纹状,0--2,1.8,2.2,2.8,6.8,中度异常,5,0,consensus
recovered_archive2/161,清晰,>=7,8,13,1.6,17,339,30--60%,10--30%,粒线流,,0--1,中度,1--30,>2,暗红,+,无,可见1排,浅波纹状,,1.0,6.6,2.0,9.6,重度异常,4,0,consensus
recovered_archive2/162,清晰,>=7,10,11,1.1,13,228,<=30%,<=10%,粒线流,,0--1,轻度,1--30,1--2,暗红,++,无,不见,浅波纹状,0--2,0.0,3.0,2.8,5.8,中度异常,5,0,consensus
recovered_archive2/163,模糊,5--6,,,,,183,30--60%,30--60%,粒流,,0--1,中度,1--30,1--2,暗红,+,无,">2排,扩张",平坦,,2.0,4.2,,10.3,重度异常,5,0,consensus
recovered_archive2/164,清晰,5--6,8,10,1.3,13,154,30--60%,30--60%,粒流,,0--1,,1--30,无,浅红,,无,可见1排,平坦,3--4,1.9,1.0,,7.1,中度异常,4,0,consensus
recovered_archive2/165,清晰,5--6,4,11,2.8,12,288,<=30%,>60%,粒流,,2--4,中度,1--30,无,暗红,+,,不见,波纹状,0--2,3.0,2.3,1.5,6.8,中度异常,4,0,consensus
recovered_archive2/166,不清,5--6,14,14,1.0,15,144,<=30%,<=10%,粒流,,0--1,中度,1--30,无,暗红,+++,无,不见,波纹状,0--2,1.4,2.2,3.6,7.2,中度异常,4,0,consensus
recovered_archive2/167,清晰,>=7,8,11,1.4,15,189,<=30%,<=10%,粒流,,0--1,轻度,1--30,无,浅红,无,无,不见,浅波纹状,0--2,0.2,1.2,0.4,1.8,大致正常,4,0,consensus
recovered_archive2/168,清晰,>=7,9,16,1.8,15,243,<=30%,<=10%,线粒流,,0--1,轻度,1--30,>2,浅红,无,无,可见2排,平坦,0--2,0.2,5.2,2.0,7.4,中度异常,4,0,consensus
recovered_archive2/169,清晰,5--6,7,17,2.4,19,128,<=30%,,粒流,,0--1,轻度,1--30,1--2,浅红,无,无,">2排,扩张",平坦,0--2,1.3,4.0,2.6,7.9,中度异常,5,0,consensus
recovered_archive2/170,清晰,>=7,13,15,1.2,13,125,<=30%,10--30%,粒线流,,0--1,中度,1--30,无,,++,无,可见1排,平坦,0--2,0.4,1.4,4.1,5.9,中度异常,4,0,consensus
recovered_archive2/171,清晰,>=7,7,11,1.6,,,,,,,0--1,轻度,1--30,无,淡红,无,无,不见,,,0.2,0.2,0.0,0.4,正常,2,0,consensus
recovered_archive2/172,清晰,>=7,13,17,1.3,16,170,<=30%,<=10%,粒线流,,0--1,中度,1--30,无,暗红,+,无,不见,平坦,0--2,0.0,1.8,3.1,4.9,中度异常,5,0,consensus
recovered_archive2/173,清晰,>=7,8,14,1.8,13,242,<=30%,<=10%,粒流,,0--1,中度,1--30,1--2,浅红,无,无,可见2排,波纹状,0--2,0.4,4.0,0.4,4.8,中度异常,5,0,consensus
recovered_archive2/174,清晰,>=7,11,14,1.3,16,221,<=30%,<=10%,线粒流,,0--1,无,>30,无,浅红,无,无,不见,浅波纹状,0--2,0.0,0.4,0.4,0.8,正常,4,0,consensus
recovered_archive2/175,清晰,>=7,10,14,1.4,35,150,<=30%,>60%,粒线流,,0--1,轻度,1--30,无,浅红,+,无,">2排,扩张",浅波纹状,0--2,2.4,0.8,2.9,6.1,中度异常,4,0,consensus
recovered_archive2/176,清晰,>=7,0,17,1.5,15,38,30--60%,10--30%,粒流,,0--1,中度,1--30,1--2,暗红,无,无,">2排,扩张",浅波纹状,,3.6,4.2,1.4,9.2,重度异常,4,4,conflict
recovered_archive2/177,清晰,5--6,6,9,1.5,11,184,30--60%,,线粒流,,0--1,轻度,1--30,1--2,浅红,无,无,可见2排,平坦,0--2,2.0,2.4,2.0,6.4,中度异常,4,0,consensus
recovered_archive2/178,清晰,>=7,6,13,2.2,11,125,,,粒流,,0--1,中度,1--30,>2,浅红,无,无,可见2排,平坦,0--2,1.1,6.8,2.0,9.9,重度异常,5,0,consensus
recovered_archive2/179,不清,>=7,6,11,1.8,14,123,<=30%,,粒线流,,0--1,轻度,1--30,1--2,浅红,无,无,可见2排,平坦,0--2,1.2,2.8,2.0,6.0,中度异常,4,0,consensus
recovered_archive2/180,清晰,5--6,,,,,174,<=30%,>60%,粒线流,,0--1,中度,1--30,无,暗红,++,无,不见,平坦,0--2,2.0,1.8,4.0,7.8,重度异常,3,0,consensus
recovered_archive2/181,清晰,>=7,17,26,1.5,23,288,<=30%,<=10%,粒线流,,0--1,轻度,1--30,无,浅红,无,无,">2排,扩张",浅波纹状,0--2,2.2,1.8,1.4,5.4,中度异常,4,0,consensus
recovered_archive2/182,清晰,>=7,9,15,1.7,24,271,<=30%,30--60%,粒流,,2--4,中度,1--30,无,暗红,无,无,可见1排,波纹状,0--2,1.0,2.3,0.1,3.4,中度异常,5,0,consensus
recovered_archive2/183,清晰,>=7,10,13,1.3,10,236,<=30%,>60%,粒流,,0--1,中度,1--30,1--2,暗红,+,无,不见,波纹状,0--2,1.3,4.2,1.5,7.0,中度异常,4,0,consensus
recovered_archive2/184,不清,>=7,13,15,1.2,10,209,30--60%,10--30%,线粒流,,0--1,中度,1--30,无,暗红,无,无,不见,平坦,0--2,0.7,1.4,1.6,3.7,轻度异常,5,0,consensus
recovered_archive2/185,清晰,>=7,11,14,1.3,19,303,<=30%,<=10%,粒流,,0--1,中度,1--30,无,,+++,无,可见2排,浅波纹状,0--2,0.5,1.8,4.4,6.7,中度异常,4,0,consensus
recovered_archive2/186,清晰,>=7,14,14,1.0,22,362,<=30%,<=10%,粒线流,,0--1,中度,1--30,>2,淡红,无,无,">2排,扩张",浅波纹状,,2.6,6.2,1.4,10.2,重度异常,4,0,consensus
recovered_archive2/187,不清,>=7,10,15,1.5,21,299,<=30%,<=10%,粒流,,0--1,中度,1--30,1--2,暗红,+,无,可见1排,浅波纹状,0--2,0.5,4.2,2.0,6.7,中度异常,4,0,consensus
recovered_archive2/188,不清,,,,,,,,,,,,,,,,+,无,,平坦,,0.2,,,3.1,轻度异常,4,1,conflict
recovered_archive2/189,不清,5--6,,,,42,421,<=30%,>60%,粒线流,,0--1,中度,1--30,无,暗红,++,无,不见,平坦,0--2,5.2,1.8,4.0,11.0,重度异常,4,0,consensus
recovered_archive2/190,清晰,>=7,11,18,1.6,17,183,30--60%,,粒线流,,0--1,轻度,1--30,无,暗红,无,无,可见2排,平坦,0--2,0.3,1.0,2.0,3.3,轻度异常,4,0,consensus
recovered_archive2/191,清晰,>=7,11,11,1.0,18,288,<=30%,<=10%,线粒流,,0--1,轻度,1--30,无,浅红,+,1--2,可见1排,波纹状,0--2,0.2,0.4,2.4,3.0,轻度异常,4,0,consensus
recovered_archive2/192,清晰,5--6,13,18,1.4,28,261,<=30%,<=10%,粒缓流,,2--4,轻度,>30,1--2,浅红,无,无,可见2排,浅波纹状,0--2,2.1,4.3,0.8,7.2,中度异常,5,0,consensus
recovered_archive2/193,不清,>=7,11,15,1.4,32,404,<=30%,<=10%,粒流,,0--1,中度,1--30,>2,暗红,+,无,可见1排,平坦,0--2,3.2,7.0,3.2,13.4,重度异常,4,0,consensus
recovered_archive2/194,不清,3--4,7,8,1.1,8,107,30--60%,,线粒流,,0--1,无,1--30,无,浅红,+,无,可见1排,平坦,0--2,3.6,0.2,3.2,7.0,中度异常,4,0,consensus
recovered_archive2/195,清晰,>=7,8,18,2.3,14,459,<=30%,30--60%,粒线流,,0--1,轻度,1--30,1--2,浅红,无,无,可见1排,波纹状,,2.7,2.8,0.1,5.6,中度异常,4,0,consensus
recovered_archive2/196,不清,>=7,,,,,123,<=30%,>60%,粒线流,,0--1,重度,1--30,无,暗红,++,无,可见1排,平坦,0--2,1.6,3.8,,9.5,重度异常,4,0,consensus
recovered_archive2/197,不清,>=7,10,13,1.3,13,185,<=30%,<=10%,粒线流,,0--1,轻度,1--30,无,浅红,+,无,不见,浅波纹状,0--2,0.2,0.8,1.9,2.9,轻度异常,4,0,consensus
recovered_archive2/198,不清,5--6,13,17,1.3,18,195,30--60%,30--60%,粒线流,,0--1,中度,1--30,>2,暗红,++,无,可见1排,浅波纹状,0--2,1.6,6.6,2.9,11.1,重度异常,4,0,consensus
recovered_archive2/199,不清,5--6,,,,,425,<=30%,<=10%,粒线流,,0--1,中度,1--30,1--2,暗红,无,无,">2排,扩张",波纹状,0--2,3.0,3.8,1.0,7.8,中度异常,4,0,consensus
recovered_archive2/200,不清,>=7,8,14,1.8,20,234,<=30%,<=10%,粒线流,,0--1,轻度,1--30,1--2,暗红,+,无,不见,平坦,0--2,0.5,3.0,3.1,6.6,中度异常,4,0,consensus
recovered_archive3/201,清晰,>=7,13,17,1.3,15,125,<=30%,<=10%,粒流,,0--1,中度,1--30,无,淡红,+,无,">2排,扩张",平坦,,0.2,1.8,4.1,6.1,中度异常,5,0,consensus
recovered_archive3/202,清晰,3--4,13,15,1.2,22,156,60--80%,>60%,粒流,,2--4,中度,1--30,无,浅红,无,无,不见,平坦,0--2,4.2,2.1,1.6,7.9,中度异常,4,0,consensus
recovered_archive3/203,不清,>=7,8,11,1.4,10,322,<=30%,>60%,粒流,,0--1,中度,1--30,无,暗红,无,无,不见,浅波纹状,0--2,2.1,2.2,0.4,4.7,中度异常,5,0,consensus
recovered_archive3/204,清晰,>=7,8,10,1.3,18,357,>80%,,粒线流,,0--1,中度,1--30,>2,浅红,无,无,">2排,扩张",波纹状,0--2,1.9,6.4,1.0,9.3,重度异常,4,0,consensus
recovered_archive3/205,清晰,5--6,18,25,1.4,32,292,30--60%,<=10%,粒流,,0--1,中度,1--30,1--2,浅红,+,无,可见2排,浅波纹状,0--2,4.2,5.0,2.3,11.5,重度异常,5,0,consensus
recovered_archive3/206,清晰,>=7,13,15,1.2,14,294,<=30%,30--60%,粒缓流,,0--1,重度,1--30,>2,暗红,无,无,可见2排,浅波纹状,0--2,0.6,9.8,0.8,11.2,重度异常,5,0,consensus
recovered_archive3/207,清晰,>=7,11,18,1.6,25,294,<=30%,<=10%,线粒流,,0--1,轻度,1--30,1--2,淡红,+,无,可见2排,浅波纹状,0--2,1.3,2.2,2.3,5.8,中度异常,4,0,consensus
recovered_archive3/208,清晰,>=7,12,16,1.3,17,449,<=30%,<=10%,线粒流,,0--1,轻度,1--30,无,浅红,+,无,可见2排,波纹状,0--2,2.0,0.4,1.9,4.3,中度异常,4,0,consensus
recovered_archive3/209,不清,5--6,7,13,1.9,10,143,60--80%,,线粒流,,0--1,无,1--30,无,淡红,无,无,不见,波纹状,0--2,1.9,0.0,0.0,1.9,大致正常,4,0,consensus
recovered_archive3/210,清晰,5--6,8,13,1.6,25,177,<=30%,>60%,粒流,,0--1,中度,1--30,无,浅红,+,无,不见,波纹状,0--2,3.2,2.0,1.5,6.7,中度异常,5,0,consensus
recovered_archive3/211,不清,>=7,10,14,1.4,14,138,60--80%,10--30%,粒线流,,0--1,无,1--30,无,暗红,+,无,不见,平坦,0--2,1.0,0.8,1.6,3.4,轻度异常,4,0,consensus
recovered_archive3/212,不清,3--4,10,13,1.3,11,648,<=30%,<=10%,粒流,,0--1,轻度,1--30,无,暗红,+,无,">2排,扩张",浅波纹状,,4.3,1.4,2.9,8.6,重度异常,4,0,consensus
recovered_archive3/213,不清,>=7,7,8,1.1,14,345,<=30%,<=10%,粒流,,0--1,中度,1--30,1--2,暗红,+,无,可见1排,波纹状,0--2,1.2,4.2,1.6,7.0,中度异常,5,0,consensus
recovered_archive3/214,不清,5--6,21,24,1.1,27,239,60--80%,<=10%,粒流,,,中度,1--30,>2,暗红,+,无,">2排,扩张",平坦,0--2,4.4,7.0,4.1,15.5,重度异常,5,0,consensus
recovered_archive3/215,不清,>=7,8,18,2.3,18,184,30--60%,<=10%,粒线流,,0--1,轻度,1--30,>2,浅红,+,无,">2排,扩张",浅波纹状,0--2,0.7,5.6,2.9,9.2,重度异常,4,0,consensus
recovered_archive3/216,不清,5--6,7,7,1.0,9,181,,,粒线流,,0--1,轻度,1--30,1--2,暗红,+,无,不见,浅波纹状,0--2,1.7,3.0,1.9,6.6,中度异常,4,0,consensus
recovered_archive3/217,清晰,>=7,7,8,1.1,14,227,<=30%,10--30%,粒流,,0--1,轻度,1--30,无,暗红,无,无,不见,波纹状,0--2,0.8,1.4,0.0,2.2,轻度异常,3,0,consensus
recovered_archive3/218,清晰,5--6,6,14,2.3,11,301,30--60%,<=10%,粒线流,,0--1,中度,1--30,>2,暗红,+,无,">2排,扩张",浅波纹状,0--2,2.3,6.6,2.9,11.8,重度异常,4,4,conflict
recovered_archive3/219,不清,1--2,14,46,3.3,35,167,<=30%,30--60%,粒缓流,,0--1,重度,1--30,无,,+,无,不见,浅波纹状,0--2,6.6,4.6,1.9,13.1,重度异常,4,0,consensus
recovered_archive3/220,不清,>=7,13,17,1.3,18,131,<=30%,<=10%,线粒流,,0--1,轻度,1--30,>2,浅红,++,1--2,可见1排,浅波纹状,,0.4,5.2,3.7,9.3,重度异常,5,0,consensus
recovered_archive3/221,清晰,>=7,4,8,2.0,10,120,60--80%,10--30%,线粒流,,0--1,无,1--30,无,浅红,无,无,可见2排,平坦,0--2,2.1,0.2,2.0,4.3,中度异常,5,0,consensus
recovered_archive3/222,不清,>=7,,,,21,346,<=30%,>60%,粒缓流,,0--1,重度,1--30,1--2,暗红,+,无,不见,平坦,0--2,1.9,7.0,3.1,12.0,重度异常,4,0,consensus
recovered_archive3/223,不清,,,,,,,,,粒缓流,,0--1,中度,1--30,1--2,暗红,+,无,不见,平坦,,0.2,5.0,,8.3,重度异常,4,0,consensus
recovered_archive3/224,不清,5--6,,,,,317,,>60%,粒线流,,0--1,重度,1--30,无,暗红,++,无,不见,浅波纹状,0--2,2.6,3.8,2.8,9.2,重度异常,4,0,consensus
recovered_archive3/225,清晰,>=7,11,15,1.4,22,428,<=30%,<=10%,线粒流,,0--1,轻度,1--30,1--2,浅红,无,无,可见2排,波纹状,0--2,2.4,2.4,0.4,5.2,中度异常,4,0,consensus
recovered_archive3/226,,>=7,10,14,1.4,12,100,30--60%,30--60%,粒缓流,,0--1,重度,1--30,>2,暗红,++,无,">2排,扩张",浅波纹状,,0.8,9.8,3.8,14.4,重度异常,4,0,consensus
recovered_archive3/227,不清,3--4,,,,,,,>60%,粒流,,0--1,中度,1--30,无,暗红,+,无,不见,平坦,0--2,3.4,2.2,3.1,8.7,重度异常,4,0,consensus
recovered_archive3/228,清晰,>=7,8,17,2.1,17,335,<=30%,<=10%,线粒流,,0--1,轻度,1--30,无,浅红,无,无,不见,波纹状,0--2,0.6,0.4,0.0,1.0,正常,4,0,consensus
recovered_archive3/229,清晰,>=7,0,18,2.3,15,465,<=30%,<=10%,粒线流,,0--1,中度,1--30,>2,暗红,无,无,不见,波纹状,0--2,2.3,6.6,0.0,9.9,重度异常,4,2,conflict
recovered_archive3/230,清晰,>=7,,10,,14,185,<=30%,<=10%,粒线流,,0--1,无,1--30,无,浅红,无,无,不见,波纹状,0--2,0.1,0.2,0.0,0.3,正常,5,0,consensus
recovered_archive3/231,不清,>=7,14,13,0.9,11,333,30--60%,<=10%,粒线流,,0--1,中度,1--30,1--2,暗红,+,无,可见1排,平坦,0--2,1.1,3.8,3.2,8.1,重度异常,4,0,consensus
recovered_archive3/232,清晰,>=7,11,10,0.9,18,277,<=30%,<=10%,粒流,,0--1,轻度,1--30,1--2,浅红,+,无,可见1排,波纹状,0--2,0.3,3.2,1.6,5.1,中度异常,4,0,consensus
recovered_archive3/233,不清,3--4,14,22,1.6,26,323,<=30%,<=10%,粒流,,0--1,中度,1--30,1--2,暗红,+,无,不见,平坦,0--2,4.2,4.2,3.1,11.5,重度异常,5,0,consensus
recovered_archive3/234,不清,3--4,21,35,1.7,39,241,<=30%,<=10%,粒摆流,,0--1,重度,1--30,无,暗紫,+,无,不见,平坦,0--2,5.4,7.8,3.1,16.3,重度异常,4,0,consensus
recovered_archive3/235,清晰,>=7,15,19,1.3,19,273,30--60%,,粒线流,,0--1,无,1--30,>2,浅红,无,无,不见,波纹状,0--2,0.8,5.4,0.0,6.2,中度异常,4,0,consensus
recovered_archive3/236,清晰,5--6,9,8,0.9,13,260,,,粒线流,,0--1,轻度,1--30,1--2,淡红,无,无,可见2排,波纹状,0--2,1.4,2.6,0.4,4.4,中度异常,4,0,consensus
recovered_archive3/237,清晰,>=7,10,10,1.0,14,144,<=30%,<=10%,粒流,,0--1,中度,1--30,无,浅红,无,无,不见,浅波纹状,0--2,0.3,1.6,0.4,2.3,轻度异常,5,0,consensus
recovered_archive3/240,,,,,,,,,,,,,,,,,,,,,,,,,,,3,0,consensus
recovered_archive3/241,不清,5--6,14,15,1.1,13,177,60--80%,<=10%,粒流,,0--1,中度,1--30,>2,暗红,+,无,不见,波纹状,0--2,1.6,7.0,1.5,10.1,重度异常,4,0,consensus
recovered_archive3/242,清晰,>=7,9,14,1.6,19,354,<=30%,,线粒流,,0--1,无,1--30,无,浅红,无,无,可见1排,波纹状,0--2,0.5,0.2,0.1,0.8,正常,4,0,consensus
recovered_archive3/243,不清,>=7,9,12,1.3,23,401,<=30%,<=10%,粒线流,,0--1,中度,1--30,,,+,1--2,不见,平坦,,2.6,1.4,3.9,7.9,中度异常,4,0,consensus
recovered_archive3/244,清晰,>=7,13,17,1.3,19,371,<=30%,<=10%,线流,,0--1,轻度,1--30,无,浅红,+,无,可见1排,波纹状,0--2,2.1,0.4,1.6,4.1,轻度异常,4,0,consensus
recovered_archive3/245,清晰,>=7,6,11,1.8,13,246,30--60%,30--60%,粒线流,,0--1,无,1--30,无,浅红,无,无,可见1排,波纹状,0--2,1.6,0.6,0.1,2.3,轻度异常,1,0,consensus
recovered_archive3/246,清晰,>=7,11,19,1.7,28,371,30--60%,,粒流,,0--1,轻度,>30,1--2,浅红,无,无,可见1排,波纹状,0--2,3.3,3.4,0.1,6.8,中度异常,4,0,consensus
recovered_archive3/247,清晰,>=7,31,44,1.4,80,380,<=30%,>60%,粒缓流,,0--1,中度,1--30,无,暗红,无,无,可见1排,浅波纹状,0--2,6.2,3.0,0.5,9.7,重度异常,4,0,consensus
recovered_archive3/248,不清,>=7,13,15,1.2,19,313,30--60%,10--30%,粒线流,,0--1,中度,1--30,>2,浅红,无,无,可见2排,浅波纹状,,1.1,6.4,8,,重度异常,5,0,consensus
recovered_archive3/249,清晰,>=7,13,11,0.8,17,143,30--60%,30--60%,粒流,,0--1,中度,1--30,无,暗红,++,无,">2排,扩张",平坦,,0.8,2.2,5.0,8.0,中度异常,4,0,consensus
recovered_archive3/250,不清,>=7,4,21,5.3,13,311,<=30%,>60%,粒流,,0--1,中度,1--30,>2,暗红,++,无,不见,浅波纹状,0--2,3.0,7.0,2.8,12.8,重度异常,4,0,consensus
recovered_archive3/251,清晰,>=7,13,15,1.2,20,412,<=30%,<=10%,粒线流,,0--1,轻度,1--30,>2,浅红,无,无,不见,波纹状,0--2,2.1,5.6,0.0,7.7,中度异常,4,0,consensus
recovered_archive3/252,清晰,>=7,19,25,1.3,30,355,<=30%,10--30%,粒缓流,,0--1,重度,1--30,无,暗红,+,无,可见2排,浅波纹状,0--2,3.6,5.0,2.3,10.9,重度异常,4,0,consensus
recovered_archive3/253,不清,>=7,7,11,1.6,11,253,30--60%,10--30%,线粒流,,0--1,无,1--30,无,浅红,无,无,不见,波纹状,0--2,1.1,0.2,0.0,1.3,大致正常,4,0,consensus
recovered_archive3/254,不清,5--6,15,19,1.3,24,316,<=30%,<=10%,粒流,,0--1,轻度,1--30,1--2,浅红,+,无,不见,浅波纹状,0--2,2.1,3.2,1.9,7.2,中度异常,4,0,consensus
recovered_archive3/255,不清,,,,,,,,,粒缓流,,0--1,重度,1--30,1--2,暗红,++,无,可见2排,平坦,0--2,0.2,7.0,,11.6,重度异常,4,0,consensus
recovered_archive3/256,不清,>=7,10,10,1.0,8,278,30--60%,<=10%,粒缓流,,0--1,重度,1--30,无,暗红,,1--2,不见,波纹状,0--2,1.1,5.0,3.2,9.3,重度异常,4,0,consensus
recovered_archive3/257,清晰,>=7,11,15,1.4,20,547,30--60%,30--60%,线粒流,,0--1,中度,1--30,1--2,暗红,++,无,">2排,扩张",波纹状,0--2,2.7,3.4,3.4,9.5,重度异常,4,0,consensus
recovered_archive3/258,不清,3--4,11,11,1.0,16,132,<=30%,<=10%,粒流,,0--1,轻度,,>2,,+,无,不见,平坦,0--2,2.4,5.8,3.1,11.3,重度异常,5,0,consensus
recovered_archive3/259,不清,>=7,6,11,1.8,13,246,<=30%,,粒线流,,0--1,无,1--30,无,浅红,无,无,">2排,扩张",浅波纹状,0--2,1.2,0.6,1.4,3.2,轻度异常,4,0,consensus
recovered_archive3/260,不清,5--6,36,40,1.1,42,276,<=30%,<=10%,粒流,,0--1,重度,1--30,>2,暗红,,,,,,4.2,9.0,,13.2,重度异常,3,0,consensus
recovered_archive3/261,不清,3--4,,,,33,258,<=30%,>60%,粒流,,0--1,中度,1--30,无,暗红,++,无,不见,浅波纹状,,4.6,2.2,,9.6,重度异常,4,0,consensus
recovered_archive3/262,清晰,>=7,7,11,1.6,11,316,<=30%,<=10%,粒线流,,0--1,中度,1--30,1--2,暗红,无,无,可见2排,波纹状,0--2,0.7,3.8,0.4,4.9,中度异常,5,0,consensus
recovered_archive3/263,不清,>=7,13,10,0.8,14,125,<=30%,>60%,粒线流,,0--1,中度,1--30,无,浅红,,无,不见,平坦,0--2,1.7,1.6,4.0,7.3,重度异常,5,0,consensus
recovered_archive3/264,不清,>=7,13,11,0.8,13,420,<=30%,10--30%,粒流,,0--1,轻度,1--30,1--2,浅红,无,无,不见,波纹状,0--2,2.4,3.2,0.0,5.6,中度异常,4,0,consensus
recovered_archive3/265,清晰,>=7,15,19,1.3,21,291,<=30%,<=10%,粒线流,,0--1,中度,1--30,无,浅红,无,无,不见,波纹状,0--2,0.6,1.6,0.0,2.2,轻度异常,4,0,consensus
recovered_archive3/266,清晰,>=7,15,16,1.1,24,449,<=30%,<=10%,粒流,,0--1,轻度,1--30,无,浅红,无,无,可见2排,波纹状,0--2,2.6,1.2,0.4,4.2,中度异常,4,0,consensus
recovered_archive3/267,清晰,>=7,11,17,1.5,18,395,<=30%,,线流,,0--1,无,1--30,无,淡红,无,无,可见1排,浅波纹状,,2.0,0.0,0.5,2.5,轻度异常,5,0,consensus
