,y,pred,p0,p1,p2,mode,fold
recovered_archive1/1,1,2,0.03632558586617239,0.17097103585947776,0.7927033782743499,2,0
recovered_archive1/100,2,2,0.07239044809435363,0.27884712052012656,0.6487624313855198,2,0
recovered_archive1/31,1,2,0.06667675435590745,0.26470051871539635,0.6686227269286962,2,0
recovered_archive1/33,1,2,0.06573910253929145,0.2622863983848795,0.6719744990758291,2,0
recovered_archive1/36,0,0,0.6780268384587615,0.2579083785221058,0.06406478301913265,2,0
recovered_archive1/42,1,1,0.3943418059906562,0.424398333249898,0.18125986075944578,2,0
recovered_archive1/44,1,1,0.4103412744824358,0.41806556098103637,0.17159316453652784,2,0
recovered_archive1/59,2,2,0.03133498735039508,0.15194957655390584,0.8167154360956991,2,0
recovered_archive1/65,1,1,0.19739423094169226,0.43308471227432477,0.36952105678398295,2,0
recovered_archive1/67,0,0,0.7657096285986923,0.1920481448399467,0.04224222656136101,2,0
recovered_archive1/75,2,2,0.02331011075766217,0.1187420226014893,0.8579478666408485,2,0
recovered_archive1/82,2,1,0.19405918648785672,0.43147036117459303,0.3744704523375503,2,0
recovered_archive1/85,2,2,0.017601572342060064,0.09295427264365272,0.8894441550142872,2,0
recovered_archive1/97,0,2,0.054365056426956694,0.23075541869390817,0.7148795248791351,2,0
recovered_archive2/101,1,0,0.47886591005553997,0.385536407124131,0.13559768282032902,2,0
recovered_archive2/108,2,1,0.3197908286362911,0.44555222814096557,0.23465694322274333,2,0
recovered_archive2/112,2,2,0.10246444736832179,0.33949732625349055,0.5580382263781877,2,0
recovered_archive2/115,1,1,0.3848336406684165,0.42789691570462807,0.1872694436269554,2,0
recovered_archive2/134,1,2,0.06396354688673726,0.25764086968254374,0.6783955834307189,2,0
recovered_archive2/138,2,2,0.03907925152162293,0.18097204166863617,0.7799487068097409,2,0
recovered_archive2/142,0,1,0.3424502392674896,0.44077113276724417,0.21677862796526626,2,0
recovered_archive2/143,2,2,0.0977668330780849,0.33137462916732974,0.5708585377545854,2,0
recovered_archive2/145,2,2,0.10829309117805935,0.34897059689384746,0.5427363119280932,2,0
recovered_archive2/147,2,2,0.048918769694467165,0.2140673372990653,0.7370138930064676,2,0
recovered_archive2/155,1,2,0.011806931672227773,0.06473698972573666,0.9234560786020356,2,0
recovered_archive2/156,2,2,0.018587792431106406,0.09754682640205527,0.8838653811668383,2,0
recovered_archive2/169,0,2,0.07365002801516903,0.28183960896041016,0.6445103630244209,2,0
recovered_archive2/170,0,0,0.42675009510757617,0.41103092519032175,0.16221897970210208,2,0
recovered_archive2/172,1,1,0.3130887508536737,0.4466439072759689,0.24026734187035736,2,0
recovered_archive2/178,0,1,0.37256829808337266,0.4320980090029146,0.19533369291371272,2,0
recovered_archive2/181,2,2,0.11983283114524439,0.3659006973352519,0.5142664715195038,2,0
recovered_archive2/183,1,2,0.06467508922486646,0.2595142808146364,0.6758106299604971,2,0
recovered_archive2/194,0,0,0.43481454766915456,0.40738669765440066,0.15779875467644477,2,0
recovered_archive3/202,1,0,0.5581153384770714,0.33944896513327905,0.10243569638964956,2,0
recovered_archive3/204,2,2,0.012353210936438385,0.06749021288469652,0.920156576178865,2,0
recovered_archive3/207,2,2,0.08569729383890519,0.3083316915409372,0.6059710146201576,2,0
recovered_archive3/214,1,1,0.27090431695629064,0.44958568688102524,0.2795099961626841,2,0
recovered_archive3/217,1,2,0.07920608082195695,0.29452335115716927,0.6262705680208738,2,0
recovered_archive3/218,2,2,0.1298794524985769,0.37884659784725105,0.49127394965417204,2,0
recovered_archive3/222,2,2,0.0186545575532914,0.09785560731411093,0.8834898351325977,2,0
recovered_archive3/233,2,1,0.2651966119871196,0.4493972806928411,0.28540610732003935,2,0
recovered_archive3/254,2,2,0.025743014083206235,0.1291695755949653,0.8450874103218284,2,0
recovered_archive3/260,2,2,0.09328169124543807,0.32318982436339533,0.5835284843911666,2,0
recovered_archive3/262,2,2,0.044891671092409734,0.20100097160737113,0.7541073573002192,2,0
recovered_archive3/264,2,2,0.04666849598957816,0.2068449792851657,0.7464865247252561,2,0
recovered_archive1/35,0,0,0.5851475761079454,0.3226917179681027,0.09216070592395187,2,1
recovered_archive1/39,2,2,0.06363062770758506,0.2582106606020797,0.6781587116903353,2,1
recovered_archive1/45,2,2,0.026938068967552315,0.1350764319142589,0.8379854991181888,2,1
recovered_archive1/48,0,0,0.8624007887744659,0.11526323049717346,0.022335980728360627,2,1
recovered_archive1/54,1,2,0.1238492427185954,0.3729305905343512,0.5032201667470534,2,1
recovered_archive1/60,2,2,0.03554573565961108,0.16915816823556223,0.7952960961048267,2,1
recovered_archive1/63,1,2,0.07672402040639588,0.29050541712101213,0.632770562472592,2,1
recovered_archive1/64,2,2,0.1252664617072002,0.3747625724929382,0.49997096579986156,2,1
recovered_archive1/71,2,2,0.037816901365492206,0.17755283532300828,0.7846302633114995,2,1
recovered_archive1/81,1,2,0.13461289729794668,0.3860799251850373,0.479307177517016,2,1
recovered_archive1/91,0,1,0.3039238238529858,0.4491195808258096,0.24695659532120462,2,1
recovered_archive1/92,1,2,0.020452370976041932,0.1068082610879176,0.8727393679360405,2,1
recovered_archive1/96,2,2,0.05708598044755875,0.24008118375594778,0.7028328357964935,2,1
recovered_archive1/98,2,2,0.012391267955955644,0.06817319532212256,0.9194355367219218,2,1
recovered_archive2/106,0,1,0.319631794255609,0.44677426964523653,0.23359393609915446,2,1
recovered_archive2/107,0,1,0.3666932945243712,0.43504005783703287,0.19826664763859592,2,1
recovered_archive2/118,2,2,0.02200215859753233,0.11377981606123622,0.8642180253412315,2,1
recovered_archive2/126,1,0,0.5114803360179225,0.3682121908637449,0.12030747311833256,2,1
recovered_archive2/128,2,1,0.22870005859186493,0.44564999373248315,0.3256499476756519,2,1
recovered_archive2/129,1,2,0.06439493795499747,0.2602369223980172,0.6753681396469853,2,1
recovered_archive2/131,0,2,0.09422388911710278,0.3265673510455944,0.5792087598373028,2,1
recovered_archive2/146,2,2,0.04058186160462622,0.18745781861327449,0.7719603197820993,2,1
recovered_archive2/149,1,2,0.05467455148418405,0.23303411553498904,0.7122913329808269,2,1
recovered_archive2/157,1,2,0.021475214481906438,0.11142512781556192,0.8670996577025316,2,1
recovered_archive2/161,2,2,0.03746422977993073,0.17626482436756646,0.7862709458525028,2,1
recovered_archive2/166,0,1,0.3455903191115226,0.44110387100503745,0.21330580988343995,2,1
recovered_archive2/174,1,1,0.3285390943806198,0.4450680398171818,0.22639286580219842,2,1
recovered_archive2/184,1,1,0.3600685313961256,0.43707330218041796,0.20285816642345644,2,1
recovered_archive2/186,2,2,0.02916589805996485,0.14425655983343155,0.8265775421066036,2,1
recovered_archive2/187,2,2,0.054458760256167714,0.2323934596264308,0.7131477801174015,2,1
recovered_archive2/192,2,2,0.1581037421159121,0.4092805225046903,0.43261573537939757,2,1
recovered_archive2/196,0,0,0.4697734101169965,0.3910970160457889,0.13912957383721458,2,1
recovered_archive2/198,1,1,0.4106664490031519,0.4188750531662537,0.1704584978305944,2,1
recovered_archive3/205,2,2,0.06851455047702892,0.2708466662977899,0.6606387832251812,2,1
recovered_archive3/210,1,0,0.4439043385985634,0.40400037312852355,0.15209528827291308,2,1
recovered_archive3/212,2,2,0.04085569114870223,0.18842043070554415,0.7707238781457536,2,1
recovered_archive3/229,2,2,0.047193321315833495,0.20981672365548748,0.742989955028679,2,1
recovered_archive3/235,2,2,0.046569958118820164,0.20778515164304825,0.7456448902381316,2,1
recovered_archive3/241,1,2,0.04824972770502377,0.2132245128375036,0.7385257594574726,2,1
recovered_archive3/243,2,2,0.11521386872525687,0.36106307162597706,0.5237230596487661,2,1
recovered_archive3/247,2,2,0.0727059122184901,0.2811218665861217,0.6461722211953882,2,1
recovered_archive3/249,0,0,0.6190733308697239,0.29995436836524103,0.08097230076503503,2,1
recovered_archive3/253,2,1,0.20563408754470008,0.4382233903504667,0.3561425221048332,2,1
recovered_archive3/258,0,2,0.1640087978204387,0.4140706471787608,0.4219205550008005,2,1
recovered_archive3/259,1,2,0.05973696789933733,0.24759628754957344,0.6926667445510892,2,1
recovered_archive1/24,0,2,0.06554007242066226,0.25657530870645273,0.6778846188728851,2,2
recovered_archive1/30,2,2,0.07564715384681675,0.2810394789302504,0.6433133672229329,2,2
recovered_archive1/46,2,2,0.029431430517315914,0.14099908741070355,0.8295694820719806,2,2
recovered_archive1/49,1,0,0.5002503976869246,0.37124448884678296,0.12850511346629245,2,2
recovered_archive1/66,0,2,0.13949575665576178,0.38392592567132666,0.4765783176729116,2,2
recovered_archive1/69,1,1,0.3891274468735765,0.42275038243505214,0.18812217069137138,2,2
recovered_archive1/70,0,1,0.25259242659786596,0.4434254156406995,0.30398215776143456,2,2
recovered_archive1/72,2,2,0.03518674589863158,0.16294289502344952,0.8018703590779189,2,2
recovered_archive1/73,2,2,0.0328666249051024,0.154282942397498,0.8128504326973995,2,2
recovered_archive1/74,1,1,0.2116510091672513,0.4336019776683905,0.3547470131643582,2,2
recovered_archive1/76,1,2,0.12044480835982169,0.36081772550818375,0.5187374661319946,2,2
recovered_archive1/78,2,2,0.09015457907408056,0.3115159783001761,0.5983294426257433,2,2
recovered_archive1/80,2,2,0.027112349078746795,0.13170692856252103,0.8411807223587322,2,2
recovered_archive1/84,1,1,0.36035055114335107,0.43204016531534023,0.2076092835413087,2,2
recovered_archive2/105,1,0,0.6878936232896027,0.2493409872634017,0.06276538944699561,2,2
recovered_archive2/110,1,1,0.27113094133917415,0.44479616746424877,0.2840728911965771,2,2
recovered_archive2/111,2,1,0.20757045748491867,0.4320245851409614,0.3604049573741199,2,2
recovered_archive2/116,2,2,0.10117126345880662,0.3314810111350293,0.5673477254061641,2,2
recovered_archive2/119,0,1,0.2521409926226545,0.4433703890643023,0.3044886183130432,2,2
recovered_archive2/123,0,2,0.104056335202366,0.3363026187753216,0.5596410460223125,2,2
recovered_archive2/127,1,2,0.05924272599257061,0.23981216377085915,0.7009451102365702,2,2
recovered_archive2/136,2,2,0.03392093760140063,0.15824870986608106,0.8078303525325183,2,2
recovered_archive2/144,2,2,0.008246664505129184,0.04508463007827786,0.946668705416593,2,2
recovered_archive2/148,2,2,0.006624655729481259,0.03660360140523559,0.9567717428652831,2,2
recovered_archive2/150,2,2,0.04380700641707791,0.19306130141053876,0.7631316921723833,2,2
recovered_archive2/152,2,2,0.04367553208623186,0.19262507229644404,0.7636993956173241,2,2
recovered_archive2/159,1,0,0.4992184522350354,0.37181344801513866,0.12896809974982593,2,2
recovered_archive2/167,1,2,0.0895277571794974,0.31030188323083757,0.600170359589665,2,2
recovered_archive2/182,2,2,0.05453352432786737,0.22644295996244576,0.7190235157096869,2,2
recovered_archive2/185,2,2,0.07471695928646732,0.2789057386005511,0.6463773021129815,2,2
recovered_archive2/190,1,2,0.07718290317675218,0.2845124518417805,0.6383046449814673,2,2
recovered_archive2/200,1,2,0.15974325759352462,0.40319613716695024,0.43706060523952517,2,2
recovered_archive3/211,0,1,0.3990863843516342,0.419078923617017,0.18183469203134883,2,2
recovered_archive3/215,1,2,0.058194217867030426,0.2368991879970085,0.7049065941359611,2,2
recovered_archive3/225,2,2,0.012102662889371521,0.06453638079962641,0.9233609563110021,2,2
recovered_archive3/226,0,0,0.6228835886609129,0.2950838326438371,0.08203257869525005,2,2
recovered_archive3/230,1,1,0.18226379726652128,0.41934069472193847,0.3983955080115402,2,2
recovered_archive3/232,2,2,0.033518266844241223,0.15674012029627268,0.8097416128594861,2,2
recovered_archive3/234,1,2,0.029890968666518226,0.14280889210696893,0.8273001392265129,2,2
recovered_archive3/236,2,2,0.06317253857506475,0.2504172441980492,0.686410217226886,2,2
recovered_archive3/244,2,2,0.040353708859854176,0.18137134366737487,0.7782749474727709,2,2
recovered_archive3/251,2,2,0.040790410392970204,0.18287664796469386,0.7763329416423359,2,2
recovered_archive3/252,2,2,0.019292129067154214,0.09830981210156427,0.8823980588312815,2,2
recovered_archive3/263,0,0,0.49424102709879064,0.374537624775998,0.13122134812521136,2,2
recovered_archive1/29,1,1,0.17226769490502988,0.4366238678600912,0.39110843723487887,2,3
recovered_archive1/32,1,1,0.24806466618437495,0.463569623796132,0.28836571001949307,2,3
recovered_archive1/38,1,1,0.2420324733762656,0.46286444793179354,0.29510307869194086,2,3
recovered_archive1/40,0,0,0.6265140210959967,0.2996760487983483,0.07380993010565495,2,3
recovered_archive1/47,2,2,0.04048583488805049,0.19942299419660936,0.7600911709153402,2,3
recovered_archive1/61,1,1,0.22228765650465213,0.45904677182008946,0.31866557167525844,2,3
recovered_archive1/62,2,2,0.05183272870422485,0.23840831539366442,0.7097589559021107,2,3
recovered_archive1/68,2,2,0.07509456972144948,0.3027639377604685,0.622141492518082,2,3
recovered_archive1/77,1,2,0.027134763752457918,0.1454905310924355,0.8273747051551066,2,3
recovered_archive1/9,2,2,0.06433439748295212,0.2753124890878398,0.6603531134292081,2,3
recovered_archive1/90,2,2,0.026788859306741585,0.14396138571363498,0.8292497549796234,2,3
recovered_archive1/94,0,1,0.289184564614732,0.4634937012608817,0.2473217341243863,2,3
recovered_archive1/99,0,0,0.6228973620815755,0.30223117446525083,0.07487146345317364,2,3
recovered_archive2/102,2,2,0.010330246823659739,0.06209626391183856,0.9275734892645017,2,3
recovered_archive2/109,2,2,0.04078050468704402,0.2005094608553009,0.7587100344576551,2,3
recovered_archive2/113,2,2,0.05829910928454911,0.25822209924572453,0.6834787914697263,2,3
recovered_archive2/114,0,1,0.2673834082715056,0.46453087157538747,0.26808572015310694,2,3
recovered_archive2/122,2,2,0.01812768210545735,0.10322040964525026,0.8786519082492924,2,3
recovered_archive2/124,2,2,0.10488240571246624,0.36221027727467303,0.5329073170128608,2,3
recovered_archive2/125,2,1,0.17008797464124403,0.4351387690272872,0.39477325633146876,2,3
recovered_archive2/139,2,1,0.23381974419584298,0.46156770715133444,0.3046125486528226,2,3
recovered_archive2/154,2,1,0.4017562567014539,0.4322295109782378,0.16601423232030832,2,3
recovered_archive2/162,1,2,0.13649948978409043,0.4053081401290959,0.4581923700868137,2,3
recovered_archive2/164,1,1,0.4186439381157648,0.4247833079423012,0.15657275394193404,2,3
recovered_archive2/168,1,2,0.0255297526402083,0.13833431922507777,0.8361359281347139,2,3
recovered_archive2/175,1,1,0.2741514704387901,0.46443505574260696,0.2614134738186029,2,3
recovered_archive2/176,0,2,0.04051120655613213,0.19951670556166165,0.7599720878822063,2,3
recovered_archive2/179,0,1,0.38921620920621663,0.4373791510298058,0.17340463976397757,2,3
recovered_archive2/189,2,2,0.011980047027797968,0.07118007825642782,0.9168398747157742,2,3
recovered_archive2/191,2,2,0.030843011818875905,0.16144349890858464,0.8077134892725395,2,3
recovered_archive2/197,1,0,0.6372869746954012,0.2920076093566867,0.07070541594791213,2,3
recovered_archive2/199,2,2,0.07812844299604965,0.30986460464453663,0.6120069523594137,2,3
recovered_archive3/206,2,2,0.08378675391576844,0.32241763769043147,0.5937956083938001,2,3
recovered_archive3/209,0,0,0.5906987484455516,0.3245247751475774,0.08477647640687103,2,3
recovered_archive3/213,2,1,0.19568273824506027,0.44969814943901115,0.3546191123159286,2,3
recovered_archive3/221,0,0,0.45713264272029985,0.40586384855535895,0.1370035087243412,2,3
recovered_archive3/231,2,2,0.12178405058292337,0.38737802011497274,0.4908379293021039,2,3
recovered_archive3/242,2,2,0.03674554077748717,0.18526204399614615,0.7779924152263666,2,3
recovered_archive3/246,2,2,0.04367794390994802,0.21097355227300374,0.7453485038170482,2,3
recovered_archive3/250,2,2,0.042328529731072685,0.20614913659253434,0.751522333676393,2,3
recovered_archive3/256,2,2,0.06460680629838525,0.27605380577604,0.6593393879255747,2,3
recovered_archive3/266,2,2,0.01715843675263398,0.09835071203201941,0.8844908512153467,2,3
recovered_archive3/267,2,2,0.046289547175290935,0.22007460134986645,0.7336358514748427,2,3
recovered_archive1/23,0,2,0.07685684242737575,0.33864834351757866,0.5844948140550457,2,4
recovered_archive1/28,1,1,0.3474783912135733,0.4722406646027217,0.180280944183705,2,4
recovered_archive1/34,2,2,0.06643576241055377,0.3115310003866711,0.6220332372027751,2,4
recovered_archive1/41,1,1,0.40328793712784233,0.4490180700323056,0.14769399283985207,2,4
recovered_archive1/52,0,0,0.4364370152513579,0.4321989741116682,0.1313640106369739,2,4
recovered_archive1/55,2,2,0.04854321334640552,0.2549004164542876,0.6965563701993069,2,4
recovered_archive1/57,2,2,0.07620390171989809,0.33705928804701846,0.5867368102330834,2,4
recovered_archive1/79,1,0,0.4964562365636206,0.3973678510596351,0.10617591237674429,2,4
recovered_archive1/83,2,2,0.06768487975104935,0.31498740681462856,0.617327713434322,2,4
recovered_archive1/86,1,1,0.27492837648172314,0.4890880663112059,0.23598355720707098,2,4
recovered_archive1/89,1,0,0.4744966081774696,0.41068943937874486,0.11481395244378556,2,4
recovered_archive1/93,0,0,0.8682856608020412,0.11425852087233779,0.017455818325621042,2,4
recovered_archive1/95,2,1,0.14606719850738337,0.4475167560246588,0.40641604546795784,2,4
recovered_archive2/104,2,0,0.47844091827346574,0.40834240318756737,0.11321667853896689,2,4
recovered_archive2/117,0,1,0.1728574650956336,0.46799760712613536,0.35914492777823104,2,4
recovered_archive2/120,2,1,0.3879335170145645,0.4561038177221369,0.1559626652632986,2,4
recovered_archive2/121,2,0,0.5376332760619899,0.37086251973380013,0.09150420420421002,2,4
recovered_archive2/130,1,2,0.1102251749326951,0.4038071144698284,0.48596771059747645,2,4
recovered_archive2/132,2,2,0.02843465819038943,0.17149840676419104,0.8000669350454195,2,4
recovered_archive2/135,0,1,0.20800864079187273,0.4835926463955331,0.3083987128125941,2,4
recovered_archive2/140,2,2,0.042506853073542496,0.23236044541246495,0.7251327015139926,2,4
recovered_archive2/141,2,2,0.00611772215769062,0.04381567980571434,0.950066598036595,2,4
recovered_archive2/153,1,1,0.2348902420525959,0.48896896630574616,0.27614079164165795,2,4
recovered_archive2/158,2,2,0.07560579956035751,0.33559135568825177,0.5888028447513907,2,4
recovered_archive2/163,1,0,0.7636080601390005,0.20140444882415098,0.034987491036848506,2,4
recovered_archive2/165,2,2,0.03674049709626614,0.20892663692474855,0.7543328659789853,2,4
recovered_archive2/173,1,2,0.11572019747274417,0.411998519723205,0.4722812828040508,2,4
recovered_archive2/177,1,2,0.09364981468600996,0.3750720087341311,0.5312781765798589,2,4
recovered_archive2/180,1,0,0.5572066280558097,0.35764915208094805,0.08514421986324228,2,4
recovered_archive2/193,2,2,0.0022955705247265,0.016971765986689428,0.9807326634885841,2,4
recovered_archive2/195,2,2,0.030099051715667968,0.1793725709075067,0.7905283773768254,2,4
recovered_archive3/201,0,0,0.5663640003228811,0.3513449933519983,0.08229100632512054,2,4
recovered_archive3/203,2,2,0.10485458548494378,0.3951892441085587,0.49995617040649754,2,4
recovered_archive3/208,2,2,0.027803063574954434,0.16845856943343468,0.8037383669916109,2,4
recovered_archive3/216,1,1,0.1575333119651986,0.45735087309934197,0.38511581493545943,2,4
recovered_archive3/219,1,2,0.08144449236650357,0.34942767621765436,0.5691278314158421,2,4
recovered_archive3/220,0,1,0.3131797753774128,0.4824648003113393,0.20435542431124787,2,4
recovered_archive3/224,2,1,0.1463635452668774,0.4477929617046595,0.4058434930284631,2,4
recovered_archive3/228,2,1,0.1966739877184608,0.4797473365010786,0.3235786757804606,2,4
recovered_archive3/237,0,2,0.11505018608073998,0.4110322433345959,0.4739175705846641,2,4
recovered_archive3/248,2,2,0.039632527084787914,0.22092384425825318,0.7394436286569589,2,4
recovered_archive3/257,2,2,0.022895069005261545,0.14382055239045433,0.8332843786042842,2,4
recovered_archive3/261,2,1,0.3942835213131447,0.45323185709113045,0.15248462159572485,2,4
recovered_archive3/265,2,2,0.036365217877888906,0.207332490921301,0.7563022912008102,2,4
