field,rung,label,n,unit_of_observation,observable_from_static_image,baseline_constant,accuracy,delta,balanced_accuracy,auroc_macro_ovr,collapsed_to_one_class,ba_gain,ba_ci_excludes_zero,loao_directions_positive,loao_directions_clearly_negative,verdict
malformation_ratio,A0,A0  shipped whole-image anchor,162,"static image shape, ratio over vessels in view",True,0.5679,0.6481,0.0802,0.6304,0.7068,False,,,0,0,reference_arm
malformation_ratio,A2,"A2  whole image + local features, detector trained on local human boxes",162,"static image shape, ratio over vessels in view",True,0.5679,0.6605,0.0926,0.6464,0.7526,False,0.016,False,2,0,no_effect
malformation_ratio,L2_A2,L2  local features ALONE from the local detector (control: is a gain really coming from the vessel counts?),162,"static image shape, ratio over vessels in view",True,0.5679,0.6358,0.0679,0.6264,0.6823,False,-0.004,False,2,1,no_effect
crossing_ratio,A0,A0  shipped whole-image anchor,177,"static image shape, ratio over vessels in view",True,0.6328,0.6215,-0.0113,0.5298,0.6279,False,,,0,0,reference_arm
crossing_ratio,A2,"A2  whole image + local features, detector trained on local human boxes",177,"static image shape, ratio over vessels in view",True,0.6328,0.6215,-0.0113,0.5427,0.6163,False,0.0129,False,2,0,no_effect
crossing_ratio,L2_A2,L2  local features ALONE from the local detector (control: is a gain really coming from the vessel counts?),177,"static image shape, ratio over vessels in view",True,0.6328,0.5593,-0.0734,0.4839,0.4834,False,-0.0459,False,1,2,below_resolution
papilla,A0,A0  shipped whole-image anchor,185,static image shape,True,0.4162,0.4432,0.027,0.4149,0.6455,False,,,0,0,reference_arm
papilla,A2,"A2  whole image + local features, detector trained on local human boxes",185,static image shape,True,0.4162,0.4595,0.0432,0.4509,0.6464,False,0.0361,False,3,0,below_resolution
papilla,L2_A2,L2  local features ALONE from the local detector (control: is a gain really coming from the vessel counts?),185,static image shape,True,0.4162,0.4649,0.0486,0.4437,0.6427,False,0.0289,False,2,0,below_resolution
capillary_count,A0,A0  shipped whole-image anchor,182,count per unit length; needs device calibration and a defined denominator,False,0.6868,0.6978,0.011,0.4523,0.6872,False,,,0,0,reference_arm
capillary_count,A2,"A2  whole image + local features, detector trained on local human boxes",182,count per unit length; needs device calibration and a defined denominator,False,0.6868,0.7253,0.0385,0.5627,0.7552,False,0.1104,True,3,0,meets_effect_threshold
capillary_count,L2_A2,L2  local features ALONE from the local detector (control: is a gain really coming from the vessel counts?),182,count per unit length; needs device calibration and a defined denominator,False,0.6868,0.7308,0.044,0.551,0.7774,False,0.0988,True,3,0,meets_effect_threshold
