字段,locked可评估n,locked结果来源,最终模型/结构,目标定义,Acc,locked众数基线,Acc−基线,BA,AUROC,每类召回,混淆矩阵,95%CI,70%覆盖准确率,development OOF,LOAO,字段状态,是否进入RAG,RAG身份,允许建议,禁止建议,不可替代原因/可替代信息
clarity（清晰度）,46,locked_delivered_20260918（A0部署配置，历史已消费读取）,DINOv2-B/14 整图 + 5池化 + PCA64 + LogReg(C=0.03),二分类 清晰 vs 欠清/模糊；静态显微原图，病例级,0.7391,0.6522,+0.0870,0.7271（由已存混淆矩阵推算）,NOT_AVAILABLE_FROM_STORED_ARTIFACT,类0(清晰)=0.767 / 类1(异常)=0.688,"[[23,7],[5,11]]","Δ的CI=[-0.0875,+0.2609]（含0，未判定）",NOT_AVAILABLE_FROM_STORED_ARTIFACT,development OOF(非locked): n=185 Acc=0.8378 基线=0.5081 Δ=+0.3297 BA=0.8376 AUROC=0.8903,development LOAO(池化OOF按档案切分): A1 n=58 BA=0.8329; A2 n=77 BA=0.8053; A3 n=50 BA=0.9083,signal_present_not_clinically_validated（Tier1；locked上Δ的CI含0）,yes,reliable_observation,仅说明本次图像可解读性；可作为其他字段的门控（图像不清时令其拒答）,不得作出任何疾病诊断、排除或分期断言；不得把“清晰”表述为健康、把“模糊”表述为病变,无替代量。这是图像质量门，不是临床发现，因此不存在等价临床替代字段
exudation（渗出）,47,locked_delivered_20260918（A0部署配置，历史已消费读取）,DINOv2-B/14 整图 + 5池化 + PCA64 + LogReg(C=0.03),二分类 无 vs +/++/+++；静态显微原图，病例级,0.5319,0.5319,+0.0000,0.5355（由已存混淆矩阵推算）,NOT_AVAILABLE_FROM_STORED_ARTIFACT,类0=0.591 / 类1=0.480,"[[13,9],[13,12]]","Δ的CI=[-0.1915,+0.2128]（含0，未判定）",NOT_AVAILABLE_FROM_STORED_ARTIFACT,development OOF(非locked): n=183 Acc=0.7486 基线=0.5082 Δ=+0.2404 BA=0.7493 AUROC=0.8418,development LOAO(池化OOF按档案切分): A1 n=57 BA=0.7198; A2 n=77 BA=0.7540; A3 n=49 BA=0.7809,development_signal_not_reproduced_on_locked（development Δ=+0.2404，locked Δ=0.0000）,correlation_only,image_correlation,仅可作为图像观察陈述，须同时标注“留出集上未复现”,不得作出任何疾病诊断、排除或分期断言；不得据此提示炎症、感染或任何病因,无替代量；无其他字段可代为表达渗出
subpapillary_venous_plexus（乳头下静脉丛）,47,locked_delivered_20260918（A0部署配置，历史已消费读取）,DINOv2-B/14 整图 + 5池化 + PCA64 + LogReg(C=0.03),二分类 未见 vs 可见；静态显微原图，病例级,0.7872,0.6596,+0.1277,0.7782（由已存混淆矩阵推算）,NOT_AVAILABLE_FROM_STORED_ARTIFACT,类0=0.750 / 类1=0.807,"[[12,4],[6,25]]","Δ的CI=[-0.0426,+0.2979]（含0，未判定）",NOT_AVAILABLE_FROM_STORED_ARTIFACT,development OOF(非locked): n=184 Acc=0.8370 基线=0.5707 Δ=+0.2663 BA=0.8321 AUROC=0.8966,development LOAO(池化OOF按档案切分): A1 n=58 BA=0.8416; A2 n=76 BA=0.7957; A3 n=50 BA=0.8590,signal_present_not_clinically_validated（Tier2；CI含0）,correlation_only,image_correlation,无；仅研究提示，不进入面向用户的建议,不得作出任何疾病诊断、排除或分期断言；不得提示静脉回流障碍或循环疾病,无替代量。留一档案外测显示该字段是档案依赖的，稳定性未确立
blood_color（血色）,44,locked_delivered_20260918（A0部署配置，历史已消费读取）,DINOv2-B/14 整图 + 5池化 + PCA64 + LogReg(C=0.03),二分类 正常 vs 暗红/淡红；静态显微原图，病例级,0.6364,0.5227,+0.1136,0.6356（由已存混淆矩阵推算）,NOT_AVAILABLE_FROM_STORED_ARTIFACT,类0=0.652 / 类1=0.619,"[[15,8],[8,13]]","Δ的CI=[-0.0909,+0.3182]（含0，未判定）",NOT_AVAILABLE_FROM_STORED_ARTIFACT,development OOF(非locked): n=181 Acc=0.6851 基线=0.5525 Δ=+0.1326 BA=0.6904 AUROC=0.7894,development LOAO(池化OOF按档案切分): A1 n=57 BA=0.7198; A2 n=75 BA=0.7232; A3 n=49 BA=0.6044,signal_present_not_clinically_validated（Tier2；CI含0）,correlation_only,image_correlation,无；仅研究提示,不得作出任何疾病诊断、排除或分期断言；不得提示缺氧、贫血或血液疾病,无替代量；颜色受光源与白平衡影响，未做设备间校正，档案依赖
malformation_ratio（畸形比例）,39（47例中8例无标签）,locked_consumed_20260924（A2x冻结后单次读取；consumed internal holdout descriptive evaluation）,A2x = DINOv2-B 整图特征 + HF 外部形态检测器自动局部特征（832维；局部区域由训练折产生的检测器自动提取）,二分类 `<=10%` vs `>10%`,0.6154,0.5385（locked自身众数）,+0.0769,0.6310,0.7249,类0(≤10%)=0.8333 / 类1(>10%)=0.4286,"[[15,3],[12,9]]","A2x−A0 的 BA 增益=+0.0476，95%CI=[-0.0870,+0.1818]（含0，未判定）",0.6667（locked，27/39）；development 同一门槛 0.7876,development OOF(非locked): n=162 Acc=0.6481 基线=0.5679 Δ=+0.0802 BA=0.6304 AUROC=0.7068 ｜ A2x: Acc=0.7284 Δ=+0.1605 BA=0.7216 AUROC=0.7766,development 重训式LOAO(档案完全退出训练): A1 n=51 BA=0.7368 Δ=+0.1961; A2 n=70 BA=0.7072 Δ=+0.1572; A3 n=41 BA=0.7238 Δ=+0.1219,strong_development_candidate_not_clinically_validated,correlation_only,image_correlation,仅允许四值输出：`low_band_correspondence` / `high_band_correspondence` / `unknown` / `rejected`,禁止输出百分比、条/mm、微米；禁止任何疾病判断；**不得用于阴性排除**；不得写成已经上线,自动检测形态统计是相关特征，**不等价于医生百分比**（人工框仅17/44落在自己档内，约3倍尺度偏移）
papilla（乳头）,NOT_AUTHORISED_TO_READ,未经locked读取（当前授权不允许第8次读取）；（参考：2026-08 v1 那次已消费读取中该字段有 46 例带标签，仅为标签可得性，不是模型成绩）,DINOv2-B/14 整图 + 5池化 + PCA64 + LogReg(C=0.03)（A0）,三分类 乳头形态（唯一必须保留3类的字段）；静态显微原图,NOT_AVAILABLE,NOT_AVAILABLE,NOT_AVAILABLE,NOT_AVAILABLE,NOT_AVAILABLE,NOT_AVAILABLE,NOT_AVAILABLE,NOT_AVAILABLE,NOT_AVAILABLE,development OOF(非locked): n=185 Acc=0.4432 基线=0.4162 Δ=+0.0270 BA=0.4149 AUROC=0.6455 ｜ A2 BA=0.4567，A2x BA=0.3997（四臂BA全在0.40~0.46）,development LOAO(池化OOF按档案切分): A1 n=58 BA=0.4357; A2 n=77 BA=0.3956; A3 n=50 BA=0.4000,no_signal_model_side_paused（A0 Δ=+0.0270 而 BA=0.4149 低于随机）,correlation_only,image_correlation,无；仅研究提示,不得作出任何疾病诊断、排除或分期断言,检测器局部特征无增益（A2x BA增益 −0.0152）。**不得采用已失败的 A1+A2 融合**：A1+A2 比 A1 差 −0.0224，三条件全不过
crossing_ratio（交叉比例）,NOT_AUTHORISED_TO_READ,未经locked读取（当前授权不允许第8次读取）；（参考：2026-08 v1 那次已消费读取中该字段有 45 例带标签，仅为标签可得性，不是模型成绩）,DINOv2-B/14 整图 + 5池化 + PCA64 + LogReg(C=0.03)（A0）,二分类 `<=30%` vs `>30%`；**不得输出实际比例**,NOT_AVAILABLE,NOT_AVAILABLE,NOT_AVAILABLE,NOT_AVAILABLE,NOT_AVAILABLE,NOT_AVAILABLE,NOT_AVAILABLE,NOT_AVAILABLE,NOT_AVAILABLE,development OOF(非locked): n=177 Acc=0.6215 基线=0.6328 Δ=-0.0113 BA=0.5298 AUROC=0.6279 ｜ 最好的 A2x 也只有 Δ=+0.0169 BA=0.5812,development LOAO(池化OOF按档案切分): A1 n=55 BA=0.5219; A2 n=74 BA=0.5091; A3 n=48 BA=0.5625,no_signal_reference_standard_must_be_redone（A0 Δ=−0.0113 为负）,no,unknown,无,不得作出任何疾病诊断、排除或分期断言；禁止输出实际比例,自动 crossing 框数见附表探针1：rho=0.105，CI含0，且本地检测器给 −0.036（符号相反）→ **不是原字段的等价替代**。瓶颈在我们自己的标注：cross_vessel 检测器 AP 在五折上上限 0.3156
capillary_count（管袢数，条/mm）,NOT_AUTHORISED_TO_READ,未经locked读取（当前授权不允许第8次读取）；（参考：2026-08 v1 那次已消费读取中该字段有 46 例带标签，仅为标签可得性，不是模型成绩）,DINOv2-B/14 整图 + 5池化 + PCA64 + LogReg(C=0.03)（A0）,三分类 条/mm 档位；**不得输出条/mm 数值**,NOT_AVAILABLE,NOT_AVAILABLE,NOT_AVAILABLE,NOT_AVAILABLE,NOT_AVAILABLE,NOT_AVAILABLE,NOT_AVAILABLE,NOT_AVAILABLE,NOT_AVAILABLE,development OOF(非locked): n=182 Acc=0.6978 基线=0.6868 Δ=+0.0110 BA=0.4523 AUROC=0.6872 ｜ A2 的 BA 增益 +0.1104 已被 L2 对照与标定四条否掉,development LOAO(池化OOF按档案切分): A1 n=57 BA=0.3690; A2 n=76 BA=0.5139; A3 n=49 BA=0.4815,blocked_by_device_calibration（A0 Δ=+0.0110 而 BA=0.4523 低于随机）,no,unknown,无,不得作出任何疾病诊断、排除或分期断言；禁止输出条/mm、微米等未标定数值,“画面内可见管袢数”见附表探针2：rho=0.370（CI排除0）、本地检测器0.334同向，**但缺长度分母、设备UNCALIBRATED、无视野元数据 → 不等价于 capillary_count 或条/mm**
afferent_diameter（输入枝管径）,NOT_AUTHORISED_TO_READ,未经locked读取（当前授权不允许第8次读取）；（参考：2026-08 v1 那次已消费读取中该字段有 44 例带标签，仅为标签可得性，不是模型成绩）,DINOv2-B/14 整图 + 5池化 + PCA64 + LogReg(C=0.03)（A0）,三分类档位；**不得输出微米值**（device_calibration_status.json = UNCALIBRATED_BATCH_CONSISTENCY_ASSUMPTION）,NOT_AVAILABLE,NOT_AVAILABLE,NOT_AVAILABLE,NOT_AVAILABLE,NOT_AVAILABLE,NOT_AVAILABLE,NOT_AVAILABLE,NOT_AVAILABLE,NOT_AVAILABLE,development OOF(非locked): n=165 Acc=0.4667 基线=0.4545 Δ=+0.0121 BA=0.4114 AUROC=0.6189,development LOAO(池化OOF按档案切分): A1 n=51 BA=0.3365; A2 n=69 BA=0.4158; A3 n=45 BA=0.4933,no_signal_label_granularity_ceiling（BA=0.4114，标签仅3~5档且档间距 < 我们的MAE）,no,unknown,无,不得作出任何疾病诊断、排除或分期断言；禁止输出微米绝对值,无等价替代。output_input_ratio 由两个管径反算，是恒等式而非独立观测；四个测量字段全部关闭
efferent_diameter（输出枝管径）,NOT_AUTHORISED_TO_READ,未经locked读取（当前授权不允许第8次读取）；（参考：2026-08 v1 那次已消费读取中该字段有 44 例带标签，仅为标签可得性，不是模型成绩）,DINOv2-B/14 整图 + 5池化 + PCA64 + LogReg(C=0.03)（A0）,三分类档位；**不得输出微米值**（device_calibration_status.json = UNCALIBRATED_BATCH_CONSISTENCY_ASSUMPTION）,NOT_AVAILABLE,NOT_AVAILABLE,NOT_AVAILABLE,NOT_AVAILABLE,NOT_AVAILABLE,NOT_AVAILABLE,NOT_AVAILABLE,NOT_AVAILABLE,NOT_AVAILABLE,development OOF(非locked): n=164 Acc=0.6280 基线=0.6037 Δ=+0.0244 BA=0.4062 AUROC=0.6108,development LOAO(池化OOF按档案切分): A1 n=50 BA=0.4199; A2 n=69 BA=0.4223; A3 n=45 BA=0.3547,no_signal_label_granularity_ceiling（BA=0.4062，标签仅3~5档且档间距 < 我们的MAE）,no,unknown,无,不得作出任何疾病诊断、排除或分期断言；禁止输出微米绝对值,无等价替代。output_input_ratio 由两个管径反算，是恒等式而非独立观测；四个测量字段全部关闭
apex_diameter（顶端管径）,NOT_AUTHORISED_TO_READ,未经locked读取（当前授权不允许第8次读取）；（参考：2026-08 v1 那次已消费读取中该字段有 44 例带标签，仅为标签可得性，不是模型成绩）,DINOv2-B/14 整图 + 5池化 + PCA64 + LogReg(C=0.03)（A0）,三分类档位；**不得输出微米值**（device_calibration_status.json = UNCALIBRATED_BATCH_CONSISTENCY_ASSUMPTION）,NOT_AVAILABLE,NOT_AVAILABLE,NOT_AVAILABLE,NOT_AVAILABLE,NOT_AVAILABLE,NOT_AVAILABLE,NOT_AVAILABLE,NOT_AVAILABLE,NOT_AVAILABLE,development OOF(非locked): n=169 Acc=0.4497 基线=0.4260 Δ=+0.0237 BA=0.3519 AUROC=0.6255,development LOAO(池化OOF按档案切分): A1 n=52 BA=0.3124; A2 n=70 BA=0.3616; A3 n=47 BA=0.3791,no_signal_label_granularity_ceiling（BA=0.3519，标签仅3~5档且档间距 < 我们的MAE）,no,unknown,无,不得作出任何疾病诊断、排除或分期断言；禁止输出微米绝对值,无等价替代。output_input_ratio 由两个管径反算，是恒等式而非独立观测；四个测量字段全部关闭
loop_length（管袢长度）,NOT_AUTHORISED_TO_READ,未经locked读取（当前授权不允许第8次读取）；（参考：2026-08 v1 那次已消费读取中该字段有 45 例带标签，仅为标签可得性，不是模型成绩）,DINOv2-B/14 整图 + 5池化 + PCA64 + LogReg(C=0.03)（A0）,三分类档位；**不得输出微米值**（device_calibration_status.json = UNCALIBRATED_BATCH_CONSISTENCY_ASSUMPTION）,NOT_AVAILABLE,NOT_AVAILABLE,NOT_AVAILABLE,NOT_AVAILABLE,NOT_AVAILABLE,NOT_AVAILABLE,NOT_AVAILABLE,NOT_AVAILABLE,NOT_AVAILABLE,development OOF(非locked): n=176 Acc=0.6080 基线=0.5057 Δ=+0.1023 BA=0.5097 AUROC=0.7123,development LOAO(池化OOF按档案切分): A1 n=55 BA=0.4644; A2 n=73 BA=0.5227; A3 n=48 BA=0.5233,no_signal_label_granularity_ceiling（BA=0.5097，标签仅3~5档且档间距 < 我们的MAE）,no,unknown,无,不得作出任何疾病诊断、排除或分期断言；禁止输出微米绝对值,无等价替代。output_input_ratio 由两个管径反算，是恒等式而非独立观测；四个测量字段全部关闭
flow_state（流态）,NOT_AUTHORISED_TO_READ,未经locked读取（当前授权不允许第8次读取）,DINOv2-B/14 整图 + 5池化 + PCA64 + LogReg(C=0.03)（A0）,二分类 流态；**观测单位是时间基**，静态图不可观测,NOT_AVAILABLE,NOT_AVAILABLE,NOT_AVAILABLE,NOT_AVAILABLE,NOT_AVAILABLE,NOT_AVAILABLE,NOT_AVAILABLE,NOT_AVAILABLE,NOT_AVAILABLE,development OOF(非locked): n=179 Acc=0.7598 基线=0.7709 Δ=-0.0112 BA=0.4928 AUROC=0.5090,development LOAO(池化OOF按档案切分): A1 n=55 BA=0.5000; A2 n=74 BA=0.4912; A3 n=50 BA=0.4875,no_signal_requires_time_base（Δ=−0.0112 为负，BA=0.4928，AUROC=0.5090）,no,unknown,无,不得作出任何疾病诊断、排除或分期断言；静态相关性**不得冒充流态观测**,无等价静态量。视频仅覆盖 51.1% 病例，且本字段需按秒计的动态观测
microthrombus（微血栓）,NOT_AUTHORISED_TO_READ,未经locked读取（当前授权不允许第8次读取）,DINOv2-B/14 整图 + 5池化 + PCA64 + LogReg(C=0.03)（A0）,二分类 无 vs 有；**单位是时间基上的事件（个/min）**，静态图不可观测,NOT_AVAILABLE,NOT_AVAILABLE,NOT_AVAILABLE,NOT_AVAILABLE,NOT_AVAILABLE,NOT_AVAILABLE,NOT_AVAILABLE,NOT_AVAILABLE,NOT_AVAILABLE,development OOF(非locked): n=182 Acc=0.6703 基线=0.5934 Δ=+0.0769 BA=0.6542 AUROC=0.7611,development LOAO(池化OOF按档案切分): A1 n=57 BA=0.7027; A2 n=76 BA=0.6953; A3 n=49 BA=0.5362,paused_requires_time_base（development Δ=+0.0769 是静态外观相关，不是事件计数）,unknown,unknown,无,不得作出任何疾病诊断、排除或分期断言；**不得驱动任何血栓相关建议**；不得输出个/min,**不能固定为“无”**：development 分布为 108 无 / 45 “1--2” / 29 “>2”，固定为“无”将在 74 例上错。这是 v2 未覆盖的唯一空档
rbc_aggregation（红细胞聚集）,NOT_AUTHORISED_TO_READ,未经locked读取（当前授权不允许第8次读取）,DINOv2-B/14 整图 + 5池化 + PCA64 + LogReg(C=0.03)（A0）,二分类 聚集；原始定义由**流动上下文**分级,NOT_AVAILABLE,NOT_AVAILABLE,NOT_AVAILABLE,NOT_AVAILABLE,NOT_AVAILABLE,NOT_AVAILABLE,NOT_AVAILABLE,NOT_AVAILABLE,NOT_AVAILABLE,development OOF(非locked): n=181 Acc=0.8177 基线=0.8287 Δ=-0.0110 BA=0.4933 AUROC=0.6843,development LOAO(池化OOF按档案切分): A1 n=57 BA=0.4881; A2 n=74 BA=0.4924; A3 n=50 BA=0.5000,no_signal_collapsed_to_mode（Δ=−0.0110 为负，BA=0.4933；Acc=0.8177 全部来自 0.8287 的众数）,no,not_modelled,无,不得作出任何疾病诊断、排除或分期断言,静态图能否观察该目标：聚集是在**流动中**判读的，静态帧只能看到血柱外观，**不是同一个观测**。固定为众数，无等价替代
vasomotion（舒缩活动）,NOT_APPLICABLE,NOT_APPLICABLE（固定常量输出，无模型可评估；2026-08 v1 记录的“兼容率”0.9148936170212766 是常量与报告的符合率，**无模型参与，不得当作准确率**）,无 —— 固定常量输出,舒缩活动；固定常量输出,NOT_APPLICABLE,NOT_APPLICABLE,NOT_APPLICABLE,NOT_APPLICABLE,NOT_APPLICABLE,NOT_APPLICABLE,NOT_APPLICABLE,NOT_APPLICABLE,NOT_APPLICABLE,无模型。development 标签分布：0--1:179 / 2--4:3 / nan:2 / 次/min:1 / 中度:1；固定输出值 `0--1`,NOT_APPLICABLE,not_modelled_fixed_constant,no,unknown / not_modelled,无,不得作出任何疾病诊断、排除或分期断言；**不得把固定众数当作该患者的事实**（这不是患者实测值）,无等价替代；舒缩是动态观测，静态图无对应量
wbc_count（白细胞数）,NOT_APPLICABLE,NOT_APPLICABLE（固定常量输出，无模型可评估；2026-08 v1 记录的“兼容率”0.9782608695652174 是常量与报告的符合率，**无模型参与，不得当作准确率**）,无 —— 固定常量输出,白细胞数；固定常量输出,NOT_APPLICABLE,NOT_APPLICABLE,NOT_APPLICABLE,NOT_APPLICABLE,NOT_APPLICABLE,NOT_APPLICABLE,NOT_APPLICABLE,NOT_APPLICABLE,NOT_APPLICABLE,无模型。development 标签分布：1--30:180 / >30:3 / nan:2 / 个/15s:1；固定输出值 `1--30`,NOT_APPLICABLE,not_modelled_fixed_constant,no,unknown / not_modelled,无,不得作出任何疾病诊断、排除或分期断言；**不得把固定众数当作该患者的事实**（这不是患者实测值）,无等价替代；需按时间计数的动态观测
sweat_duct（汗腺导管）,NOT_APPLICABLE,NOT_APPLICABLE（固定常量输出，无模型可评估；2026-08 v1 记录的“兼容率”1.0 是常量与报告的符合率，**无模型参与，不得当作准确率**）,无 —— 固定常量输出,汗腺导管；固定常量输出,NOT_APPLICABLE,NOT_APPLICABLE,NOT_APPLICABLE,NOT_APPLICABLE,NOT_APPLICABLE,NOT_APPLICABLE,NOT_APPLICABLE,NOT_APPLICABLE,NOT_APPLICABLE,无模型。development 标签分布：0--2:152 / 个/-指甲襞:20 / 0--2个/-指甲襞:6 / nan:6 / 3--4:2；固定输出值 `0--2`,NOT_APPLICABLE,not_modelled_insufficient_n（n=186 下算术上不可能建模）,no,unknown / not_modelled,无,不得作出任何疾病诊断、排除或分期断言；**不得把固定众数当作该患者的事实**（这不是患者实测值）,无等价替代
hemorrhage（出血）,NOT_APPLICABLE,NOT_APPLICABLE（固定常量输出，无模型可评估；2026-08 v1 记录的“兼容率”0.5 是常量与报告的符合率，**无模型参与，不得当作准确率**）,无 —— 固定常量输出,出血；固定常量输出（现状）,NOT_APPLICABLE,NOT_APPLICABLE,NOT_APPLICABLE,NOT_APPLICABLE,NOT_APPLICABLE,NOT_APPLICABLE,NOT_APPLICABLE,NOT_APPLICABLE,NOT_APPLICABLE,无模型。development 标签分布：无:168 / 1--2:12 / 管袢/一指甲襞:5 / nan:1；固定输出值 `无`,NOT_APPLICABLE,not_modelled_due_to_extreme_imbalance,no,unknown / not_modelled,无,不得作出任何疾病诊断、排除或分期断言；**不得把固定众数当作该患者的事实**（这不是患者实测值）；不得据此提示出血、凝血或血管脆性问题,⚠️ **不能写成“固定为无且准确率100%”**：development 中 168 例“无”、**12 例“1--2”**，另有 5 条单位脏值（`管袢/一指甲襞`）。固定为“无”会在那 12 例上直接错，这是覆盖率取舍，不是实测准确率。“局部可疑红点”见附表探针3：**磁盘上没有任何检测器输出红点类别**，无量可评（NOT_AVAILABLE），要做需区域标注而我们持有 0 份 → 无等价替代
flow_speed_um_s（流速）,NOT_APPLICABLE,NOT_APPLICABLE（原标签为空，n=0，无可评估对象）,无模型,流速；**原标签为空**,NOT_APPLICABLE,NOT_APPLICABLE,NOT_APPLICABLE,NOT_APPLICABLE,NOT_APPLICABLE,NOT_APPLICABLE,NOT_APPLICABLE,NOT_APPLICABLE,NOT_APPLICABLE,n=0，无标签，从未建模,NOT_APPLICABLE,deleted（删除）,no,not_modelled,无,不得作出任何疾病诊断、排除或分期断言；禁止输出 μm/s 数值,无替代。流速需时间基观测且标签完全缺失
output_input_ratio（输出/输入管径比）,NOT_APPLICABLE,NOT_APPLICABLE（派生量，不独立预测）,无独立模型,输出/输入管径比；**派生量**，由两个管径反算，不独立预测,NOT_APPLICABLE,NOT_APPLICABLE,NOT_APPLICABLE,NOT_APPLICABLE,NOT_APPLICABLE,NOT_APPLICABLE,NOT_APPLICABLE,NOT_APPLICABLE,NOT_APPLICABLE,不独立建模（恒等式反算值）,NOT_APPLICABLE,derived_not_independently_predicted,no,not_modelled,无,不得作出任何疾病诊断、排除或分期断言,本身就是派生量：由 afferent/efferent 反算，而那两个字段均无信号且禁止输出微米 → 无可用来源
