field,rung,arm,arm_label,compared_against,n_classes,multiclass,unit_of_observation,observable_from_static_image,n,mode_class,baseline_constant,accuracy,accuracy_ci,delta,delta_ci,balanced_accuracy,balanced_accuracy_ci,auroc_macro_ovr,collapsed_to_one_class,smallest_class,minority_class_insufficient,ba_gain,ba_gain_ci,ba_ci_excludes_zero,accuracy_gain,folds_positive,folds_negative,loao_directions_positive,loao_directions_clearly_negative,ba_gain_vs_shipped_a0,ba_gain_vs_shipped_a0_ci,verdict
clarity,A0,anchor_dinov2b_deployed,"A0  shipped DINOv2-B, no new external data",,2,False,static image appearance,True,185,1,0.5081,0.8378,"[0.7838, 0.8919]",0.3297,"[0.2378, 0.4162]",0.8376,"[0.7824, 0.887]",0.8902,False,91,False,,,,,,,0,0,,,reference_arm
clarity,A1,dinov2b_da_external,A1  DINOv2-B + external unlabelled domain adaptation,anchor_dinov2b_deployed,2,False,static image appearance,True,185,1,0.5081,0.8108,"[0.7514, 0.8649]",0.3027,"[0.2108, 0.3946]",0.8105,"[0.7515, 0.8661]",0.8997,False,91,False,-0.0271,"[-0.0658, 0.0108]",False,-0.027,0.0,4.0,0,0,-0.0271,"[-0.065, 0.0101]",below_resolution
clarity,A0L,dinov2l_deployed_geometry,"A0L capacity control, DINOv2-L, deployed geometry",,2,False,static image appearance,True,185,1,0.5081,0.8216,"[0.7676, 0.8757]",0.3135,"[0.227, 0.4]",0.8211,"[0.7655, 0.8727]",0.9012,False,91,False,,,,,,,0,0,-0.0165,"[-0.0599, 0.0252]",reference_arm
clarity,A1L,dinov2l_da_external,A1L DINOv2-L + external unlabelled domain adaptation,dinov2l_deployed_geometry,2,False,static image appearance,True,185,1,0.5081,0.8162,"[0.7622, 0.8703]",0.3081,"[0.2162, 0.4]",0.8158,"[0.7579, 0.8701]",0.9066,False,91,False,-0.0053,"[-0.0427, 0.0313]",False,-0.0054,2.0,3.0,1,0,-0.0218,"[-0.0711, 0.0263]",no_effect
clarity,R0,retfound_dinov2_meh,R0  RETFound (continued DINOv2-L SSL on retinal images),,2,False,static image appearance,True,185,1,0.5081,0.7676,"[0.7027, 0.8216]",0.2595,"[0.173, 0.3514]",0.7669,"[0.7039, 0.8258]",0.8682,False,91,False,,,,,,,0,0,-0.0707,"[-0.1313, -0.009]",reference_arm
clarity,R1,retfound_da_external,R1  RETFound + external unlabelled domain adaptation,retfound_dinov2_meh,2,False,static image appearance,True,185,1,0.5081,0.773,"[0.7081, 0.8324]",0.2649,"[0.1728, 0.3568]",0.7727,"[0.7135, 0.8311]",0.8632,False,91,False,0.0058,"[-0.0366, 0.0476]",False,0.0054,3.0,2.0,1,0,-0.0649,"[-0.1246, -0.0052]",no_effect
clarity,M0,medsiglip_medical,M0  MedSigLIP-448 frozen vision tower,,2,False,static image appearance,True,185,1,0.5081,0.8324,"[0.7784, 0.8865]",0.3243,"[0.2324, 0.4108]",0.8321,"[0.7781, 0.8869]",0.8859,False,91,False,,,,,,,0,0,-0.0055,"[-0.0462, 0.0378]",reference_arm
clarity,M1,medsiglip_da_external,M1  MedSigLIP + external unlabelled domain adaptation,medsiglip_medical,2,False,static image appearance,True,185,1,0.5081,0.8162,"[0.7622, 0.8703]",0.3081,"[0.2216, 0.3946]",0.8156,"[0.7607, 0.8664]",0.8837,False,91,False,-0.0165,"[-0.0372, 0.0]",False,-0.0162,0.0,2.0,0,0,-0.022,"[-0.0676, 0.0234]",no_effect
exudation,A0,anchor_dinov2b_deployed,"A0  shipped DINOv2-B, no new external data",,2,False,static image appearance,True,183,0,0.5082,0.7486,"[0.6831, 0.8087]",0.2404,"[0.1421, 0.3388]",0.7493,"[0.6845, 0.8121]",0.8418,False,90,False,,,,,,,0,0,,,reference_arm
exudation,A1,dinov2b_da_external,A1  DINOv2-B + external unlabelled domain adaptation,anchor_dinov2b_deployed,2,False,static image appearance,True,183,0,0.5082,0.7596,"[0.694, 0.8197]",0.2514,"[0.153, 0.3552]",0.7604,"[0.6952, 0.8216]",0.8281,False,90,False,0.0111,"[-0.0443, 0.0689]",False,0.0109,3.0,1.0,2,1,0.0111,"[-0.0461, 0.0652]",no_effect
exudation,A0L,dinov2l_deployed_geometry,"A0L capacity control, DINOv2-L, deployed geometry",,2,False,static image appearance,True,183,0,0.5082,0.7705,"[0.7104, 0.8306]",0.2623,"[0.1639, 0.3607]",0.771,"[0.706, 0.8309]",0.862,False,90,False,,,,,,,0,0,0.0217,"[-0.0271, 0.0671]",reference_arm
exudation,A1L,dinov2l_da_external,A1L DINOv2-L + external unlabelled domain adaptation,dinov2l_deployed_geometry,2,False,static image appearance,True,183,0,0.5082,0.7596,"[0.694, 0.8197]",0.2514,"[0.153, 0.3497]",0.7604,"[0.6998, 0.82]",0.8569,False,90,False,-0.0106,"[-0.0428, 0.0216]",False,-0.0109,1.0,2.0,1,1,0.0111,"[-0.0394, 0.0618]",no_effect
exudation,R0,retfound_dinov2_meh,R0  RETFound (continued DINOv2-L SSL on retinal images),,2,False,static image appearance,True,183,0,0.5082,0.7541,"[0.694, 0.8142]",0.2459,"[0.1475, 0.3443]",0.7545,"[0.694, 0.8157]",0.8341,False,90,False,,,,,,,0,0,0.0052,"[-0.0544, 0.0636]",reference_arm
exudation,R1,retfound_da_external,R1  RETFound + external unlabelled domain adaptation,retfound_dinov2_meh,2,False,static image appearance,True,183,0,0.5082,0.7596,"[0.694, 0.8197]",0.2514,"[0.153, 0.3497]",0.7599,"[0.6988, 0.82]",0.8325,False,90,False,0.0054,"[-0.0327, 0.0437]",False,0.0055,2.0,1.0,2,1,0.0106,"[-0.0467, 0.0706]",no_effect
exudation,M0,medsiglip_medical,M0  MedSigLIP-448 frozen vision tower,,2,False,static image appearance,True,183,0,0.5082,0.7705,"[0.7104, 0.8306]",0.2623,"[0.1694, 0.3608]",0.7708,"[0.7089, 0.8335]",0.849,False,90,False,,,,,,,0,0,0.0215,"[-0.033, 0.0731]",reference_arm
exudation,M1,medsiglip_da_external,M1  MedSigLIP + external unlabelled domain adaptation,medsiglip_medical,2,False,static image appearance,True,183,0,0.5082,0.7705,"[0.7104, 0.8306]",0.2623,"[0.1639, 0.3607]",0.7711,"[0.7097, 0.8302]",0.8533,False,90,False,0.0004,"[-0.0206, 0.023]",False,0.0,1.0,1.0,1,0,0.0219,"[-0.0325, 0.0776]",no_effect
blood_color,A0,anchor_dinov2b_deployed,"A0  shipped DINOv2-B, no new external data",,2,False,static image appearance,True,181,0,0.5525,0.6851,"[0.6133, 0.7514]",0.1326,"[0.0275, 0.232]",0.6904,"[0.6207, 0.7567]",0.7894,False,81,False,,,,,,,0,0,,,reference_arm
blood_color,A1,dinov2b_da_external,A1  DINOv2-B + external unlabelled domain adaptation,anchor_dinov2b_deployed,2,False,static image appearance,True,181,0,0.5525,0.7127,"[0.6464, 0.7735]",0.1602,"[0.0663, 0.2597]",0.7107,"[0.6439, 0.7787]",0.7932,False,81,False,0.0203,"[-0.0359, 0.077]",False,0.0276,3.0,2.0,2,1,0.0203,"[-0.0336, 0.0771]",below_resolution
blood_color,A0L,dinov2l_deployed_geometry,"A0L capacity control, DINOv2-L, deployed geometry",,2,False,static image appearance,True,181,0,0.5525,0.7127,"[0.6409, 0.7735]",0.1602,"[0.0663, 0.2543]",0.7119,"[0.6416, 0.7763]",0.7933,False,81,False,,,,,,,0,0,0.0215,"[-0.0361, 0.0827]",reference_arm
blood_color,A1L,dinov2l_da_external,A1L DINOv2-L + external unlabelled domain adaptation,dinov2l_deployed_geometry,2,False,static image appearance,True,181,0,0.5525,0.674,"[0.6022, 0.7403]",0.1215,"[0.0276, 0.2155]",0.6698,"[0.6009, 0.738]",0.7935,False,81,False,-0.042,"[-0.0873, 0.0041]",False,-0.0387,0.0,4.0,0,1,-0.0206,"[-0.0862, 0.0423]",below_resolution
blood_color,R0,retfound_dinov2_meh,R0  RETFound (continued DINOv2-L SSL on retinal images),,2,False,static image appearance,True,181,0,0.5525,0.7293,"[0.663, 0.7956]",0.1768,"[0.0718, 0.2707]",0.7327,"[0.6654, 0.7969]",0.8152,False,81,False,,,,,,,0,0,0.0423,"[-0.0329, 0.1167]",reference_arm
blood_color,R1,retfound_da_external,R1  RETFound + external unlabelled domain adaptation,retfound_dinov2_meh,2,False,static image appearance,True,181,0,0.5525,0.7293,"[0.6684, 0.7956]",0.1768,"[0.0829, 0.2652]",0.7292,"[0.6629, 0.7944]",0.8027,False,81,False,-0.0035,"[-0.0482, 0.0391]",False,0.0,2.0,2.0,1,0,0.0388,"[-0.0244, 0.1033]",no_effect
blood_color,M0,medsiglip_medical,M0  MedSigLIP-448 frozen vision tower,,2,False,static image appearance,True,181,0,0.5525,0.7238,"[0.6575, 0.7845]",0.1713,"[0.0718, 0.2598]",0.7219,"[0.652, 0.7903]",0.8042,False,81,False,,,,,,,0,0,0.0315,"[-0.0257, 0.0889]",reference_arm
blood_color,M1,medsiglip_da_external,M1  MedSigLIP + external unlabelled domain adaptation,medsiglip_medical,2,False,static image appearance,True,181,0,0.5525,0.7072,"[0.6409, 0.768]",0.1547,"[0.0552, 0.2486]",0.7045,"[0.6353, 0.7729]",0.8062,False,81,False,-0.0173,"[-0.0557, 0.022]",False,-0.0166,1.0,3.0,0,0,0.0141,"[-0.0468, 0.0752]",no_effect
subpapillary_venous_plexus,A0,anchor_dinov2b_deployed,"A0  shipped DINOv2-B, no new external data",,2,False,static image appearance,True,184,1,0.5707,0.837,"[0.7826, 0.8913]",0.2663,"[0.1793, 0.3533]",0.8321,"[0.7764, 0.8831]",0.8966,False,79,False,,,,,,,0,0,,,reference_arm
subpapillary_venous_plexus,A1,dinov2b_da_external,A1  DINOv2-B + external unlabelled domain adaptation,anchor_dinov2b_deployed,2,False,static image appearance,True,184,1,0.5707,0.8261,"[0.7663, 0.875]",0.2554,"[0.1739, 0.3424]",0.8178,"[0.762, 0.8725]",0.8956,False,79,False,-0.0142,"[-0.0659, 0.0363]",False,-0.0109,2.0,3.0,1,1,-0.0142,"[-0.0652, 0.036]",no_effect
subpapillary_venous_plexus,A0L,dinov2l_deployed_geometry,"A0L capacity control, DINOv2-L, deployed geometry",,2,False,static image appearance,True,184,1,0.5707,0.8152,"[0.7554, 0.8696]",0.2446,"[0.1576, 0.3315]",0.8146,"[0.7534, 0.8694]",0.8811,False,79,False,,,,,,,0,0,-0.0175,"[-0.0698, 0.0309]",reference_arm
subpapillary_venous_plexus,A1L,dinov2l_da_external,A1L DINOv2-L + external unlabelled domain adaptation,dinov2l_deployed_geometry,2,False,static image appearance,True,184,1,0.5707,0.8424,"[0.788, 0.8913]",0.2717,"[0.1848, 0.3534]",0.8384,"[0.7796, 0.8946]",0.8923,False,79,False,0.0238,"[-0.0066, 0.0587]",False,0.0272,3.0,0.0,2,0,0.0063,"[-0.0429, 0.054]",below_resolution
subpapillary_venous_plexus,R0,retfound_dinov2_meh,R0  RETFound (continued DINOv2-L SSL on retinal images),,2,False,static image appearance,True,184,1,0.5707,0.6522,"[0.5761, 0.7228]",0.0815,"[0.0054, 0.163]",0.6263,"[0.5589, 0.6942]",0.688,False,79,False,,,,,,,0,0,-0.2058,"[-0.2791, -0.1296]",reference_arm
subpapillary_venous_plexus,R1,retfound_da_external,R1  RETFound + external unlabelled domain adaptation,retfound_dinov2_meh,2,False,static image appearance,True,184,1,0.5707,0.6359,"[0.5652, 0.7011]",0.0652,"[-0.0163, 0.1467]",0.6151,"[0.5459, 0.6815]",0.6782,False,79,False,-0.0112,"[-0.0514, 0.03]",False,-0.0163,1.0,4.0,1,0,-0.2169,"[-0.2942, -0.1404]",no_effect
subpapillary_venous_plexus,M0,medsiglip_medical,M0  MedSigLIP-448 frozen vision tower,,2,False,static image appearance,True,184,1,0.5707,0.7935,"[0.7337, 0.8478]",0.2228,"[0.1359, 0.3098]",0.7893,"[0.7298, 0.8487]",0.8509,False,79,False,,,,,,,0,0,-0.0428,"[-0.0974, 0.0078]",reference_arm
subpapillary_venous_plexus,M1,medsiglip_da_external,M1  MedSigLIP + external unlabelled domain adaptation,medsiglip_medical,2,False,static image appearance,True,184,1,0.5707,0.8098,"[0.75, 0.8641]",0.2391,"[0.1522, 0.3208]",0.8051,"[0.7466, 0.8632]",0.8551,False,79,False,0.0159,"[0.0, 0.0363]",False,0.0163,2.0,0.0,3,0,-0.0269,"[-0.077, 0.026]",no_effect
papilla,A0,anchor_dinov2b_deployed,"A0  shipped DINOv2-B, no new external data",,3,True,static image shape,True,185,1,0.4162,0.4432,"[0.373, 0.5135]",0.027,"[-0.0649, 0.1189]",0.4149,"[0.3464, 0.4859]",0.6455,False,42,False,,,,,,,0,0,,,reference_arm
papilla,A1,dinov2b_da_external,A1  DINOv2-B + external unlabelled domain adaptation,anchor_dinov2b_deployed,3,True,static image shape,True,185,1,0.4162,0.5297,"[0.4595, 0.6]",0.1135,"[0.0162, 0.2108]",0.5115,"[0.4363, 0.589]",0.6996,False,42,False,0.0967,"[0.0287, 0.1622]",True,0.0865,4.0,1.0,3,0,0.0967,"[0.0286, 0.1604]",meets_effect_threshold
papilla,A0L,dinov2l_deployed_geometry,"A0L capacity control, DINOv2-L, deployed geometry",,3,True,static image shape,True,185,1,0.4162,0.4432,"[0.373, 0.5135]",0.027,"[-0.0703, 0.1243]",0.4163,"[0.3494, 0.4897]",0.6176,False,42,False,,,,,,,0,0,0.0014,"[-0.0652, 0.0644]",reference_arm
papilla,A1L,dinov2l_da_external,A1L DINOv2-L + external unlabelled domain adaptation,dinov2l_deployed_geometry,3,True,static image shape,True,185,1,0.4162,0.4324,"[0.3622, 0.5081]",0.0162,"[-0.0811, 0.1135]",0.4105,"[0.3407, 0.4854]",0.6437,False,42,False,-0.0058,"[-0.0659, 0.0563]",False,-0.0108,2.0,3.0,2,0,-0.0043,"[-0.0758, 0.0684]",no_effect
papilla,R0,retfound_dinov2_meh,R0  RETFound (continued DINOv2-L SSL on retinal images),,3,True,static image shape,True,185,1,0.4162,0.4216,"[0.3459, 0.4919]",0.0054,"[-0.0865, 0.0919]",0.3997,"[0.33, 0.4725]",0.6232,False,42,False,,,,,,,0,0,-0.0152,"[-0.0986, 0.0651]",reference_arm
papilla,R1,retfound_da_external,R1  RETFound + external unlabelled domain adaptation,retfound_dinov2_meh,3,True,static image shape,True,185,1,0.4162,0.4595,"[0.3838, 0.5299]",0.0432,"[-0.0432, 0.1351]",0.43,"[0.3649, 0.5042]",0.6361,False,42,False,0.0303,"[-0.0243, 0.0858]",False,0.0378,4.0,1.0,2,0,0.0152,"[-0.0651, 0.0995]",below_resolution
papilla,M0,medsiglip_medical,M0  MedSigLIP-448 frozen vision tower,,3,True,static image shape,True,185,1,0.4162,0.4757,"[0.4054, 0.5459]",0.0595,"[-0.0324, 0.1514]",0.4625,"[0.3912, 0.5359]",0.6486,False,42,False,,,,,,,0,0,0.0476,"[-0.0294, 0.12]",reference_arm
papilla,M1,medsiglip_da_external,M1  MedSigLIP + external unlabelled domain adaptation,medsiglip_medical,3,True,static image shape,True,185,1,0.4162,0.4757,"[0.4054, 0.5461]",0.0595,"[-0.0324, 0.1568]",0.4632,"[0.3912, 0.5383]",0.6505,False,42,False,0.0007,"[-0.0362, 0.0366]",False,0.0,1.0,2.0,2,0,0.0483,"[-0.0346, 0.1257]",no_effect
rbc_aggregation,A0,anchor_dinov2b_deployed,"A0  shipped DINOv2-B, no new external data",,2,False,"static image appearance, but graded from flow context",True,181,1,0.8287,0.8177,"[0.7624, 0.8729]",-0.011,"[-0.0276, 0.0]",0.4933,"[0.4832, 0.5]",0.6843,False,31,False,,,,,,,0,0,,,reference_arm
rbc_aggregation,A1,dinov2b_da_external,A1  DINOv2-B + external unlabelled domain adaptation,anchor_dinov2b_deployed,2,False,"static image appearance, but graded from flow context",True,181,1,0.8287,0.8287,"[0.7735, 0.8785]",0.0,"[0.0, 0.0]",0.5,"[0.5, 0.5]",0.6295,True,31,False,0.0067,"[0.0, 0.0172]",False,0.011,1.0,0.0,2,0,0.0067,"[0.0, 0.0171]",not_measurable
rbc_aggregation,A0L,dinov2l_deployed_geometry,"A0L capacity control, DINOv2-L, deployed geometry",,2,False,"static image appearance, but graded from flow context",True,181,1,0.8287,0.8287,"[0.7735, 0.8786]",0.0,"[0.0, 0.0]",0.5,"[0.5, 0.5]",0.6181,True,31,False,,,,,,,0,0,0.0067,"[0.0, 0.0172]",not_measurable
rbc_aggregation,A1L,dinov2l_da_external,A1L DINOv2-L + external unlabelled domain adaptation,dinov2l_deployed_geometry,2,False,"static image appearance, but graded from flow context",True,181,1,0.8287,0.8287,"[0.768, 0.884]",0.0,"[0.0, 0.0]",0.5,"[0.5, 0.5]",0.6404,True,31,False,0.0,"[0.0, 0.0]",False,0.0,0.0,0.0,0,0,0.0067,"[0.0, 0.0169]",not_measurable
rbc_aggregation,R0,retfound_dinov2_meh,R0  RETFound (continued DINOv2-L SSL on retinal images),,2,False,"static image appearance, but graded from flow context",True,181,1,0.8287,0.8232,"[0.768, 0.8785]",-0.0055,"[-0.0166, 0.0]",0.4967,"[0.4896, 0.5]",0.6252,False,31,False,,,,,,,0,0,0.0033,"[-0.0071, 0.016]",reference_arm
rbc_aggregation,R1,retfound_da_external,R1  RETFound + external unlabelled domain adaptation,retfound_dinov2_meh,2,False,"static image appearance, but graded from flow context",True,181,1,0.8287,0.8287,"[0.7735, 0.884]",0.0,"[-0.0166, 0.0166]",0.5128,"[0.4903, 0.55]",0.6411,False,31,False,0.0161,"[0.0, 0.0536]",False,0.0055,1.0,0.0,1,0,0.0195,"[-0.0034, 0.0611]",no_effect
rbc_aggregation,M0,medsiglip_medical,M0  MedSigLIP-448 frozen vision tower,,2,False,"static image appearance, but graded from flow context",True,181,1,0.8287,0.8232,"[0.768, 0.8785]",-0.0055,"[-0.0166, 0.0]",0.4967,"[0.4896, 0.5]",0.6645,False,31,False,,,,,,,0,0,0.0033,"[0.0, 0.0103]",reference_arm
rbc_aggregation,M1,medsiglip_da_external,M1  MedSigLIP + external unlabelled domain adaptation,medsiglip_medical,2,False,"static image appearance, but graded from flow context",True,181,1,0.8287,0.8122,"[0.7514, 0.8674]",-0.0166,"[-0.0387, 0.0]",0.49,"[0.4767, 0.5]",0.6533,False,31,False,-0.0067,"[-0.017, 0.0]",False,-0.011,0.0,2.0,0,0,-0.0033,"[-0.0145, 0.007]",no_effect
malformation_ratio,A0,anchor_dinov2b_deployed,"A0  shipped DINOv2-B, no new external data",,2,False,"static image shape, ratio over vessels in view",True,162,0,0.5679,0.6481,"[0.5741, 0.7222]",0.0802,"[-0.0062, 0.1728]",0.6304,"[0.5589, 0.7037]",0.7068,False,70,False,,,,,,,0,0,,,reference_arm
malformation_ratio,A1,dinov2b_da_external,A1  DINOv2-B + external unlabelled domain adaptation,anchor_dinov2b_deployed,2,False,"static image shape, ratio over vessels in view",True,162,0,0.5679,0.6605,"[0.5864, 0.7284]",0.0926,"[0.0, 0.1914]",0.6464,"[0.5747, 0.7197]",0.7124,False,70,False,0.016,"[-0.043, 0.072]",False,0.0123,3.0,2.0,3,0,0.016,"[-0.0429, 0.0749]",no_effect
malformation_ratio,A0L,dinov2l_deployed_geometry,"A0L capacity control, DINOv2-L, deployed geometry",,2,False,"static image shape, ratio over vessels in view",True,162,0,0.5679,0.6235,"[0.5432, 0.6975]",0.0556,"[-0.037, 0.142]",0.6036,"[0.5311, 0.6775]",0.6943,False,70,False,,,,,,,0,0,-0.0269,"[-0.0817, 0.0265]",reference_arm
malformation_ratio,A1L,dinov2l_da_external,A1L DINOv2-L + external unlabelled domain adaptation,dinov2l_deployed_geometry,2,False,"static image shape, ratio over vessels in view",True,162,0,0.5679,0.6728,"[0.5988, 0.7469]",0.1049,"[0.0122, 0.1975]",0.6607,"[0.5866, 0.7328]",0.7179,False,70,False,0.0571,"[0.0072, 0.1049]",True,0.0494,4.0,0.0,3,0,0.0303,"[-0.0292, 0.0931]",below_resolution_vs_shipped_a0
malformation_ratio,R0,retfound_dinov2_meh,R0  RETFound (continued DINOv2-L SSL on retinal images),,2,False,"static image shape, ratio over vessels in view",True,162,0,0.5679,0.6173,"[0.5432, 0.6914]",0.0494,"[-0.037, 0.1358]",0.593,"[0.5196, 0.6669]",0.6134,False,70,False,,,,,,,0,0,-0.0374,"[-0.1082, 0.0349]",reference_arm
malformation_ratio,R1,retfound_da_external,R1  RETFound + external unlabelled domain adaptation,retfound_dinov2_meh,2,False,"static image shape, ratio over vessels in view",True,162,0,0.5679,0.6296,"[0.5556, 0.7037]",0.0617,"[-0.0247, 0.1481]",0.6073,"[0.537, 0.6761]",0.6284,False,70,False,0.0143,"[-0.0184, 0.05]",False,0.0123,3.0,1.0,2,1,-0.0231,"[-0.0946, 0.0446]",no_effect
malformation_ratio,M0,medsiglip_medical,M0  MedSigLIP-448 frozen vision tower,,2,False,"static image shape, ratio over vessels in view",True,162,0,0.5679,0.6481,"[0.5741, 0.716]",0.0802,"[-0.0062, 0.1667]",0.627,"[0.5573, 0.7023]",0.7028,False,70,False,,,,,,,0,0,-0.0034,"[-0.068, 0.0621]",reference_arm
malformation_ratio,M1,medsiglip_da_external,M1  MedSigLIP + external unlabelled domain adaptation,medsiglip_medical,2,False,"static image shape, ratio over vessels in view",True,162,0,0.5679,0.6667,"[0.5926, 0.7407]",0.0988,"[0.0123, 0.1852]",0.6484,"[0.5772, 0.7197]",0.707,False,70,False,0.0214,"[-0.0079, 0.0542]",False,0.0185,3.0,1.0,3,0,0.018,"[-0.0495, 0.0858]",below_resolution
capillary_count,A0,anchor_dinov2b_deployed,"A0  shipped DINOv2-B, no new external data",,3,True,count per unit length; needs device calibration and a defined denominator,False,182,0,0.6868,0.6978,"[0.6264, 0.7637]",0.011,"[-0.0275, 0.0549]",0.4523,"[0.3661, 0.541]",0.6872,False,15,False,,,,,,,0,0,,,reference_arm
capillary_count,A1,dinov2b_da_external,A1  DINOv2-B + external unlabelled domain adaptation,anchor_dinov2b_deployed,3,True,count per unit length; needs device calibration and a defined denominator,False,182,0,0.6868,0.6923,"[0.6264, 0.7582]",0.0055,"[-0.033, 0.044]",0.4443,"[0.3631, 0.5299]",0.6803,False,15,False,-0.0079,"[-0.0405, 0.0244]",False,-0.0055,3.0,2.0,0,0,-0.0079,"[-0.0413, 0.0239]",no_effect
capillary_count,A0L,dinov2l_deployed_geometry,"A0L capacity control, DINOv2-L, deployed geometry",,3,True,count per unit length; needs device calibration and a defined denominator,False,182,0,0.6868,0.6923,"[0.6209, 0.7582]",0.0055,"[-0.0385, 0.0495]",0.4406,"[0.3603, 0.5355]",0.715,False,15,False,,,,,,,0,0,-0.0117,"[-0.0755, 0.0417]",reference_arm
capillary_count,A1L,dinov2l_da_external,A1L DINOv2-L + external unlabelled domain adaptation,dinov2l_deployed_geometry,3,True,count per unit length; needs device calibration and a defined denominator,False,182,0,0.6868,0.6758,"[0.6044, 0.7473]",-0.011,"[-0.0549, 0.033]",0.422,"[0.3448, 0.5072]",0.7037,False,15,False,-0.0185,"[-0.0614, 0.0208]",False,-0.0165,1.0,4.0,0,1,-0.0302,"[-0.0889, 0.012]",no_effect
capillary_count,R0,retfound_dinov2_meh,R0  RETFound (continued DINOv2-L SSL on retinal images),,3,True,count per unit length; needs device calibration and a defined denominator,False,182,0,0.6868,0.6813,"[0.6099, 0.7473]",-0.0055,"[-0.0385, 0.022]",0.3608,"[0.321, 0.4166]",0.6575,False,15,False,,,,,,,0,0,-0.0915,"[-0.1833, -0.0135]",reference_arm
capillary_count,R1,retfound_da_external,R1  RETFound + external unlabelled domain adaptation,retfound_dinov2_meh,3,True,count per unit length; needs device calibration and a defined denominator,False,182,0,0.6868,0.6868,"[0.6209, 0.7527]",0.0,"[-0.0385, 0.0385]",0.4078,"[0.3391, 0.4919]",0.6648,False,15,False,0.047,"[-0.0053, 0.1141]",False,0.0055,3.0,0.0,1,0,-0.0444,"[-0.1196, 0.0164]",below_resolution
capillary_count,M0,medsiglip_medical,M0  MedSigLIP-448 frozen vision tower,,3,True,count per unit length; needs device calibration and a defined denominator,False,182,0,0.6868,0.6868,"[0.6209, 0.7529]",0.0,"[-0.0385, 0.0385]",0.4221,"[0.3465, 0.5091]",0.6899,False,15,False,,,,,,,0,0,-0.0302,"[-0.1127, 0.0552]",reference_arm
capillary_count,M1,medsiglip_da_external,M1  MedSigLIP + external unlabelled domain adaptation,medsiglip_medical,3,True,count per unit length; needs device calibration and a defined denominator,False,182,0,0.6868,0.6813,"[0.6154, 0.7418]",-0.0055,"[-0.0495, 0.0385]",0.4443,"[0.3553, 0.5322]",0.6836,False,15,False,0.0222,"[-0.0204, 0.0788]",False,-0.0055,3.0,1.0,1,0,-0.008,"[-0.0777, 0.0607]",below_resolution
afferent_diameter,A0,anchor_dinov2b_deployed,"A0  shipped DINOv2-B, no new external data",,3,True,micrometres; needs device calibration,False,165,1,0.4545,0.4667,"[0.3879, 0.5394]",0.0121,"[-0.0727, 0.097]",0.4114,"[0.3392, 0.4832]",0.6189,False,34,False,,,,,,,0,0,,,reference_arm
afferent_diameter,A1,dinov2b_da_external,A1  DINOv2-B + external unlabelled domain adaptation,anchor_dinov2b_deployed,3,True,micrometres; needs device calibration,False,165,1,0.4545,0.4788,"[0.4, 0.5515]",0.0242,"[-0.0667, 0.1091]",0.4295,"[0.3587, 0.5039]",0.6178,False,34,False,0.0181,"[-0.0457, 0.0822]",False,0.0121,3.0,2.0,2,1,0.0181,"[-0.0443, 0.0814]",no_effect
afferent_diameter,A0L,dinov2l_deployed_geometry,"A0L capacity control, DINOv2-L, deployed geometry",,3,True,micrometres; needs device calibration,False,165,1,0.4545,0.497,"[0.4242, 0.5697]",0.0424,"[-0.0424, 0.1273]",0.4405,"[0.3681, 0.5134]",0.6022,False,34,False,,,,,,,0,0,0.0291,"[-0.0323, 0.0914]",reference_arm
afferent_diameter,A1L,dinov2l_da_external,A1L DINOv2-L + external unlabelled domain adaptation,dinov2l_deployed_geometry,3,True,micrometres; needs device calibration,False,165,1,0.4545,0.4303,"[0.3576, 0.503]",-0.0242,"[-0.1091, 0.0606]",0.3725,"[0.3024, 0.4425]",0.5954,False,34,False,-0.068,"[-0.1178, -0.018]",True,-0.0667,0.0,5.0,0,3,-0.0389,"[-0.0987, 0.0219]",worse_beyond_threshold
afferent_diameter,R0,retfound_dinov2_meh,R0  RETFound (continued DINOv2-L SSL on retinal images),,3,True,micrometres; needs device calibration,False,165,1,0.4545,0.4727,"[0.4, 0.5515]",0.0182,"[-0.0606, 0.103]",0.419,"[0.3449, 0.4949]",0.6364,False,34,False,,,,,,,0,0,0.0076,"[-0.069, 0.0855]",reference_arm
afferent_diameter,R1,retfound_da_external,R1  RETFound + external unlabelled domain adaptation,retfound_dinov2_meh,3,True,micrometres; needs device calibration,False,165,1,0.4545,0.4303,"[0.3515, 0.503]",-0.0242,"[-0.1152, 0.0606]",0.3787,"[0.3057, 0.4579]",0.6435,False,34,False,-0.0403,"[-0.0913, 0.0061]",False,-0.0424,2.0,3.0,0,1,-0.0327,"[-0.1086, 0.0385]",below_resolution
afferent_diameter,M0,medsiglip_medical,M0  MedSigLIP-448 frozen vision tower,,3,True,micrometres; needs device calibration,False,165,1,0.4545,0.5333,"[0.4545, 0.6121]",0.0788,"[-0.0061, 0.1636]",0.4886,"[0.4093, 0.5701]",0.6436,False,34,False,,,,,,,0,0,0.0772,"[0.008, 0.1517]",reference_arm
afferent_diameter,M1,medsiglip_da_external,M1  MedSigLIP + external unlabelled domain adaptation,medsiglip_medical,3,True,micrometres; needs device calibration,False,165,1,0.4545,0.503,"[0.4242, 0.5758]",0.0485,"[-0.0424, 0.1333]",0.4542,"[0.3792, 0.5265]",0.6272,False,34,False,-0.0344,"[-0.0716, -0.0047]",True,-0.0303,1.0,3.0,0,0,0.0427,"[-0.031, 0.1151]",below_resolution
efferent_diameter,A0,anchor_dinov2b_deployed,"A0  shipped DINOv2-B, no new external data",,3,True,micrometres; needs device calibration,False,164,1,0.6037,0.628,"[0.5549, 0.7073]",0.0244,"[-0.0305, 0.0793]",0.4062,"[0.357, 0.458]",0.6108,False,23,False,,,,,,,0,0,,,reference_arm
efferent_diameter,A1,dinov2b_da_external,A1  DINOv2-B + external unlabelled domain adaptation,anchor_dinov2b_deployed,3,True,micrometres; needs device calibration,False,164,1,0.6037,0.6341,"[0.561, 0.7073]",0.0305,"[-0.0244, 0.0854]",0.4181,"[0.3586, 0.4829]",0.6229,False,23,False,0.0119,"[-0.0416, 0.0703]",False,0.0061,2.0,2.0,2,0,0.0119,"[-0.0404, 0.0672]",no_effect
efferent_diameter,A0L,dinov2l_deployed_geometry,"A0L capacity control, DINOv2-L, deployed geometry",,3,True,micrometres; needs device calibration,False,164,1,0.6037,0.5854,"[0.5061, 0.6585]",-0.0183,"[-0.0732, 0.0366]",0.3775,"[0.3236, 0.4389]",0.6093,False,23,False,,,,,,,0,0,-0.0287,"[-0.0808, 0.0283]",reference_arm
efferent_diameter,A1L,dinov2l_da_external,A1L DINOv2-L + external unlabelled domain adaptation,dinov2l_deployed_geometry,3,True,micrometres; needs device calibration,False,164,1,0.6037,0.6159,"[0.5366, 0.689]",0.0122,"[-0.0427, 0.0671]",0.408,"[0.3466, 0.4733]",0.6076,False,23,False,0.0305,"[-0.0079, 0.0687]",False,0.0305,4.0,0.0,3,0,0.0018,"[-0.047, 0.0554]",below_resolution
efferent_diameter,R0,retfound_dinov2_meh,R0  RETFound (continued DINOv2-L SSL on retinal images),,3,True,micrometres; needs device calibration,False,164,1,0.6037,0.5671,"[0.4878, 0.6402]",-0.0366,"[-0.0854, 0.0061]",0.3314,"[0.2974, 0.3696]",0.589,False,23,False,,,,,,,0,0,-0.0748,"[-0.1311, -0.0222]",reference_arm
efferent_diameter,R1,retfound_da_external,R1  RETFound + external unlabelled domain adaptation,retfound_dinov2_meh,3,True,micrometres; needs device calibration,False,164,1,0.6037,0.5549,"[0.4816, 0.628]",-0.0488,"[-0.1037, 0.0061]",0.3338,"[0.2953, 0.3752]",0.5878,False,23,False,0.0024,"[-0.0322, 0.0372]",False,-0.0122,1.0,2.0,1,0,-0.0724,"[-0.1263, -0.0226]",no_effect
efferent_diameter,M0,medsiglip_medical,M0  MedSigLIP-448 frozen vision tower,,3,True,micrometres; needs device calibration,False,164,1,0.6037,0.6159,"[0.5366, 0.689]",0.0122,"[-0.0488, 0.0732]",0.4106,"[0.3547, 0.476]",0.627,False,23,False,,,,,,,0,0,0.0044,"[-0.0474, 0.0605]",reference_arm
efferent_diameter,M1,medsiglip_da_external,M1  MedSigLIP + external unlabelled domain adaptation,medsiglip_medical,3,True,micrometres; needs device calibration,False,164,1,0.6037,0.6037,"[0.5305, 0.677]",0.0,"[-0.061, 0.061]",0.3993,"[0.3435, 0.4576]",0.6183,False,23,False,-0.0113,"[-0.0439, 0.0197]",False,-0.0122,2.0,3.0,1,0,-0.0069,"[-0.0616, 0.0512]",no_effect
apex_diameter,A0,anchor_dinov2b_deployed,"A0  shipped DINOv2-B, no new external data",,3,True,micrometres; needs device calibration,False,169,1,0.426,0.4497,"[0.3728, 0.5268]",0.0237,"[-0.0828, 0.1361]",0.3519,"[0.2964, 0.4034]",0.6254,False,25,False,,,,,,,0,0,,,reference_arm
apex_diameter,A1,dinov2b_da_external,A1  DINOv2-B + external unlabelled domain adaptation,anchor_dinov2b_deployed,3,True,micrometres; needs device calibration,False,169,1,0.426,0.4556,"[0.3787, 0.5325]",0.0296,"[-0.0712, 0.142]",0.3739,"[0.3114, 0.4436]",0.5994,False,25,False,0.022,"[-0.036, 0.0891]",False,0.0059,2.0,2.0,2,0,0.022,"[-0.0372, 0.0845]",below_resolution
apex_diameter,A0L,dinov2l_deployed_geometry,"A0L capacity control, DINOv2-L, deployed geometry",,3,True,micrometres; needs device calibration,False,169,1,0.426,0.5089,"[0.432, 0.5858]",0.0828,"[-0.0237, 0.1953]",0.4156,"[0.3494, 0.4792]",0.6317,False,25,False,,,,,,,0,0,0.0637,"[0.0068, 0.1239]",reference_arm
apex_diameter,A1L,dinov2l_da_external,A1L DINOv2-L + external unlabelled domain adaptation,dinov2l_deployed_geometry,3,True,micrometres; needs device calibration,False,169,1,0.426,0.4675,"[0.3905, 0.5444]",0.0414,"[-0.071, 0.1481]",0.3744,"[0.3155, 0.4314]",0.6082,False,25,False,-0.0411,"[-0.0932, 0.0089]",False,-0.0414,1.0,4.0,1,1,0.0226,"[-0.0349, 0.078]",below_resolution
apex_diameter,R0,retfound_dinov2_meh,R0  RETFound (continued DINOv2-L SSL on retinal images),,3,True,micrometres; needs device calibration,False,169,1,0.426,0.503,"[0.426, 0.5799]",0.0769,"[-0.0237, 0.1775]",0.3935,"[0.3395, 0.4455]",0.658,False,25,False,,,,,,,0,0,0.0417,"[-0.0214, 0.1033]",reference_arm
apex_diameter,R1,retfound_da_external,R1  RETFound + external unlabelled domain adaptation,retfound_dinov2_meh,3,True,micrometres; needs device calibration,False,169,1,0.426,0.503,"[0.426, 0.5799]",0.0769,"[-0.0296, 0.1834]",0.3935,"[0.3427, 0.4461]",0.6424,False,25,False,0.0,"[-0.0348, 0.0341]",False,0.0,3.0,2.0,1,0,0.0417,"[-0.0242, 0.1075]",no_effect
apex_diameter,M0,medsiglip_medical,M0  MedSigLIP-448 frozen vision tower,,3,True,micrometres; needs device calibration,False,169,1,0.426,0.5266,"[0.4556, 0.5976]",0.1006,"[-0.0059, 0.2012]",0.412,"[0.3583, 0.4633]",0.6447,False,25,False,,,,,,,0,0,0.0602,"[0.005, 0.1206]",reference_arm
apex_diameter,M1,medsiglip_da_external,M1  MedSigLIP + external unlabelled domain adaptation,medsiglip_medical,3,True,micrometres; needs device calibration,False,169,1,0.426,0.4911,"[0.42, 0.5621]",0.0651,"[-0.0355, 0.1657]",0.3843,"[0.3292, 0.4377]",0.6339,False,25,False,-0.0278,"[-0.0612, 0.0051]",False,-0.0355,1.0,4.0,0,0,0.0324,"[-0.0276, 0.0886]",below_resolution
loop_length,A0,anchor_dinov2b_deployed,"A0  shipped DINOv2-B, no new external data",,3,True,micrometres; needs device calibration,False,176,2,0.5057,0.608,"[0.5341, 0.6818]",0.1023,"[0.0284, 0.1761]",0.5097,"[0.4385, 0.5772]",0.7124,False,32,False,,,,,,,0,0,,,reference_arm
loop_length,A1,dinov2b_da_external,A1  DINOv2-B + external unlabelled domain adaptation,anchor_dinov2b_deployed,3,True,micrometres; needs device calibration,False,176,2,0.5057,0.5966,"[0.5227, 0.6705]",0.0909,"[0.017, 0.1648]",0.5022,"[0.4283, 0.5739]",0.7161,False,32,False,-0.0075,"[-0.064, 0.0504]",False,-0.0114,2.0,3.0,2,0,-0.0075,"[-0.0608, 0.0466]",no_effect
loop_length,A0L,dinov2l_deployed_geometry,"A0L capacity control, DINOv2-L, deployed geometry",,3,True,micrometres; needs device calibration,False,176,2,0.5057,0.5966,"[0.5284, 0.6705]",0.0909,"[0.017, 0.1705]",0.4935,"[0.4258, 0.5655]",0.7283,False,32,False,,,,,,,0,0,-0.0162,"[-0.0658, 0.032]",reference_arm
loop_length,A1L,dinov2l_da_external,A1L DINOv2-L + external unlabelled domain adaptation,dinov2l_deployed_geometry,3,True,micrometres; needs device calibration,False,176,2,0.5057,0.6023,"[0.5341, 0.6761]",0.0966,"[0.0227, 0.1761]",0.4949,"[0.4262, 0.5632]",0.7334,False,32,False,0.0014,"[-0.0461, 0.0513]",False,0.0057,3.0,2.0,1,1,-0.0148,"[-0.0701, 0.0351]",no_effect
loop_length,R0,retfound_dinov2_meh,R0  RETFound (continued DINOv2-L SSL on retinal images),,3,True,micrometres; needs device calibration,False,176,2,0.5057,0.5682,"[0.4886, 0.642]",0.0625,"[-0.0114, 0.1364]",0.4458,"[0.3886, 0.5032]",0.7071,False,32,False,,,,,,,0,0,-0.0639,"[-0.1383, 0.0083]",reference_arm
loop_length,R1,retfound_da_external,R1  RETFound + external unlabelled domain adaptation,retfound_dinov2_meh,3,True,micrometres; needs device calibration,False,176,2,0.5057,0.5511,"[0.4773, 0.6193]",0.0455,"[-0.0284, 0.1136]",0.4366,"[0.371, 0.5027]",0.6921,False,32,False,-0.0092,"[-0.0468, 0.0303]",False,-0.017,2.0,3.0,1,0,-0.0731,"[-0.147, -0.0005]",no_effect
loop_length,M0,medsiglip_medical,M0  MedSigLIP-448 frozen vision tower,,3,True,micrometres; needs device calibration,False,176,2,0.5057,0.5455,"[0.4716, 0.6193]",0.0398,"[-0.0398, 0.1193]",0.4572,"[0.384, 0.5302]",0.7249,False,32,False,,,,,,,0,0,-0.0525,"[-0.1201, 0.013]",reference_arm
loop_length,M1,medsiglip_da_external,M1  MedSigLIP + external unlabelled domain adaptation,medsiglip_medical,3,True,micrometres; needs device calibration,False,176,2,0.5057,0.5398,"[0.4659, 0.6136]",0.0341,"[-0.0455, 0.1193]",0.4534,"[0.3864, 0.529]",0.726,False,32,False,-0.0037,"[-0.0336, 0.0285]",False,-0.0057,2.0,3.0,1,0,-0.0562,"[-0.1264, 0.0088]",no_effect
crossing_ratio,A0,anchor_dinov2b_deployed,"A0  shipped DINOv2-B, no new external data",,2,False,"static image shape, ratio over vessels in view",True,177,0,0.6328,0.6215,"[0.548, 0.6893]",-0.0113,"[-0.0678, 0.0452]",0.5298,"[0.475, 0.5843]",0.6279,False,65,False,,,,,,,0,0,,,reference_arm
crossing_ratio,A1,dinov2b_da_external,A1  DINOv2-B + external unlabelled domain adaptation,anchor_dinov2b_deployed,2,False,"static image shape, ratio over vessels in view",True,177,0,0.6328,0.6384,"[0.565, 0.7119]",0.0056,"[-0.0566, 0.0621]",0.5561,"[0.4923, 0.6195]",0.6113,False,65,False,0.0263,"[-0.0368, 0.085]",False,0.0169,3.0,1.0,2,0,0.0263,"[-0.0331, 0.0831]",below_resolution
crossing_ratio,A0L,dinov2l_deployed_geometry,"A0L capacity control, DINOv2-L, deployed geometry",,2,False,"static image shape, ratio over vessels in view",True,177,0,0.6328,0.5932,"[0.5254, 0.6667]",-0.0395,"[-0.096, 0.0114]",0.4978,"[0.4476, 0.5531]",0.5907,False,65,False,,,,,,,0,0,-0.032,"[-0.0944, 0.0303]",reference_arm
crossing_ratio,A1L,dinov2l_da_external,A1L DINOv2-L + external unlabelled domain adaptation,dinov2l_deployed_geometry,2,False,"static image shape, ratio over vessels in view",True,177,0,0.6328,0.6102,"[0.5424, 0.678]",-0.0226,"[-0.0849, 0.0395]",0.5306,"[0.468, 0.5944]",0.6341,False,65,False,0.0328,"[-0.0111, 0.0821]",False,0.0169,4.0,1.0,3,0,0.0008,"[-0.0606, 0.0626]",below_resolution
crossing_ratio,R0,retfound_dinov2_meh,R0  RETFound (continued DINOv2-L SSL on retinal images),,2,False,"static image shape, ratio over vessels in view",True,177,0,0.6328,0.5989,"[0.5254, 0.6723]",-0.0339,"[-0.0847, 0.0169]",0.4958,"[0.4523, 0.5428]",0.539,False,65,False,,,,,,,0,0,-0.034,"[-0.0975, 0.0277]",reference_arm
crossing_ratio,R1,retfound_da_external,R1  RETFound + external unlabelled domain adaptation,retfound_dinov2_meh,2,False,"static image shape, ratio over vessels in view",True,177,0,0.6328,0.6158,"[0.5424, 0.6894]",-0.0169,"[-0.0678, 0.0339]",0.5157,"[0.465, 0.5658]",0.5332,False,65,False,0.0198,"[-0.0042, 0.0471]",False,0.0169,3.0,1.0,2,0,-0.0141,"[-0.0803, 0.0508]",no_effect
crossing_ratio,M0,medsiglip_medical,M0  MedSigLIP-448 frozen vision tower,,2,False,"static image shape, ratio over vessels in view",True,177,0,0.6328,0.6158,"[0.548, 0.6893]",-0.0169,"[-0.0736, 0.0452]",0.5286,"[0.4703, 0.589]",0.5788,False,65,False,,,,,,,0,0,-0.0012,"[-0.0697, 0.0673]",reference_arm
crossing_ratio,M1,medsiglip_da_external,M1  MedSigLIP + external unlabelled domain adaptation,medsiglip_medical,2,False,"static image shape, ratio over vessels in view",True,177,0,0.6328,0.6328,"[0.5592, 0.7006]",0.0,"[-0.0621, 0.0621]",0.5516,"[0.4919, 0.6154]",0.5854,False,65,False,0.0231,"[-0.0129, 0.0614]",False,0.0169,4.0,1.0,3,0,0.0218,"[-0.0383, 0.0863]",below_resolution
flow_state,A0,anchor_dinov2b_deployed,"A0  shipped DINOv2-B, no new external data",,2,False,time base; graded from motion,False,179,1,0.7709,0.7598,"[0.6927, 0.8212]",-0.0112,"[-0.0279, 0.0]",0.4928,"[0.4812, 0.5]",0.509,False,41,False,,,,,,,0,0,,,reference_arm
flow_state,A1,dinov2b_da_external,A1  DINOv2-B + external unlabelled domain adaptation,anchor_dinov2b_deployed,2,False,time base; graded from motion,False,179,1,0.7709,0.7654,"[0.7039, 0.8268]",-0.0056,"[-0.0168, 0.0]",0.4964,"[0.4885, 0.5]",0.5048,False,41,False,0.0036,"[0.0, 0.0115]",False,0.0056,1.0,0.0,1,0,0.0036,"[0.0, 0.0111]",no_effect
flow_state,A0L,dinov2l_deployed_geometry,"A0L capacity control, DINOv2-L, deployed geometry",,2,False,time base; graded from motion,False,179,1,0.7709,0.7598,"[0.6927, 0.8212]",-0.0112,"[-0.0279, 0.0]",0.4928,"[0.4815, 0.5]",0.5348,False,41,False,,,,,,,0,0,0.0,"[-0.0107, 0.0108]",reference_arm
flow_state,A1L,dinov2l_da_external,A1L DINOv2-L + external unlabelled domain adaptation,dinov2l_deployed_geometry,2,False,time base; graded from motion,False,179,1,0.7709,0.7598,"[0.6983, 0.8212]",-0.0112,"[-0.0279, 0.0]",0.4928,"[0.4816, 0.5]",0.5039,False,41,False,0.0,"[0.0, 0.0]",False,0.0,0.0,0.0,0,0,0.0,"[-0.0107, 0.0108]",no_effect
flow_state,R0,retfound_dinov2_meh,R0  RETFound (continued DINOv2-L SSL on retinal images),,2,False,time base; graded from motion,False,179,1,0.7709,0.7709,"[0.7095, 0.8268]",0.0,"[0.0, 0.0]",0.5,"[0.5, 0.5]",0.421,True,41,False,,,,,,,0,0,0.0072,"[0.0, 0.0187]",not_measurable
flow_state,R1,retfound_da_external,R1  RETFound + external unlabelled domain adaptation,retfound_dinov2_meh,2,False,time base; graded from motion,False,179,1,0.7709,0.7709,"[0.7095, 0.8324]",0.0,"[0.0, 0.0]",0.5,"[0.5, 0.5]",0.4102,True,41,False,0.0,"[0.0, 0.0]",False,0.0,0.0,0.0,0,0,0.0072,"[0.0, 0.0184]",not_measurable
flow_state,M0,medsiglip_medical,M0  MedSigLIP-448 frozen vision tower,,2,False,time base; graded from motion,False,179,1,0.7709,0.7654,"[0.7039, 0.8268]",-0.0056,"[-0.0168, 0.0]",0.4964,"[0.4885, 0.5]",0.4951,False,41,False,,,,,,,0,0,0.0036,"[0.0, 0.0116]",reference_arm
flow_state,M1,medsiglip_da_external,M1  MedSigLIP + external unlabelled domain adaptation,medsiglip_medical,2,False,time base; graded from motion,False,179,1,0.7709,0.7598,"[0.6982, 0.8212]",-0.0112,"[-0.0279, 0.0]",0.4928,"[0.4815, 0.5]",0.4818,False,41,False,-0.0036,"[-0.0114, 0.0]",False,-0.0056,0.0,1.0,0,0,0.0,"[-0.0106, 0.0106]",no_effect
microthrombus,A0,anchor_dinov2b_deployed,"A0  shipped DINOv2-B, no new external data",,2,False,time base; an event observed over time,False,182,0,0.5934,0.6703,"[0.6044, 0.7363]",0.0769,"[-0.0165, 0.1595]",0.6542,"[0.5859, 0.7243]",0.7611,False,74,False,,,,,,,0,0,,,reference_arm
microthrombus,A1,dinov2b_da_external,A1  DINOv2-B + external unlabelled domain adaptation,anchor_dinov2b_deployed,2,False,time base; an event observed over time,False,182,0,0.5934,0.7088,"[0.6429, 0.7747]",0.1154,"[0.022, 0.2033]",0.6929,"[0.6228, 0.7578]",0.7701,False,74,False,0.0388,"[-0.0187, 0.0991]",False,0.0385,4.0,1.0,3,0,0.0388,"[-0.0205, 0.0997]",below_resolution
microthrombus,A0L,dinov2l_deployed_geometry,"A0L capacity control, DINOv2-L, deployed geometry",,2,False,time base; an event observed over time,False,182,0,0.5934,0.6648,"[0.5934, 0.7308]",0.0714,"[-0.011, 0.1593]",0.6431,"[0.5743, 0.7123]",0.7417,False,74,False,,,,,,,0,0,-0.011,"[-0.0612, 0.0421]",reference_arm
microthrombus,A1L,dinov2l_da_external,A1L DINOv2-L + external unlabelled domain adaptation,dinov2l_deployed_geometry,2,False,time base; an event observed over time,False,182,0,0.5934,0.6703,"[0.5989, 0.7363]",0.0769,"[-0.011, 0.1648]",0.6542,"[0.5839, 0.7255]",0.7504,False,74,False,0.011,"[-0.0185, 0.0441]",False,0.0055,3.0,1.0,3,0,0.0,"[-0.0462, 0.0481]",no_effect
microthrombus,R0,retfound_dinov2_meh,R0  RETFound (continued DINOv2-L SSL on retinal images),,2,False,time base; an event observed over time,False,182,0,0.5934,0.7088,"[0.6374, 0.7747]",0.1154,"[0.022, 0.2033]",0.6929,"[0.6217, 0.7606]",0.782,False,74,False,,,,,,,0,0,0.0388,"[-0.0274, 0.1054]",reference_arm
microthrombus,R1,retfound_da_external,R1  RETFound + external unlabelled domain adaptation,retfound_dinov2_meh,2,False,time base; an event observed over time,False,182,0,0.5934,0.6923,"[0.6264, 0.7582]",0.0989,"[0.011, 0.1815]",0.6727,"[0.6058, 0.7436]",0.7934,False,74,False,-0.0203,"[-0.0538, 0.0115]",False,-0.0165,1.0,2.0,1,1,0.0185,"[-0.0426, 0.0777]",below_resolution
microthrombus,M0,medsiglip_medical,M0  MedSigLIP-448 frozen vision tower,,2,False,time base; an event observed over time,False,182,0,0.5934,0.7308,"[0.6648, 0.7967]",0.1374,"[0.0549, 0.2253]",0.7136,"[0.6463, 0.7788]",0.7937,False,74,False,,,,,,,0,0,0.0594,"[0.0, 0.1181]",reference_arm
microthrombus,M1,medsiglip_da_external,M1  MedSigLIP + external unlabelled domain adaptation,medsiglip_medical,2,False,time base; an event observed over time,False,182,0,0.5934,0.7143,"[0.6429, 0.7747]",0.1209,"[0.033, 0.2088]",0.6954,"[0.6262, 0.7578]",0.7902,False,74,False,-0.0181,"[-0.0412, 0.0]",False,-0.0165,0.0,3.0,0,0,0.0413,"[-0.0114, 0.0989]",no_effect
