field,n,n_abnormal,fn,fp,miss_rate,false_alarm_rate,pts_at_stake,pts_lost_to_misses
microthrombus,182,74.0,32.0,28.0,0.4325,0.2593,1.2593,0.2214
exudation,183,90.0,19.0,27.0,0.2112,0.2903,0.8967,0.0931
capillary_count,182,57.0,36.0,12.0,0.6315,0.096,0.3714,0.0735
malformation_ratio,162,70.0,35.0,22.0,0.5,0.2392,0.2654,0.0573
crossing_ratio,177,65.0,53.0,14.0,0.8154,0.125,0.1153,0.0345
subpapillary_venous_plexus,184,105.0,14.0,16.0,0.1333,0.2024,0.2478,0.0189
blood_color,181,81.0,21.0,36.0,0.2592,0.36,0.1536,0.0178
clarity,185,94.0,14.0,16.0,0.149,0.1758,0.1535,0.0116
rbc_aggregation,182,150.0,2.0,32.0,0.0133,1.0,0.5801,0.0064
hemorrhage,180,12.0,12.0,-0.0,1.0,-0.0,0.0533,0.0036
wbc_count,183,3.0,3.0,-0.0,1.0,-0.0,0.0033,0.0001
vasomotion,182,3.0,3.0,-0.0,1.0,-0.0,0.0016,0.0
sweat_duct,160,2.0,2.0,-0.0,1.0,-0.0,0.0013,0.0
overall_assessment,185,160.0,0.0,25.0,0.0,1.0,,
