field,group,n,pts_at_stake,max_single_err,ships,delta
microthrombus,flow_score,182,1.2593,4.8,False,0.0769
exudation,periloop_score,183,0.8967,3.6,True,0.2404
rbc_aggregation,flow_score,181,0.5801,2.0,False,-0.011
papilla,periloop_score,185,0.4151,1.2,False,0.027
loop_length,morphology_score,176,0.3924,1.91,False,
flow_state,flow_score,179,0.3866,5.6,False,-0.0112
capillary_count,morphology_score,182,0.3714,6.0,False,0.0495
malformation_ratio,morphology_score,162,0.2654,1.2,False,0.0802
subpapillary_venous_plexus,periloop_score,184,0.2478,1.0,True,0.2663
afferent_diameter,morphology_score,165,0.2448,1.2,False,
apex_diameter,morphology_score,169,0.2308,0.98,False,
blood_color,flow_score,181,0.1536,0.4,True,0.1326
clarity,morphology_score,185,0.1535,0.6,True,0.3297
efferent_diameter,morphology_score,164,0.1244,0.8,False,
crossing_ratio,morphology_score,177,0.1153,1.2,False,-0.0113
hemorrhage,periloop_score,180,0.0533,0.8,False,0.0
wbc_count,flow_score,183,0.0033,0.2,False,0.0
vasomotion,flow_score,182,0.0016,0.1,False,0.0
sweat_duct,periloop_score,154,0.0013,0.1,False,0.0
