source_layer,original_id,path,candidate_status,blocking_reason
classification_pre,1,E:\甲劈微循环\data\血管数据集\分类数据集\扩充之前\images\1.jpg,HOLD,provenance and annotation semantics not yet human-approved
classification_pre,10,E:\甲劈微循环\data\血管数据集\分类数据集\扩充之前\images\10.jpg,HOLD,provenance and annotation semantics not yet human-approved
classification_pre,100,E:\甲劈微循环\data\血管数据集\分类数据集\扩充之前\images\100.jpg,HOLD,provenance and annotation semantics not yet human-approved
classification_pre,101,E:\甲劈微循环\data\血管数据集\分类数据集\扩充之前\images\101.jpg,HOLD,provenance and annotation semantics not yet human-approved
classification_pre,102,E:\甲劈微循环\data\血管数据集\分类数据集\扩充之前\images\102.jpg,HOLD,provenance and annotation semantics not yet human-approved
classification_pre,103,E:\甲劈微循环\data\血管数据集\分类数据集\扩充之前\images\103.jpg,HOLD,provenance and annotation semantics not yet human-approved
classification_pre,104,E:\甲劈微循环\data\血管数据集\分类数据集\扩充之前\images\104.jpg,HOLD,provenance and annotation semantics not yet human-approved
classification_pre,105,E:\甲劈微循环\data\血管数据集\分类数据集\扩充之前\images\105.jpg,HOLD,provenance and annotation semantics not yet human-approved
classification_pre,106,E:\甲劈微循环\data\血管数据集\分类数据集\扩充之前\images\106.jpg,HOLD,provenance and annotation semantics not yet human-approved
classification_pre,107,E:\甲劈微循环\data\血管数据集\分类数据集\扩充之前\images\107.jpg,HOLD,provenance and annotation semantics not yet human-approved
classification_pre,108,E:\甲劈微循环\data\血管数据集\分类数据集\扩充之前\images\108.jpg,HOLD,provenance and annotation semantics not yet human-approved
classification_pre,109,E:\甲劈微循环\data\血管数据集\分类数据集\扩充之前\images\109.jpg,HOLD,provenance and annotation semantics not yet human-approved
classification_pre,11,E:\甲劈微循环\data\血管数据集\分类数据集\扩充之前\images\11.jpg,HOLD,provenance and annotation semantics not yet human-approved
classification_pre,110,E:\甲劈微循环\data\血管数据集\分类数据集\扩充之前\images\110.jpg,HOLD,provenance and annotation semantics not yet human-approved
classification_pre,111,E:\甲劈微循环\data\血管数据集\分类数据集\扩充之前\images\111.jpg,HOLD,provenance and annotation semantics not yet human-approved
classification_pre,112,E:\甲劈微循环\data\血管数据集\分类数据集\扩充之前\images\112.jpg,HOLD,provenance and annotation semantics not yet human-approved
classification_pre,113,E:\甲劈微循环\data\血管数据集\分类数据集\扩充之前\images\113.jpg,HOLD,provenance and annotation semantics not yet human-approved
classification_pre,114,E:\甲劈微循环\data\血管数据集\分类数据集\扩充之前\images\114.jpg,HOLD,provenance and annotation semantics not yet human-approved
classification_pre,115,E:\甲劈微循环\data\血管数据集\分类数据集\扩充之前\images\115.jpg,HOLD,provenance and annotation semantics not yet human-approved
classification_pre,116,E:\甲劈微循环\data\血管数据集\分类数据集\扩充之前\images\116.jpg,HOLD,provenance and annotation semantics not yet human-approved
classification_pre,117,E:\甲劈微循环\data\血管数据集\分类数据集\扩充之前\images\117.jpg,HOLD,provenance and annotation semantics not yet human-approved
classification_pre,118,E:\甲劈微循环\data\血管数据集\分类数据集\扩充之前\images\118.jpg,HOLD,provenance and annotation semantics not yet human-approved
classification_pre,119,E:\甲劈微循环\data\血管数据集\分类数据集\扩充之前\images\119.jpg,HOLD,provenance and annotation semantics not yet human-approved
classification_pre,12,E:\甲劈微循环\data\血管数据集\分类数据集\扩充之前\images\12.jpg,HOLD,provenance and annotation semantics not yet human-approved
classification_pre,120,E:\甲劈微循环\data\血管数据集\分类数据集\扩充之前\images\120.jpg,HOLD,provenance and annotation semantics not yet human-approved
classification_pre,121,E:\甲劈微循环\data\血管数据集\分类数据集\扩充之前\images\121.jpg,HOLD,provenance and annotation semantics not yet human-approved
classification_pre,122,E:\甲劈微循环\data\血管数据集\分类数据集\扩充之前\images\122.jpg,HOLD,provenance and annotation semantics not yet human-approved
classification_pre,123,E:\甲劈微循环\data\血管数据集\分类数据集\扩充之前\images\123.jpg,HOLD,provenance and annotation semantics not yet human-approved
classification_pre,124,E:\甲劈微循环\data\血管数据集\分类数据集\扩充之前\images\124.jpg,HOLD,provenance and annotation semantics not yet human-approved
classification_pre,125,E:\甲劈微循环\data\血管数据集\分类数据集\扩充之前\images\125.jpg,HOLD,provenance and annotation semantics not yet human-approved
classification_pre,126,E:\甲劈微循环\data\血管数据集\分类数据集\扩充之前\images\126.jpg,HOLD,provenance and annotation semantics not yet human-approved
classification_pre,127,E:\甲劈微循环\data\血管数据集\分类数据集\扩充之前\images\127.jpg,HOLD,provenance and annotation semantics not yet human-approved
classification_pre,128,E:\甲劈微循环\data\血管数据集\分类数据集\扩充之前\images\128.jpg,HOLD,provenance and annotation semantics not yet human-approved
classification_pre,129,E:\甲劈微循环\data\血管数据集\分类数据集\扩充之前\images\129.jpg,HOLD,provenance and annotation semantics not yet human-approved
classification_pre,130,E:\甲劈微循环\data\血管数据集\分类数据集\扩充之前\images\130.jpg,HOLD,provenance and annotation semantics not yet human-approved
classification_pre,131,E:\甲劈微循环\data\血管数据集\分类数据集\扩充之前\images\131.jpg,HOLD,provenance and annotation semantics not yet human-approved
classification_pre,132,E:\甲劈微循环\data\血管数据集\分类数据集\扩充之前\images\132.jpg,HOLD,provenance and annotation semantics not yet human-approved
classification_pre,133,E:\甲劈微循环\data\血管数据集\分类数据集\扩充之前\images\133.jpg,HOLD,provenance and annotation semantics not yet human-approved
classification_pre,134,E:\甲劈微循环\data\血管数据集\分类数据集\扩充之前\images\134.jpg,HOLD,provenance and annotation semantics not yet human-approved
classification_pre,135,E:\甲劈微循环\data\血管数据集\分类数据集\扩充之前\images\135.jpg,HOLD,provenance and annotation semantics not yet human-approved
classification_pre,136,E:\甲劈微循环\data\血管数据集\分类数据集\扩充之前\images\136.jpg,HOLD,provenance and annotation semantics not yet human-approved
classification_pre,137,E:\甲劈微循环\data\血管数据集\分类数据集\扩充之前\images\137.jpg,HOLD,provenance and annotation semantics not yet human-approved
classification_pre,138,E:\甲劈微循环\data\血管数据集\分类数据集\扩充之前\images\138.jpg,HOLD,provenance and annotation semantics not yet human-approved
classification_pre,139,E:\甲劈微循环\data\血管数据集\分类数据集\扩充之前\images\139.jpg,HOLD,provenance and annotation semantics not yet human-approved
classification_pre,14,E:\甲劈微循环\data\血管数据集\分类数据集\扩充之前\images\14.jpg,HOLD,provenance and annotation semantics not yet human-approved
classification_pre,140,E:\甲劈微循环\data\血管数据集\分类数据集\扩充之前\images\140.jpg,HOLD,provenance and annotation semantics not yet human-approved
classification_pre,141,E:\甲劈微循环\data\血管数据集\分类数据集\扩充之前\images\141.jpg,HOLD,provenance and annotation semantics not yet human-approved
classification_pre,142,E:\甲劈微循环\data\血管数据集\分类数据集\扩充之前\images\142.jpg,HOLD,provenance and annotation semantics not yet human-approved
classification_pre,143,E:\甲劈微循环\data\血管数据集\分类数据集\扩充之前\images\143.jpg,HOLD,provenance and annotation semantics not yet human-approved
classification_pre,144,E:\甲劈微循环\data\血管数据集\分类数据集\扩充之前\images\144.jpg,HOLD,provenance and annotation semantics not yet human-approved
classification_pre,145,E:\甲劈微循环\data\血管数据集\分类数据集\扩充之前\images\145.jpg,HOLD,provenance and annotation semantics not yet human-approved
classification_pre,147,E:\甲劈微循环\data\血管数据集\分类数据集\扩充之前\images\147.jpg,HOLD,provenance and annotation semantics not yet human-approved
classification_pre,148,E:\甲劈微循环\data\血管数据集\分类数据集\扩充之前\images\148.jpg,HOLD,provenance and annotation semantics not yet human-approved
classification_pre,149,E:\甲劈微循环\data\血管数据集\分类数据集\扩充之前\images\149.jpg,HOLD,provenance and annotation semantics not yet human-approved
classification_pre,15,E:\甲劈微循环\data\血管数据集\分类数据集\扩充之前\images\15.jpg,HOLD,provenance and annotation semantics not yet human-approved
classification_pre,150,E:\甲劈微循环\data\血管数据集\分类数据集\扩充之前\images\150.jpg,HOLD,provenance and annotation semantics not yet human-approved
classification_pre,151,E:\甲劈微循环\data\血管数据集\分类数据集\扩充之前\images\151.jpg,HOLD,provenance and annotation semantics not yet human-approved
classification_pre,152,E:\甲劈微循环\data\血管数据集\分类数据集\扩充之前\images\152.jpg,HOLD,provenance and annotation semantics not yet human-approved
classification_pre,153,E:\甲劈微循环\data\血管数据集\分类数据集\扩充之前\images\153.jpg,HOLD,provenance and annotation semantics not yet human-approved
classification_pre,154,E:\甲劈微循环\data\血管数据集\分类数据集\扩充之前\images\154.jpg,HOLD,provenance and annotation semantics not yet human-approved
classification_pre,155,E:\甲劈微循环\data\血管数据集\分类数据集\扩充之前\images\155.jpg,HOLD,provenance and annotation semantics not yet human-approved
classification_pre,156,E:\甲劈微循环\data\血管数据集\分类数据集\扩充之前\images\156.jpg,HOLD,provenance and annotation semantics not yet human-approved
classification_pre,157,E:\甲劈微循环\data\血管数据集\分类数据集\扩充之前\images\157.jpg,HOLD,provenance and annotation semantics not yet human-approved
classification_pre,158,E:\甲劈微循环\data\血管数据集\分类数据集\扩充之前\images\158.jpg,HOLD,provenance and annotation semantics not yet human-approved
classification_pre,159,E:\甲劈微循环\data\血管数据集\分类数据集\扩充之前\images\159.jpg,HOLD,provenance and annotation semantics not yet human-approved
classification_pre,16,E:\甲劈微循环\data\血管数据集\分类数据集\扩充之前\images\16.jpg,HOLD,provenance and annotation semantics not yet human-approved
classification_pre,160,E:\甲劈微循环\data\血管数据集\分类数据集\扩充之前\images\160.jpg,HOLD,provenance and annotation semantics not yet human-approved
classification_pre,161,E:\甲劈微循环\data\血管数据集\分类数据集\扩充之前\images\161.jpg,HOLD,provenance and annotation semantics not yet human-approved
classification_pre,162,E:\甲劈微循环\data\血管数据集\分类数据集\扩充之前\images\162.jpg,HOLD,provenance and annotation semantics not yet human-approved
classification_pre,163,E:\甲劈微循环\data\血管数据集\分类数据集\扩充之前\images\163.jpg,HOLD,provenance and annotation semantics not yet human-approved
classification_pre,164,E:\甲劈微循环\data\血管数据集\分类数据集\扩充之前\images\164.jpg,HOLD,provenance and annotation semantics not yet human-approved
classification_pre,165,E:\甲劈微循环\data\血管数据集\分类数据集\扩充之前\images\165.jpg,HOLD,provenance and annotation semantics not yet human-approved
classification_pre,166,E:\甲劈微循环\data\血管数据集\分类数据集\扩充之前\images\166.jpg,HOLD,provenance and annotation semantics not yet human-approved
classification_pre,167,E:\甲劈微循环\data\血管数据集\分类数据集\扩充之前\images\167.jpg,HOLD,provenance and annotation semantics not yet human-approved
classification_pre,168,E:\甲劈微循环\data\血管数据集\分类数据集\扩充之前\images\168.jpg,HOLD,provenance and annotation semantics not yet human-approved
classification_pre,169,E:\甲劈微循环\data\血管数据集\分类数据集\扩充之前\images\169.jpg,HOLD,provenance and annotation semantics not yet human-approved
classification_pre,17,E:\甲劈微循环\data\血管数据集\分类数据集\扩充之前\images\17.jpg,HOLD,provenance and annotation semantics not yet human-approved
classification_pre,170,E:\甲劈微循环\data\血管数据集\分类数据集\扩充之前\images\170.jpg,HOLD,provenance and annotation semantics not yet human-approved
classification_pre,171,E:\甲劈微循环\data\血管数据集\分类数据集\扩充之前\images\171.jpg,HOLD,provenance and annotation semantics not yet human-approved
classification_pre,172,E:\甲劈微循环\data\血管数据集\分类数据集\扩充之前\images\172.jpg,HOLD,provenance and annotation semantics not yet human-approved
classification_pre,173,E:\甲劈微循环\data\血管数据集\分类数据集\扩充之前\images\173.jpg,HOLD,provenance and annotation semantics not yet human-approved
classification_pre,174,E:\甲劈微循环\data\血管数据集\分类数据集\扩充之前\images\174.jpg,HOLD,provenance and annotation semantics not yet human-approved
classification_pre,175,E:\甲劈微循环\data\血管数据集\分类数据集\扩充之前\images\175.jpg,HOLD,provenance and annotation semantics not yet human-approved
classification_pre,176,E:\甲劈微循环\data\血管数据集\分类数据集\扩充之前\images\176.jpg,HOLD,provenance and annotation semantics not yet human-approved
classification_pre,177,E:\甲劈微循环\data\血管数据集\分类数据集\扩充之前\images\177.jpg,HOLD,provenance and annotation semantics not yet human-approved
classification_pre,178,E:\甲劈微循环\data\血管数据集\分类数据集\扩充之前\images\178.jpg,HOLD,provenance and annotation semantics not yet human-approved
classification_pre,18,E:\甲劈微循环\data\血管数据集\分类数据集\扩充之前\images\18.jpg,HOLD,provenance and annotation semantics not yet human-approved
classification_pre,180,E:\甲劈微循环\data\血管数据集\分类数据集\扩充之前\images\180.jpg,HOLD,provenance and annotation semantics not yet human-approved
classification_pre,181,E:\甲劈微循环\data\血管数据集\分类数据集\扩充之前\images\181.jpg,HOLD,provenance and annotation semantics not yet human-approved
classification_pre,182,E:\甲劈微循环\data\血管数据集\分类数据集\扩充之前\images\182.jpg,HOLD,provenance and annotation semantics not yet human-approved
classification_pre,184,E:\甲劈微循环\data\血管数据集\分类数据集\扩充之前\images\184.jpg,HOLD,provenance and annotation semantics not yet human-approved
classification_pre,185,E:\甲劈微循环\data\血管数据集\分类数据集\扩充之前\images\185.jpg,HOLD,provenance and annotation semantics not yet human-approved
classification_pre,186,E:\甲劈微循环\data\血管数据集\分类数据集\扩充之前\images\186.jpg,HOLD,provenance and annotation semantics not yet human-approved
classification_pre,187,E:\甲劈微循环\data\血管数据集\分类数据集\扩充之前\images\187.jpg,HOLD,provenance and annotation semantics not yet human-approved
classification_pre,188,E:\甲劈微循环\data\血管数据集\分类数据集\扩充之前\images\188.jpg,HOLD,provenance and annotation semantics not yet human-approved
classification_pre,189,E:\甲劈微循环\data\血管数据集\分类数据集\扩充之前\images\189.jpg,HOLD,provenance and annotation semantics not yet human-approved
classification_pre,19,E:\甲劈微循环\data\血管数据集\分类数据集\扩充之前\images\19.jpg,HOLD,provenance and annotation semantics not yet human-approved
classification_pre,190,E:\甲劈微循环\data\血管数据集\分类数据集\扩充之前\images\190.jpg,HOLD,provenance and annotation semantics not yet human-approved
classification_pre,191,E:\甲劈微循环\data\血管数据集\分类数据集\扩充之前\images\191.jpg,HOLD,provenance and annotation semantics not yet human-approved
classification_pre,192,E:\甲劈微循环\data\血管数据集\分类数据集\扩充之前\images\192.jpg,HOLD,provenance and annotation semantics not yet human-approved
classification_pre,193,E:\甲劈微循环\data\血管数据集\分类数据集\扩充之前\images\193.jpg,HOLD,provenance and annotation semantics not yet human-approved
classification_pre,194,E:\甲劈微循环\data\血管数据集\分类数据集\扩充之前\images\194.jpg,HOLD,provenance and annotation semantics not yet human-approved
classification_pre,195,E:\甲劈微循环\data\血管数据集\分类数据集\扩充之前\images\195.jpg,HOLD,provenance and annotation semantics not yet human-approved
classification_pre,196,E:\甲劈微循环\data\血管数据集\分类数据集\扩充之前\images\196.jpg,HOLD,provenance and annotation semantics not yet human-approved
classification_pre,197,E:\甲劈微循环\data\血管数据集\分类数据集\扩充之前\images\197.jpg,HOLD,provenance and annotation semantics not yet human-approved
classification_pre,198,E:\甲劈微循环\data\血管数据集\分类数据集\扩充之前\images\198.jpg,HOLD,provenance and annotation semantics not yet human-approved
classification_pre,199,E:\甲劈微循环\data\血管数据集\分类数据集\扩充之前\images\199.jpg,HOLD,provenance and annotation semantics not yet human-approved
classification_pre,2,E:\甲劈微循环\data\血管数据集\分类数据集\扩充之前\images\2.jpg,HOLD,provenance and annotation semantics not yet human-approved
classification_pre,20,E:\甲劈微循环\data\血管数据集\分类数据集\扩充之前\images\20.jpg,HOLD,provenance and annotation semantics not yet human-approved
classification_pre,200,E:\甲劈微循环\data\血管数据集\分类数据集\扩充之前\images\200.jpg,HOLD,provenance and annotation semantics not yet human-approved
classification_pre,201,E:\甲劈微循环\data\血管数据集\分类数据集\扩充之前\images\201.jpg,HOLD,provenance and annotation semantics not yet human-approved
classification_pre,202,E:\甲劈微循环\data\血管数据集\分类数据集\扩充之前\images\202.jpg,HOLD,provenance and annotation semantics not yet human-approved
classification_pre,203,E:\甲劈微循环\data\血管数据集\分类数据集\扩充之前\images\203.jpg,HOLD,provenance and annotation semantics not yet human-approved
classification_pre,204,E:\甲劈微循环\data\血管数据集\分类数据集\扩充之前\images\204.jpg,HOLD,provenance and annotation semantics not yet human-approved
classification_pre,205,E:\甲劈微循环\data\血管数据集\分类数据集\扩充之前\images\205.jpg,HOLD,provenance and annotation semantics not yet human-approved
classification_pre,206,E:\甲劈微循环\data\血管数据集\分类数据集\扩充之前\images\206.jpg,HOLD,provenance and annotation semantics not yet human-approved
classification_pre,207,E:\甲劈微循环\data\血管数据集\分类数据集\扩充之前\images\207.jpg,HOLD,provenance and annotation semantics not yet human-approved
classification_pre,208,E:\甲劈微循环\data\血管数据集\分类数据集\扩充之前\images\208.jpg,HOLD,provenance and annotation semantics not yet human-approved
classification_pre,209,E:\甲劈微循环\data\血管数据集\分类数据集\扩充之前\images\209.jpg,HOLD,provenance and annotation semantics not yet human-approved
classification_pre,21,E:\甲劈微循环\data\血管数据集\分类数据集\扩充之前\images\21.jpg,HOLD,provenance and annotation semantics not yet human-approved
classification_pre,210,E:\甲劈微循环\data\血管数据集\分类数据集\扩充之前\images\210.jpg,HOLD,provenance and annotation semantics not yet human-approved
classification_pre,211,E:\甲劈微循环\data\血管数据集\分类数据集\扩充之前\images\211.jpg,HOLD,provenance and annotation semantics not yet human-approved
classification_pre,212,E:\甲劈微循环\data\血管数据集\分类数据集\扩充之前\images\212.jpg,HOLD,provenance and annotation semantics not yet human-approved
classification_pre,213,E:\甲劈微循环\data\血管数据集\分类数据集\扩充之前\images\213.jpg,HOLD,provenance and annotation semantics not yet human-approved
classification_pre,214,E:\甲劈微循环\data\血管数据集\分类数据集\扩充之前\images\214.jpg,HOLD,provenance and annotation semantics not yet human-approved
classification_pre,215,E:\甲劈微循环\data\血管数据集\分类数据集\扩充之前\images\215.jpg,HOLD,provenance and annotation semantics not yet human-approved
classification_pre,216,E:\甲劈微循环\data\血管数据集\分类数据集\扩充之前\images\216.jpg,HOLD,provenance and annotation semantics not yet human-approved
classification_pre,217,E:\甲劈微循环\data\血管数据集\分类数据集\扩充之前\images\217.jpg,HOLD,provenance and annotation semantics not yet human-approved
classification_pre,218,E:\甲劈微循环\data\血管数据集\分类数据集\扩充之前\images\218.jpg,HOLD,provenance and annotation semantics not yet human-approved
classification_pre,219,E:\甲劈微循环\data\血管数据集\分类数据集\扩充之前\images\219.jpg,HOLD,provenance and annotation semantics not yet human-approved
classification_pre,22,E:\甲劈微循环\data\血管数据集\分类数据集\扩充之前\images\22.jpg,HOLD,provenance and annotation semantics not yet human-approved
classification_pre,220,E:\甲劈微循环\data\血管数据集\分类数据集\扩充之前\images\220.jpg,HOLD,provenance and annotation semantics not yet human-approved
classification_pre,221,E:\甲劈微循环\data\血管数据集\分类数据集\扩充之前\images\221.jpg,HOLD,provenance and annotation semantics not yet human-approved
classification_pre,222,E:\甲劈微循环\data\血管数据集\分类数据集\扩充之前\images\222.jpg,HOLD,provenance and annotation semantics not yet human-approved
classification_pre,223,E:\甲劈微循环\data\血管数据集\分类数据集\扩充之前\images\223.jpg,HOLD,provenance and annotation semantics not yet human-approved
classification_pre,224,E:\甲劈微循环\data\血管数据集\分类数据集\扩充之前\images\224.jpg,HOLD,provenance and annotation semantics not yet human-approved
classification_pre,225,E:\甲劈微循环\data\血管数据集\分类数据集\扩充之前\images\225.jpg,HOLD,provenance and annotation semantics not yet human-approved
classification_pre,226,E:\甲劈微循环\data\血管数据集\分类数据集\扩充之前\images\226.jpg,HOLD,provenance and annotation semantics not yet human-approved
classification_pre,227,E:\甲劈微循环\data\血管数据集\分类数据集\扩充之前\images\227.jpg,HOLD,provenance and annotation semantics not yet human-approved
classification_pre,228,E:\甲劈微循环\data\血管数据集\分类数据集\扩充之前\images\228.jpg,HOLD,provenance and annotation semantics not yet human-approved
classification_pre,229,E:\甲劈微循环\data\血管数据集\分类数据集\扩充之前\images\229.jpg,HOLD,provenance and annotation semantics not yet human-approved
classification_pre,23,E:\甲劈微循环\data\血管数据集\分类数据集\扩充之前\images\23.jpg,HOLD,provenance and annotation semantics not yet human-approved
classification_pre,230,E:\甲劈微循环\data\血管数据集\分类数据集\扩充之前\images\230.jpg,HOLD,provenance and annotation semantics not yet human-approved
classification_pre,231,E:\甲劈微循环\data\血管数据集\分类数据集\扩充之前\images\231.jpg,HOLD,provenance and annotation semantics not yet human-approved
classification_pre,232,E:\甲劈微循环\data\血管数据集\分类数据集\扩充之前\images\232.jpg,HOLD,provenance and annotation semantics not yet human-approved
classification_pre,233,E:\甲劈微循环\data\血管数据集\分类数据集\扩充之前\images\233.jpg,HOLD,provenance and annotation semantics not yet human-approved
classification_pre,234,E:\甲劈微循环\data\血管数据集\分类数据集\扩充之前\images\234.jpg,HOLD,provenance and annotation semantics not yet human-approved
classification_pre,235,E:\甲劈微循环\data\血管数据集\分类数据集\扩充之前\images\235.jpg,HOLD,provenance and annotation semantics not yet human-approved
classification_pre,236,E:\甲劈微循环\data\血管数据集\分类数据集\扩充之前\images\236.jpg,HOLD,provenance and annotation semantics not yet human-approved
classification_pre,237,E:\甲劈微循环\data\血管数据集\分类数据集\扩充之前\images\237.jpg,HOLD,provenance and annotation semantics not yet human-approved
classification_pre,239,E:\甲劈微循环\data\血管数据集\分类数据集\扩充之前\images\239.jpg,HOLD,provenance and annotation semantics not yet human-approved
classification_pre,24,E:\甲劈微循环\data\血管数据集\分类数据集\扩充之前\images\24.jpg,HOLD,provenance and annotation semantics not yet human-approved
classification_pre,240,E:\甲劈微循环\data\血管数据集\分类数据集\扩充之前\images\240.jpg,HOLD,provenance and annotation semantics not yet human-approved
classification_pre,241,E:\甲劈微循环\data\血管数据集\分类数据集\扩充之前\images\241.jpg,HOLD,provenance and annotation semantics not yet human-approved
classification_pre,242,E:\甲劈微循环\data\血管数据集\分类数据集\扩充之前\images\242.jpg,HOLD,provenance and annotation semantics not yet human-approved
classification_pre,243,E:\甲劈微循环\data\血管数据集\分类数据集\扩充之前\images\243.jpg,HOLD,provenance and annotation semantics not yet human-approved
classification_pre,244,E:\甲劈微循环\data\血管数据集\分类数据集\扩充之前\images\244.jpg,HOLD,provenance and annotation semantics not yet human-approved
classification_pre,245,E:\甲劈微循环\data\血管数据集\分类数据集\扩充之前\images\245.jpg,HOLD,provenance and annotation semantics not yet human-approved
classification_pre,246,E:\甲劈微循环\data\血管数据集\分类数据集\扩充之前\images\246.jpg,HOLD,provenance and annotation semantics not yet human-approved
classification_pre,247,E:\甲劈微循环\data\血管数据集\分类数据集\扩充之前\images\247.jpg,HOLD,provenance and annotation semantics not yet human-approved
classification_pre,248,E:\甲劈微循环\data\血管数据集\分类数据集\扩充之前\images\248.jpg,HOLD,provenance and annotation semantics not yet human-approved
classification_pre,249,E:\甲劈微循环\data\血管数据集\分类数据集\扩充之前\images\249.jpg,HOLD,provenance and annotation semantics not yet human-approved
classification_pre,25,E:\甲劈微循环\data\血管数据集\分类数据集\扩充之前\images\25.jpg,HOLD,provenance and annotation semantics not yet human-approved
classification_pre,250,E:\甲劈微循环\data\血管数据集\分类数据集\扩充之前\images\250.jpg,HOLD,provenance and annotation semantics not yet human-approved
classification_pre,251,E:\甲劈微循环\data\血管数据集\分类数据集\扩充之前\images\251.jpg,HOLD,provenance and annotation semantics not yet human-approved
classification_pre,252,E:\甲劈微循环\data\血管数据集\分类数据集\扩充之前\images\252.jpg,HOLD,provenance and annotation semantics not yet human-approved
classification_pre,253,E:\甲劈微循环\data\血管数据集\分类数据集\扩充之前\images\253.jpg,HOLD,provenance and annotation semantics not yet human-approved
classification_pre,254,E:\甲劈微循环\data\血管数据集\分类数据集\扩充之前\images\254.jpg,HOLD,provenance and annotation semantics not yet human-approved
classification_pre,255,E:\甲劈微循环\data\血管数据集\分类数据集\扩充之前\images\255.jpg,HOLD,provenance and annotation semantics not yet human-approved
classification_pre,256,E:\甲劈微循环\data\血管数据集\分类数据集\扩充之前\images\256.jpg,HOLD,provenance and annotation semantics not yet human-approved
classification_pre,257,E:\甲劈微循环\data\血管数据集\分类数据集\扩充之前\images\257.jpg,HOLD,provenance and annotation semantics not yet human-approved
classification_pre,258,E:\甲劈微循环\data\血管数据集\分类数据集\扩充之前\images\258.jpg,HOLD,provenance and annotation semantics not yet human-approved
classification_pre,259,E:\甲劈微循环\data\血管数据集\分类数据集\扩充之前\images\259.jpg,HOLD,provenance and annotation semantics not yet human-approved
classification_pre,26,E:\甲劈微循环\data\血管数据集\分类数据集\扩充之前\images\26.jpg,HOLD,provenance and annotation semantics not yet human-approved
classification_pre,260,E:\甲劈微循环\data\血管数据集\分类数据集\扩充之前\images\260.jpg,HOLD,provenance and annotation semantics not yet human-approved
classification_pre,261,E:\甲劈微循环\data\血管数据集\分类数据集\扩充之前\images\261.jpg,HOLD,provenance and annotation semantics not yet human-approved
classification_pre,262,E:\甲劈微循环\data\血管数据集\分类数据集\扩充之前\images\262.jpg,HOLD,provenance and annotation semantics not yet human-approved
classification_pre,263,E:\甲劈微循环\data\血管数据集\分类数据集\扩充之前\images\263.jpg,HOLD,provenance and annotation semantics not yet human-approved
classification_pre,264,E:\甲劈微循环\data\血管数据集\分类数据集\扩充之前\images\264.jpg,HOLD,provenance and annotation semantics not yet human-approved
classification_pre,265,E:\甲劈微循环\data\血管数据集\分类数据集\扩充之前\images\265.jpg,HOLD,provenance and annotation semantics not yet human-approved
classification_pre,266,E:\甲劈微循环\data\血管数据集\分类数据集\扩充之前\images\266.jpg,HOLD,provenance and annotation semantics not yet human-approved
classification_pre,267,E:\甲劈微循环\data\血管数据集\分类数据集\扩充之前\images\267.jpg,HOLD,provenance and annotation semantics not yet human-approved
classification_pre,268,E:\甲劈微循环\data\血管数据集\分类数据集\扩充之前\images\268.jpg,HOLD,provenance and annotation semantics not yet human-approved
classification_pre,269,E:\甲劈微循环\data\血管数据集\分类数据集\扩充之前\images\269.jpg,HOLD,provenance and annotation semantics not yet human-approved
classification_pre,27,E:\甲劈微循环\data\血管数据集\分类数据集\扩充之前\images\27.jpg,HOLD,provenance and annotation semantics not yet human-approved
classification_pre,270,E:\甲劈微循环\data\血管数据集\分类数据集\扩充之前\images\270.jpg,HOLD,provenance and annotation semantics not yet human-approved
classification_pre,271,E:\甲劈微循环\data\血管数据集\分类数据集\扩充之前\images\271.jpg,HOLD,provenance and annotation semantics not yet human-approved
classification_pre,272,E:\甲劈微循环\data\血管数据集\分类数据集\扩充之前\images\272.jpg,HOLD,provenance and annotation semantics not yet human-approved
classification_pre,273,E:\甲劈微循环\data\血管数据集\分类数据集\扩充之前\images\273.jpg,HOLD,provenance and annotation semantics not yet human-approved
classification_pre,275,E:\甲劈微循环\data\血管数据集\分类数据集\扩充之前\images\275.jpg,HOLD,provenance and annotation semantics not yet human-approved
classification_pre,276,E:\甲劈微循环\data\血管数据集\分类数据集\扩充之前\images\276.jpg,HOLD,provenance and annotation semantics not yet human-approved
classification_pre,277,E:\甲劈微循环\data\血管数据集\分类数据集\扩充之前\images\277.jpg,HOLD,provenance and annotation semantics not yet human-approved
classification_pre,278,E:\甲劈微循环\data\血管数据集\分类数据集\扩充之前\images\278.jpg,HOLD,provenance and annotation semantics not yet human-approved
classification_pre,279,E:\甲劈微循环\data\血管数据集\分类数据集\扩充之前\images\279.jpg,HOLD,provenance and annotation semantics not yet human-approved
classification_pre,28,E:\甲劈微循环\data\血管数据集\分类数据集\扩充之前\images\28.jpg,HOLD,provenance and annotation semantics not yet human-approved
classification_pre,280,E:\甲劈微循环\data\血管数据集\分类数据集\扩充之前\images\280.jpg,HOLD,provenance and annotation semantics not yet human-approved
classification_pre,281,E:\甲劈微循环\data\血管数据集\分类数据集\扩充之前\images\281.jpg,HOLD,provenance and annotation semantics not yet human-approved
classification_pre,282,E:\甲劈微循环\data\血管数据集\分类数据集\扩充之前\images\282.jpg,HOLD,provenance and annotation semantics not yet human-approved
classification_pre,283,E:\甲劈微循环\data\血管数据集\分类数据集\扩充之前\images\283.jpg,HOLD,provenance and annotation semantics not yet human-approved
classification_pre,284,E:\甲劈微循环\data\血管数据集\分类数据集\扩充之前\images\284.jpg,HOLD,provenance and annotation semantics not yet human-approved
classification_pre,285,E:\甲劈微循环\data\血管数据集\分类数据集\扩充之前\images\285.jpg,HOLD,provenance and annotation semantics not yet human-approved
classification_pre,286,E:\甲劈微循环\data\血管数据集\分类数据集\扩充之前\images\286.jpg,HOLD,provenance and annotation semantics not yet human-approved
classification_pre,287,E:\甲劈微循环\data\血管数据集\分类数据集\扩充之前\images\287.jpg,HOLD,provenance and annotation semantics not yet human-approved
classification_pre,288,E:\甲劈微循环\data\血管数据集\分类数据集\扩充之前\images\288.jpg,HOLD,provenance and annotation semantics not yet human-approved
classification_pre,289,E:\甲劈微循环\data\血管数据集\分类数据集\扩充之前\images\289.jpg,HOLD,provenance and annotation semantics not yet human-approved
classification_pre,29,E:\甲劈微循环\data\血管数据集\分类数据集\扩充之前\images\29.jpg,HOLD,provenance and annotation semantics not yet human-approved
classification_pre,290,E:\甲劈微循环\data\血管数据集\分类数据集\扩充之前\images\290.jpg,HOLD,provenance and annotation semantics not yet human-approved
classification_pre,291,E:\甲劈微循环\data\血管数据集\分类数据集\扩充之前\images\291.jpg,HOLD,provenance and annotation semantics not yet human-approved
classification_pre,292,E:\甲劈微循环\data\血管数据集\分类数据集\扩充之前\images\292.jpg,HOLD,provenance and annotation semantics not yet human-approved
classification_pre,293,E:\甲劈微循环\data\血管数据集\分类数据集\扩充之前\images\293.jpg,HOLD,provenance and annotation semantics not yet human-approved
classification_pre,294,E:\甲劈微循环\data\血管数据集\分类数据集\扩充之前\images\294.jpg,HOLD,provenance and annotation semantics not yet human-approved
classification_pre,295,E:\甲劈微循环\data\血管数据集\分类数据集\扩充之前\images\295.jpg,HOLD,provenance and annotation semantics not yet human-approved
classification_pre,296,E:\甲劈微循环\data\血管数据集\分类数据集\扩充之前\images\296.jpg,HOLD,provenance and annotation semantics not yet human-approved
classification_pre,297,E:\甲劈微循环\data\血管数据集\分类数据集\扩充之前\images\297.jpg,HOLD,provenance and annotation semantics not yet human-approved
classification_pre,298,E:\甲劈微循环\data\血管数据集\分类数据集\扩充之前\images\298.jpg,HOLD,provenance and annotation semantics not yet human-approved
classification_pre,299,E:\甲劈微循环\data\血管数据集\分类数据集\扩充之前\images\299.jpg,HOLD,provenance and annotation semantics not yet human-approved
classification_pre,3,E:\甲劈微循环\data\血管数据集\分类数据集\扩充之前\images\3.jpg,HOLD,provenance and annotation semantics not yet human-approved
classification_pre,30,E:\甲劈微循环\data\血管数据集\分类数据集\扩充之前\images\30.jpg,HOLD,provenance and annotation semantics not yet human-approved
classification_pre,300,E:\甲劈微循环\data\血管数据集\分类数据集\扩充之前\images\300.jpg,HOLD,provenance and annotation semantics not yet human-approved
classification_pre,301,E:\甲劈微循环\data\血管数据集\分类数据集\扩充之前\images\301.jpg,HOLD,provenance and annotation semantics not yet human-approved
classification_pre,302,E:\甲劈微循环\data\血管数据集\分类数据集\扩充之前\images\302.jpg,HOLD,provenance and annotation semantics not yet human-approved
classification_pre,303,E:\甲劈微循环\data\血管数据集\分类数据集\扩充之前\images\303.jpg,HOLD,provenance and annotation semantics not yet human-approved
classification_pre,304,E:\甲劈微循环\data\血管数据集\分类数据集\扩充之前\images\304.jpg,HOLD,provenance and annotation semantics not yet human-approved
classification_pre,305,E:\甲劈微循环\data\血管数据集\分类数据集\扩充之前\images\305.jpg,HOLD,provenance and annotation semantics not yet human-approved
classification_pre,306,E:\甲劈微循环\data\血管数据集\分类数据集\扩充之前\images\306.jpg,HOLD,provenance and annotation semantics not yet human-approved
classification_pre,307,E:\甲劈微循环\data\血管数据集\分类数据集\扩充之前\images\307.jpg,HOLD,provenance and annotation semantics not yet human-approved
classification_pre,308,E:\甲劈微循环\data\血管数据集\分类数据集\扩充之前\images\308.jpg,HOLD,provenance and annotation semantics not yet human-approved
classification_pre,309,E:\甲劈微循环\data\血管数据集\分类数据集\扩充之前\images\309.jpg,HOLD,provenance and annotation semantics not yet human-approved
classification_pre,31,E:\甲劈微循环\data\血管数据集\分类数据集\扩充之前\images\31.jpg,HOLD,provenance and annotation semantics not yet human-approved
classification_pre,310,E:\甲劈微循环\data\血管数据集\分类数据集\扩充之前\images\310.jpg,HOLD,provenance and annotation semantics not yet human-approved
classification_pre,311,E:\甲劈微循环\data\血管数据集\分类数据集\扩充之前\images\311.jpg,HOLD,provenance and annotation semantics not yet human-approved
classification_pre,313,E:\甲劈微循环\data\血管数据集\分类数据集\扩充之前\images\313.jpg,HOLD,provenance and annotation semantics not yet human-approved
classification_pre,314,E:\甲劈微循环\data\血管数据集\分类数据集\扩充之前\images\314.jpg,HOLD,provenance and annotation semantics not yet human-approved
classification_pre,315,E:\甲劈微循环\data\血管数据集\分类数据集\扩充之前\images\315.jpg,HOLD,provenance and annotation semantics not yet human-approved
classification_pre,316,E:\甲劈微循环\data\血管数据集\分类数据集\扩充之前\images\316.jpg,HOLD,provenance and annotation semantics not yet human-approved
classification_pre,317,E:\甲劈微循环\data\血管数据集\分类数据集\扩充之前\images\317.jpg,HOLD,provenance and annotation semantics not yet human-approved
classification_pre,318,E:\甲劈微循环\data\血管数据集\分类数据集\扩充之前\images\318.jpg,HOLD,provenance and annotation semantics not yet human-approved
classification_pre,32,E:\甲劈微循环\data\血管数据集\分类数据集\扩充之前\images\32.jpg,HOLD,provenance and annotation semantics not yet human-approved
classification_pre,320,E:\甲劈微循环\data\血管数据集\分类数据集\扩充之前\images\320.jpg,HOLD,provenance and annotation semantics not yet human-approved
classification_pre,322,E:\甲劈微循环\data\血管数据集\分类数据集\扩充之前\images\322.jpg,HOLD,provenance and annotation semantics not yet human-approved
classification_pre,323,E:\甲劈微循环\data\血管数据集\分类数据集\扩充之前\images\323.jpg,HOLD,provenance and annotation semantics not yet human-approved
classification_pre,324,E:\甲劈微循环\data\血管数据集\分类数据集\扩充之前\images\324.jpg,HOLD,provenance and annotation semantics not yet human-approved
classification_pre,325,E:\甲劈微循环\data\血管数据集\分类数据集\扩充之前\images\325.jpg,HOLD,provenance and annotation semantics not yet human-approved
classification_pre,326,E:\甲劈微循环\data\血管数据集\分类数据集\扩充之前\images\326.jpg,HOLD,provenance and annotation semantics not yet human-approved
classification_pre,327,E:\甲劈微循环\data\血管数据集\分类数据集\扩充之前\images\327.jpg,HOLD,provenance and annotation semantics not yet human-approved
classification_pre,328,E:\甲劈微循环\data\血管数据集\分类数据集\扩充之前\images\328.jpg,HOLD,provenance and annotation semantics not yet human-approved
classification_pre,329,E:\甲劈微循环\data\血管数据集\分类数据集\扩充之前\images\329.jpg,HOLD,provenance and annotation semantics not yet human-approved
classification_pre,33,E:\甲劈微循环\data\血管数据集\分类数据集\扩充之前\images\33.jpg,HOLD,provenance and annotation semantics not yet human-approved
classification_pre,331,E:\甲劈微循环\data\血管数据集\分类数据集\扩充之前\images\331.jpg,HOLD,provenance and annotation semantics not yet human-approved
classification_pre,332,E:\甲劈微循环\data\血管数据集\分类数据集\扩充之前\images\332.jpg,HOLD,provenance and annotation semantics not yet human-approved
classification_pre,333,E:\甲劈微循环\data\血管数据集\分类数据集\扩充之前\images\333.jpg,HOLD,provenance and annotation semantics not yet human-approved
classification_pre,334,E:\甲劈微循环\data\血管数据集\分类数据集\扩充之前\images\334.jpg,HOLD,provenance and annotation semantics not yet human-approved
classification_pre,335,E:\甲劈微循环\data\血管数据集\分类数据集\扩充之前\images\335.jpg,HOLD,provenance and annotation semantics not yet human-approved
classification_pre,336,E:\甲劈微循环\data\血管数据集\分类数据集\扩充之前\images\336.jpg,HOLD,provenance and annotation semantics not yet human-approved
classification_pre,337,E:\甲劈微循环\data\血管数据集\分类数据集\扩充之前\images\337.jpg,HOLD,provenance and annotation semantics not yet human-approved
classification_pre,338,E:\甲劈微循环\data\血管数据集\分类数据集\扩充之前\images\338.jpg,HOLD,provenance and annotation semantics not yet human-approved
classification_pre,339,E:\甲劈微循环\data\血管数据集\分类数据集\扩充之前\images\339.jpg,HOLD,provenance and annotation semantics not yet human-approved
classification_pre,34,E:\甲劈微循环\data\血管数据集\分类数据集\扩充之前\images\34.jpg,HOLD,provenance and annotation semantics not yet human-approved
classification_pre,341,E:\甲劈微循环\data\血管数据集\分类数据集\扩充之前\images\341.jpg,HOLD,provenance and annotation semantics not yet human-approved
classification_pre,342,E:\甲劈微循环\data\血管数据集\分类数据集\扩充之前\images\342.jpg,HOLD,provenance and annotation semantics not yet human-approved
classification_pre,343,E:\甲劈微循环\data\血管数据集\分类数据集\扩充之前\images\343.jpg,HOLD,provenance and annotation semantics not yet human-approved
classification_pre,344,E:\甲劈微循环\data\血管数据集\分类数据集\扩充之前\images\344.jpg,HOLD,provenance and annotation semantics not yet human-approved
classification_pre,345,E:\甲劈微循环\data\血管数据集\分类数据集\扩充之前\images\345.jpg,HOLD,provenance and annotation semantics not yet human-approved
classification_pre,346,E:\甲劈微循环\data\血管数据集\分类数据集\扩充之前\images\346.jpg,HOLD,provenance and annotation semantics not yet human-approved
classification_pre,347,E:\甲劈微循环\data\血管数据集\分类数据集\扩充之前\images\347.jpg,HOLD,provenance and annotation semantics not yet human-approved
classification_pre,349,E:\甲劈微循环\data\血管数据集\分类数据集\扩充之前\images\349.jpg,HOLD,provenance and annotation semantics not yet human-approved
classification_pre,35,E:\甲劈微循环\data\血管数据集\分类数据集\扩充之前\images\35.jpg,HOLD,provenance and annotation semantics not yet human-approved
classification_pre,350,E:\甲劈微循环\data\血管数据集\分类数据集\扩充之前\images\350.jpg,HOLD,provenance and annotation semantics not yet human-approved
classification_pre,351,E:\甲劈微循环\data\血管数据集\分类数据集\扩充之前\images\351.jpg,HOLD,provenance and annotation semantics not yet human-approved
classification_pre,352,E:\甲劈微循环\data\血管数据集\分类数据集\扩充之前\images\352.jpg,HOLD,provenance and annotation semantics not yet human-approved
classification_pre,353,E:\甲劈微循环\data\血管数据集\分类数据集\扩充之前\images\353.jpg,HOLD,provenance and annotation semantics not yet human-approved
classification_pre,355,E:\甲劈微循环\data\血管数据集\分类数据集\扩充之前\images\355.jpg,HOLD,provenance and annotation semantics not yet human-approved
classification_pre,356,E:\甲劈微循环\data\血管数据集\分类数据集\扩充之前\images\356.jpg,HOLD,provenance and annotation semantics not yet human-approved
classification_pre,357,E:\甲劈微循环\data\血管数据集\分类数据集\扩充之前\images\357.jpg,HOLD,provenance and annotation semantics not yet human-approved
classification_pre,358,E:\甲劈微循环\data\血管数据集\分类数据集\扩充之前\images\358.jpg,HOLD,provenance and annotation semantics not yet human-approved
classification_pre,359,E:\甲劈微循环\data\血管数据集\分类数据集\扩充之前\images\359.jpg,HOLD,provenance and annotation semantics not yet human-approved
classification_pre,36,E:\甲劈微循环\data\血管数据集\分类数据集\扩充之前\images\36.jpg,HOLD,provenance and annotation semantics not yet human-approved
classification_pre,360,E:\甲劈微循环\data\血管数据集\分类数据集\扩充之前\images\360.jpg,HOLD,provenance and annotation semantics not yet human-approved
classification_pre,361,E:\甲劈微循环\data\血管数据集\分类数据集\扩充之前\images\361.jpg,HOLD,provenance and annotation semantics not yet human-approved
classification_pre,362,E:\甲劈微循环\data\血管数据集\分类数据集\扩充之前\images\362.jpg,HOLD,provenance and annotation semantics not yet human-approved
classification_pre,363,E:\甲劈微循环\data\血管数据集\分类数据集\扩充之前\images\363.jpg,HOLD,provenance and annotation semantics not yet human-approved
classification_pre,364,E:\甲劈微循环\data\血管数据集\分类数据集\扩充之前\images\364.jpg,HOLD,provenance and annotation semantics not yet human-approved
classification_pre,365,E:\甲劈微循环\data\血管数据集\分类数据集\扩充之前\images\365.jpg,HOLD,provenance and annotation semantics not yet human-approved
classification_pre,366,E:\甲劈微循环\data\血管数据集\分类数据集\扩充之前\images\366.jpg,HOLD,provenance and annotation semantics not yet human-approved
classification_pre,367,E:\甲劈微循环\data\血管数据集\分类数据集\扩充之前\images\367.jpg,HOLD,provenance and annotation semantics not yet human-approved
classification_pre,368,E:\甲劈微循环\data\血管数据集\分类数据集\扩充之前\images\368.jpg,HOLD,provenance and annotation semantics not yet human-approved
classification_pre,369,E:\甲劈微循环\data\血管数据集\分类数据集\扩充之前\images\369.jpg,HOLD,provenance and annotation semantics not yet human-approved
classification_pre,37,E:\甲劈微循环\data\血管数据集\分类数据集\扩充之前\images\37.jpg,HOLD,provenance and annotation semantics not yet human-approved
classification_pre,370,E:\甲劈微循环\data\血管数据集\分类数据集\扩充之前\images\370.jpg,HOLD,provenance and annotation semantics not yet human-approved
classification_pre,371,E:\甲劈微循环\data\血管数据集\分类数据集\扩充之前\images\371.jpg,HOLD,provenance and annotation semantics not yet human-approved
classification_pre,372,E:\甲劈微循环\data\血管数据集\分类数据集\扩充之前\images\372.jpg,HOLD,provenance and annotation semantics not yet human-approved
classification_pre,373,E:\甲劈微循环\data\血管数据集\分类数据集\扩充之前\images\373.jpg,HOLD,provenance and annotation semantics not yet human-approved
classification_pre,374,E:\甲劈微循环\data\血管数据集\分类数据集\扩充之前\images\374.jpg,HOLD,provenance and annotation semantics not yet human-approved
classification_pre,375,E:\甲劈微循环\data\血管数据集\分类数据集\扩充之前\images\375.jpg,HOLD,provenance and annotation semantics not yet human-approved
classification_pre,376,E:\甲劈微循环\data\血管数据集\分类数据集\扩充之前\images\376.jpg,HOLD,provenance and annotation semantics not yet human-approved
classification_pre,377,E:\甲劈微循环\data\血管数据集\分类数据集\扩充之前\images\377.jpg,HOLD,provenance and annotation semantics not yet human-approved
classification_pre,378,E:\甲劈微循环\data\血管数据集\分类数据集\扩充之前\images\378.jpg,HOLD,provenance and annotation semantics not yet human-approved
classification_pre,379,E:\甲劈微循环\data\血管数据集\分类数据集\扩充之前\images\379.jpg,HOLD,provenance and annotation semantics not yet human-approved
classification_pre,38,E:\甲劈微循环\data\血管数据集\分类数据集\扩充之前\images\38.jpg,HOLD,provenance and annotation semantics not yet human-approved
classification_pre,380,E:\甲劈微循环\data\血管数据集\分类数据集\扩充之前\images\380.jpg,HOLD,provenance and annotation semantics not yet human-approved
classification_pre,381,E:\甲劈微循环\data\血管数据集\分类数据集\扩充之前\images\381.jpg,HOLD,provenance and annotation semantics not yet human-approved
classification_pre,382,E:\甲劈微循环\data\血管数据集\分类数据集\扩充之前\images\382.jpg,HOLD,provenance and annotation semantics not yet human-approved
classification_pre,384,E:\甲劈微循环\data\血管数据集\分类数据集\扩充之前\images\384.jpg,HOLD,provenance and annotation semantics not yet human-approved
classification_pre,386,E:\甲劈微循环\data\血管数据集\分类数据集\扩充之前\images\386.jpg,HOLD,provenance and annotation semantics not yet human-approved
classification_pre,387,E:\甲劈微循环\data\血管数据集\分类数据集\扩充之前\images\387.jpg,HOLD,provenance and annotation semantics not yet human-approved
classification_pre,388,E:\甲劈微循环\data\血管数据集\分类数据集\扩充之前\images\388.jpg,HOLD,provenance and annotation semantics not yet human-approved
classification_pre,39,E:\甲劈微循环\data\血管数据集\分类数据集\扩充之前\images\39.jpg,HOLD,provenance and annotation semantics not yet human-approved
classification_pre,390,E:\甲劈微循环\data\血管数据集\分类数据集\扩充之前\images\390.jpg,HOLD,provenance and annotation semantics not yet human-approved
classification_pre,391,E:\甲劈微循环\data\血管数据集\分类数据集\扩充之前\images\391.jpg,HOLD,provenance and annotation semantics not yet human-approved
classification_pre,392,E:\甲劈微循环\data\血管数据集\分类数据集\扩充之前\images\392.jpg,HOLD,provenance and annotation semantics not yet human-approved
classification_pre,393,E:\甲劈微循环\data\血管数据集\分类数据集\扩充之前\images\393.jpg,HOLD,provenance and annotation semantics not yet human-approved
classification_pre,394,E:\甲劈微循环\data\血管数据集\分类数据集\扩充之前\images\394.jpg,HOLD,provenance and annotation semantics not yet human-approved
classification_pre,395,E:\甲劈微循环\data\血管数据集\分类数据集\扩充之前\images\395.jpg,HOLD,provenance and annotation semantics not yet human-approved
classification_pre,396,E:\甲劈微循环\data\血管数据集\分类数据集\扩充之前\images\396.jpg,HOLD,provenance and annotation semantics not yet human-approved
classification_pre,397,E:\甲劈微循环\data\血管数据集\分类数据集\扩充之前\images\397.jpg,HOLD,provenance and annotation semantics not yet human-approved
classification_pre,398,E:\甲劈微循环\data\血管数据集\分类数据集\扩充之前\images\398.jpg,HOLD,provenance and annotation semantics not yet human-approved
classification_pre,399,E:\甲劈微循环\data\血管数据集\分类数据集\扩充之前\images\399.jpg,HOLD,provenance and annotation semantics not yet human-approved
classification_pre,4,E:\甲劈微循环\data\血管数据集\分类数据集\扩充之前\images\4.jpg,HOLD,provenance and annotation semantics not yet human-approved
classification_pre,40,E:\甲劈微循环\data\血管数据集\分类数据集\扩充之前\images\40.jpg,HOLD,provenance and annotation semantics not yet human-approved
classification_pre,401,E:\甲劈微循环\data\血管数据集\分类数据集\扩充之前\images\401.jpg,HOLD,provenance and annotation semantics not yet human-approved
classification_pre,402,E:\甲劈微循环\data\血管数据集\分类数据集\扩充之前\images\402.jpg,HOLD,provenance and annotation semantics not yet human-approved
classification_pre,403,E:\甲劈微循环\data\血管数据集\分类数据集\扩充之前\images\403.jpg,HOLD,provenance and annotation semantics not yet human-approved
classification_pre,404,E:\甲劈微循环\data\血管数据集\分类数据集\扩充之前\images\404.jpg,HOLD,provenance and annotation semantics not yet human-approved
classification_pre,405,E:\甲劈微循环\data\血管数据集\分类数据集\扩充之前\images\405.jpg,HOLD,provenance and annotation semantics not yet human-approved
classification_pre,406,E:\甲劈微循环\data\血管数据集\分类数据集\扩充之前\images\406.jpg,HOLD,provenance and annotation semantics not yet human-approved
classification_pre,407,E:\甲劈微循环\data\血管数据集\分类数据集\扩充之前\images\407.jpg,HOLD,provenance and annotation semantics not yet human-approved
classification_pre,408,E:\甲劈微循环\data\血管数据集\分类数据集\扩充之前\images\408.jpg,HOLD,provenance and annotation semantics not yet human-approved
classification_pre,409,E:\甲劈微循环\data\血管数据集\分类数据集\扩充之前\images\409.jpg,HOLD,provenance and annotation semantics not yet human-approved
classification_pre,41,E:\甲劈微循环\data\血管数据集\分类数据集\扩充之前\images\41.jpg,HOLD,provenance and annotation semantics not yet human-approved
classification_pre,410,E:\甲劈微循环\data\血管数据集\分类数据集\扩充之前\images\410.jpg,HOLD,provenance and annotation semantics not yet human-approved
classification_pre,411,E:\甲劈微循环\data\血管数据集\分类数据集\扩充之前\images\411.jpg,HOLD,provenance and annotation semantics not yet human-approved
classification_pre,412,E:\甲劈微循环\data\血管数据集\分类数据集\扩充之前\images\412.jpg,HOLD,provenance and annotation semantics not yet human-approved
classification_pre,413,E:\甲劈微循环\data\血管数据集\分类数据集\扩充之前\images\413.jpg,HOLD,provenance and annotation semantics not yet human-approved
classification_pre,414,E:\甲劈微循环\data\血管数据集\分类数据集\扩充之前\images\414.jpg,HOLD,provenance and annotation semantics not yet human-approved
classification_pre,415,E:\甲劈微循环\data\血管数据集\分类数据集\扩充之前\images\415.jpg,HOLD,provenance and annotation semantics not yet human-approved
classification_pre,416,E:\甲劈微循环\data\血管数据集\分类数据集\扩充之前\images\416.jpg,HOLD,provenance and annotation semantics not yet human-approved
classification_pre,417,E:\甲劈微循环\data\血管数据集\分类数据集\扩充之前\images\417.jpg,HOLD,provenance and annotation semantics not yet human-approved
classification_pre,418,E:\甲劈微循环\data\血管数据集\分类数据集\扩充之前\images\418.jpg,HOLD,provenance and annotation semantics not yet human-approved
classification_pre,419,E:\甲劈微循环\data\血管数据集\分类数据集\扩充之前\images\419.jpg,HOLD,provenance and annotation semantics not yet human-approved
classification_pre,42,E:\甲劈微循环\data\血管数据集\分类数据集\扩充之前\images\42.jpg,HOLD,provenance and annotation semantics not yet human-approved
classification_pre,420,E:\甲劈微循环\data\血管数据集\分类数据集\扩充之前\images\420.jpg,HOLD,provenance and annotation semantics not yet human-approved
classification_pre,421,E:\甲劈微循环\data\血管数据集\分类数据集\扩充之前\images\421.jpg,HOLD,provenance and annotation semantics not yet human-approved
classification_pre,422,E:\甲劈微循环\data\血管数据集\分类数据集\扩充之前\images\422.jpg,HOLD,provenance and annotation semantics not yet human-approved
classification_pre,423,E:\甲劈微循环\data\血管数据集\分类数据集\扩充之前\images\423.jpg,HOLD,provenance and annotation semantics not yet human-approved
classification_pre,424,E:\甲劈微循环\data\血管数据集\分类数据集\扩充之前\images\424.jpg,HOLD,provenance and annotation semantics not yet human-approved
classification_pre,425,E:\甲劈微循环\data\血管数据集\分类数据集\扩充之前\images\425.jpg,HOLD,provenance and annotation semantics not yet human-approved
classification_pre,426,E:\甲劈微循环\data\血管数据集\分类数据集\扩充之前\images\426.jpg,HOLD,provenance and annotation semantics not yet human-approved
classification_pre,427,E:\甲劈微循环\data\血管数据集\分类数据集\扩充之前\images\427.jpg,HOLD,provenance and annotation semantics not yet human-approved
classification_pre,428,E:\甲劈微循环\data\血管数据集\分类数据集\扩充之前\images\428.jpg,HOLD,provenance and annotation semantics not yet human-approved
classification_pre,429,E:\甲劈微循环\data\血管数据集\分类数据集\扩充之前\images\429.jpg,HOLD,provenance and annotation semantics not yet human-approved
classification_pre,43,E:\甲劈微循环\data\血管数据集\分类数据集\扩充之前\images\43.jpg,HOLD,provenance and annotation semantics not yet human-approved
classification_pre,430,E:\甲劈微循环\data\血管数据集\分类数据集\扩充之前\images\430.jpg,HOLD,provenance and annotation semantics not yet human-approved
classification_pre,431,E:\甲劈微循环\data\血管数据集\分类数据集\扩充之前\images\431.jpg,HOLD,provenance and annotation semantics not yet human-approved
classification_pre,432,E:\甲劈微循环\data\血管数据集\分类数据集\扩充之前\images\432.jpg,HOLD,provenance and annotation semantics not yet human-approved
classification_pre,433,E:\甲劈微循环\data\血管数据集\分类数据集\扩充之前\images\433.jpg,HOLD,provenance and annotation semantics not yet human-approved
classification_pre,434,E:\甲劈微循环\data\血管数据集\分类数据集\扩充之前\images\434.jpg,HOLD,provenance and annotation semantics not yet human-approved
classification_pre,435,E:\甲劈微循环\data\血管数据集\分类数据集\扩充之前\images\435.jpg,HOLD,provenance and annotation semantics not yet human-approved
classification_pre,436,E:\甲劈微循环\data\血管数据集\分类数据集\扩充之前\images\436.jpg,HOLD,provenance and annotation semantics not yet human-approved
classification_pre,437,E:\甲劈微循环\data\血管数据集\分类数据集\扩充之前\images\437.jpg,HOLD,provenance and annotation semantics not yet human-approved
classification_pre,438,E:\甲劈微循环\data\血管数据集\分类数据集\扩充之前\images\438.jpg,HOLD,provenance and annotation semantics not yet human-approved
classification_pre,439,E:\甲劈微循环\data\血管数据集\分类数据集\扩充之前\images\439.jpg,HOLD,provenance and annotation semantics not yet human-approved
classification_pre,44,E:\甲劈微循环\data\血管数据集\分类数据集\扩充之前\images\44.jpg,HOLD,provenance and annotation semantics not yet human-approved
classification_pre,440,E:\甲劈微循环\data\血管数据集\分类数据集\扩充之前\images\440.jpg,HOLD,provenance and annotation semantics not yet human-approved
classification_pre,441,E:\甲劈微循环\data\血管数据集\分类数据集\扩充之前\images\441.jpg,HOLD,provenance and annotation semantics not yet human-approved
classification_pre,442,E:\甲劈微循环\data\血管数据集\分类数据集\扩充之前\images\442.jpg,HOLD,provenance and annotation semantics not yet human-approved
classification_pre,443,E:\甲劈微循环\data\血管数据集\分类数据集\扩充之前\images\443.jpg,HOLD,provenance and annotation semantics not yet human-approved
classification_pre,444,E:\甲劈微循环\data\血管数据集\分类数据集\扩充之前\images\444.jpg,HOLD,provenance and annotation semantics not yet human-approved
classification_pre,445,E:\甲劈微循环\data\血管数据集\分类数据集\扩充之前\images\445.jpg,HOLD,provenance and annotation semantics not yet human-approved
classification_pre,446,E:\甲劈微循环\data\血管数据集\分类数据集\扩充之前\images\446.jpg,HOLD,provenance and annotation semantics not yet human-approved
classification_pre,447,E:\甲劈微循环\data\血管数据集\分类数据集\扩充之前\images\447.jpg,HOLD,provenance and annotation semantics not yet human-approved
classification_pre,448,E:\甲劈微循环\data\血管数据集\分类数据集\扩充之前\images\448.jpg,HOLD,provenance and annotation semantics not yet human-approved
classification_pre,449,E:\甲劈微循环\data\血管数据集\分类数据集\扩充之前\images\449.jpg,HOLD,provenance and annotation semantics not yet human-approved
classification_pre,45,E:\甲劈微循环\data\血管数据集\分类数据集\扩充之前\images\45.jpg,HOLD,provenance and annotation semantics not yet human-approved
classification_pre,450,E:\甲劈微循环\data\血管数据集\分类数据集\扩充之前\images\450.jpg,HOLD,provenance and annotation semantics not yet human-approved
classification_pre,451,E:\甲劈微循环\data\血管数据集\分类数据集\扩充之前\images\451.jpg,HOLD,provenance and annotation semantics not yet human-approved
classification_pre,452,E:\甲劈微循环\data\血管数据集\分类数据集\扩充之前\images\452.jpg,HOLD,provenance and annotation semantics not yet human-approved
classification_pre,453,E:\甲劈微循环\data\血管数据集\分类数据集\扩充之前\images\453.jpg,HOLD,provenance and annotation semantics not yet human-approved
classification_pre,454,E:\甲劈微循环\data\血管数据集\分类数据集\扩充之前\images\454.jpg,HOLD,provenance and annotation semantics not yet human-approved
classification_pre,455,E:\甲劈微循环\data\血管数据集\分类数据集\扩充之前\images\455.jpg,HOLD,provenance and annotation semantics not yet human-approved
classification_pre,456,E:\甲劈微循环\data\血管数据集\分类数据集\扩充之前\images\456.jpg,HOLD,provenance and annotation semantics not yet human-approved
classification_pre,457,E:\甲劈微循环\data\血管数据集\分类数据集\扩充之前\images\457.jpg,HOLD,provenance and annotation semantics not yet human-approved
classification_pre,458,E:\甲劈微循环\data\血管数据集\分类数据集\扩充之前\images\458.jpg,HOLD,provenance and annotation semantics not yet human-approved
classification_pre,459,E:\甲劈微循环\data\血管数据集\分类数据集\扩充之前\images\459.jpg,HOLD,provenance and annotation semantics not yet human-approved
classification_pre,46,E:\甲劈微循环\data\血管数据集\分类数据集\扩充之前\images\46.jpg,HOLD,provenance and annotation semantics not yet human-approved
classification_pre,460,E:\甲劈微循环\data\血管数据集\分类数据集\扩充之前\images\460.jpg,HOLD,provenance and annotation semantics not yet human-approved
classification_pre,461,E:\甲劈微循环\data\血管数据集\分类数据集\扩充之前\images\461.jpg,HOLD,provenance and annotation semantics not yet human-approved
classification_pre,462,E:\甲劈微循环\data\血管数据集\分类数据集\扩充之前\images\462.jpg,HOLD,provenance and annotation semantics not yet human-approved
classification_pre,463,E:\甲劈微循环\data\血管数据集\分类数据集\扩充之前\images\463.jpg,HOLD,provenance and annotation semantics not yet human-approved
classification_pre,464,E:\甲劈微循环\data\血管数据集\分类数据集\扩充之前\images\464.jpg,HOLD,provenance and annotation semantics not yet human-approved
classification_pre,465,E:\甲劈微循环\data\血管数据集\分类数据集\扩充之前\images\465.jpg,HOLD,provenance and annotation semantics not yet human-approved
classification_pre,466,E:\甲劈微循环\data\血管数据集\分类数据集\扩充之前\images\466.jpg,HOLD,provenance and annotation semantics not yet human-approved
classification_pre,467,E:\甲劈微循环\data\血管数据集\分类数据集\扩充之前\images\467.jpg,HOLD,provenance and annotation semantics not yet human-approved
classification_pre,468,E:\甲劈微循环\data\血管数据集\分类数据集\扩充之前\images\468.jpg,HOLD,provenance and annotation semantics not yet human-approved
classification_pre,469,E:\甲劈微循环\data\血管数据集\分类数据集\扩充之前\images\469.jpg,HOLD,provenance and annotation semantics not yet human-approved
classification_pre,47,E:\甲劈微循环\data\血管数据集\分类数据集\扩充之前\images\47.jpg,HOLD,provenance and annotation semantics not yet human-approved
classification_pre,470,E:\甲劈微循环\data\血管数据集\分类数据集\扩充之前\images\470.jpg,HOLD,provenance and annotation semantics not yet human-approved
classification_pre,471,E:\甲劈微循环\data\血管数据集\分类数据集\扩充之前\images\471.jpg,HOLD,provenance and annotation semantics not yet human-approved
classification_pre,472,E:\甲劈微循环\data\血管数据集\分类数据集\扩充之前\images\472.jpg,HOLD,provenance and annotation semantics not yet human-approved
classification_pre,473,E:\甲劈微循环\data\血管数据集\分类数据集\扩充之前\images\473.jpg,HOLD,provenance and annotation semantics not yet human-approved
classification_pre,474,E:\甲劈微循环\data\血管数据集\分类数据集\扩充之前\images\474.jpg,HOLD,provenance and annotation semantics not yet human-approved
classification_pre,475,E:\甲劈微循环\data\血管数据集\分类数据集\扩充之前\images\475.jpg,HOLD,provenance and annotation semantics not yet human-approved
classification_pre,476,E:\甲劈微循环\data\血管数据集\分类数据集\扩充之前\images\476.jpg,HOLD,provenance and annotation semantics not yet human-approved
classification_pre,477,E:\甲劈微循环\data\血管数据集\分类数据集\扩充之前\images\477.jpg,HOLD,provenance and annotation semantics not yet human-approved
classification_pre,478,E:\甲劈微循环\data\血管数据集\分类数据集\扩充之前\images\478.jpg,HOLD,provenance and annotation semantics not yet human-approved
classification_pre,479,E:\甲劈微循环\data\血管数据集\分类数据集\扩充之前\images\479.jpg,HOLD,provenance and annotation semantics not yet human-approved
classification_pre,480,E:\甲劈微循环\data\血管数据集\分类数据集\扩充之前\images\480.jpg,HOLD,provenance and annotation semantics not yet human-approved
classification_pre,481,E:\甲劈微循环\data\血管数据集\分类数据集\扩充之前\images\481.jpg,HOLD,provenance and annotation semantics not yet human-approved
classification_pre,482,E:\甲劈微循环\data\血管数据集\分类数据集\扩充之前\images\482.jpg,HOLD,provenance and annotation semantics not yet human-approved
classification_pre,483,E:\甲劈微循环\data\血管数据集\分类数据集\扩充之前\images\483.jpg,HOLD,provenance and annotation semantics not yet human-approved
classification_pre,484,E:\甲劈微循环\data\血管数据集\分类数据集\扩充之前\images\484.jpg,HOLD,provenance and annotation semantics not yet human-approved
classification_pre,485,E:\甲劈微循环\data\血管数据集\分类数据集\扩充之前\images\485.jpg,HOLD,provenance and annotation semantics not yet human-approved
classification_pre,486,E:\甲劈微循环\data\血管数据集\分类数据集\扩充之前\images\486.jpg,HOLD,provenance and annotation semantics not yet human-approved
classification_pre,487,E:\甲劈微循环\data\血管数据集\分类数据集\扩充之前\images\487.jpg,HOLD,provenance and annotation semantics not yet human-approved
classification_pre,488,E:\甲劈微循环\data\血管数据集\分类数据集\扩充之前\images\488.jpg,HOLD,provenance and annotation semantics not yet human-approved
classification_pre,489,E:\甲劈微循环\data\血管数据集\分类数据集\扩充之前\images\489.jpg,HOLD,provenance and annotation semantics not yet human-approved
classification_pre,49,E:\甲劈微循环\data\血管数据集\分类数据集\扩充之前\images\49.jpg,HOLD,provenance and annotation semantics not yet human-approved
classification_pre,490,E:\甲劈微循环\data\血管数据集\分类数据集\扩充之前\images\490.jpg,HOLD,provenance and annotation semantics not yet human-approved
classification_pre,491,E:\甲劈微循环\data\血管数据集\分类数据集\扩充之前\images\491.jpg,HOLD,provenance and annotation semantics not yet human-approved
classification_pre,492,E:\甲劈微循环\data\血管数据集\分类数据集\扩充之前\images\492.jpg,HOLD,provenance and annotation semantics not yet human-approved
classification_pre,493,E:\甲劈微循环\data\血管数据集\分类数据集\扩充之前\images\493.jpg,HOLD,provenance and annotation semantics not yet human-approved
classification_pre,494,E:\甲劈微循环\data\血管数据集\分类数据集\扩充之前\images\494.jpg,HOLD,provenance and annotation semantics not yet human-approved
classification_pre,495,E:\甲劈微循环\data\血管数据集\分类数据集\扩充之前\images\495.jpg,HOLD,provenance and annotation semantics not yet human-approved
classification_pre,496,E:\甲劈微循环\data\血管数据集\分类数据集\扩充之前\images\496.jpg,HOLD,provenance and annotation semantics not yet human-approved
classification_pre,497,E:\甲劈微循环\data\血管数据集\分类数据集\扩充之前\images\497.jpg,HOLD,provenance and annotation semantics not yet human-approved
classification_pre,499,E:\甲劈微循环\data\血管数据集\分类数据集\扩充之前\images\499.jpg,HOLD,provenance and annotation semantics not yet human-approved
classification_pre,5,E:\甲劈微循环\data\血管数据集\分类数据集\扩充之前\images\5.jpg,HOLD,provenance and annotation semantics not yet human-approved
classification_pre,50,E:\甲劈微循环\data\血管数据集\分类数据集\扩充之前\images\50.jpg,HOLD,provenance and annotation semantics not yet human-approved
classification_pre,500,E:\甲劈微循环\data\血管数据集\分类数据集\扩充之前\images\500.jpg,HOLD,provenance and annotation semantics not yet human-approved
classification_pre,501,E:\甲劈微循环\data\血管数据集\分类数据集\扩充之前\images\501.jpg,HOLD,provenance and annotation semantics not yet human-approved
classification_pre,502,E:\甲劈微循环\data\血管数据集\分类数据集\扩充之前\images\502.jpg,HOLD,provenance and annotation semantics not yet human-approved
classification_pre,503,E:\甲劈微循环\data\血管数据集\分类数据集\扩充之前\images\503.jpg,HOLD,provenance and annotation semantics not yet human-approved
classification_pre,504,E:\甲劈微循环\data\血管数据集\分类数据集\扩充之前\images\504.jpg,HOLD,provenance and annotation semantics not yet human-approved
classification_pre,506,E:\甲劈微循环\data\血管数据集\分类数据集\扩充之前\images\506.jpg,HOLD,provenance and annotation semantics not yet human-approved
classification_pre,507,E:\甲劈微循环\data\血管数据集\分类数据集\扩充之前\images\507.jpg,HOLD,provenance and annotation semantics not yet human-approved
classification_pre,508,E:\甲劈微循环\data\血管数据集\分类数据集\扩充之前\images\508.jpg,HOLD,provenance and annotation semantics not yet human-approved
classification_pre,51,E:\甲劈微循环\data\血管数据集\分类数据集\扩充之前\images\51.jpg,HOLD,provenance and annotation semantics not yet human-approved
classification_pre,510,E:\甲劈微循环\data\血管数据集\分类数据集\扩充之前\images\510.jpg,HOLD,provenance and annotation semantics not yet human-approved
classification_pre,512,E:\甲劈微循环\data\血管数据集\分类数据集\扩充之前\images\512.jpg,HOLD,provenance and annotation semantics not yet human-approved
classification_pre,514,E:\甲劈微循环\data\血管数据集\分类数据集\扩充之前\images\514.jpg,HOLD,provenance and annotation semantics not yet human-approved
classification_pre,515,E:\甲劈微循环\data\血管数据集\分类数据集\扩充之前\images\515.jpg,HOLD,provenance and annotation semantics not yet human-approved
classification_pre,516,E:\甲劈微循环\data\血管数据集\分类数据集\扩充之前\images\516.jpg,HOLD,provenance and annotation semantics not yet human-approved
classification_pre,517,E:\甲劈微循环\data\血管数据集\分类数据集\扩充之前\images\517.jpg,HOLD,provenance and annotation semantics not yet human-approved
classification_pre,519,E:\甲劈微循环\data\血管数据集\分类数据集\扩充之前\images\519.jpg,HOLD,provenance and annotation semantics not yet human-approved
classification_pre,52,E:\甲劈微循环\data\血管数据集\分类数据集\扩充之前\images\52.jpg,HOLD,provenance and annotation semantics not yet human-approved
classification_pre,520,E:\甲劈微循环\data\血管数据集\分类数据集\扩充之前\images\520.jpg,HOLD,provenance and annotation semantics not yet human-approved
classification_pre,521,E:\甲劈微循环\data\血管数据集\分类数据集\扩充之前\images\521.jpg,HOLD,provenance and annotation semantics not yet human-approved
classification_pre,523,E:\甲劈微循环\data\血管数据集\分类数据集\扩充之前\images\523.jpg,HOLD,provenance and annotation semantics not yet human-approved
classification_pre,524,E:\甲劈微循环\data\血管数据集\分类数据集\扩充之前\images\524.jpg,HOLD,provenance and annotation semantics not yet human-approved
classification_pre,525,E:\甲劈微循环\data\血管数据集\分类数据集\扩充之前\images\525.jpg,HOLD,provenance and annotation semantics not yet human-approved
classification_pre,526,E:\甲劈微循环\data\血管数据集\分类数据集\扩充之前\images\526.jpg,HOLD,provenance and annotation semantics not yet human-approved
classification_pre,528,E:\甲劈微循环\data\血管数据集\分类数据集\扩充之前\images\528.jpg,HOLD,provenance and annotation semantics not yet human-approved
classification_pre,529,E:\甲劈微循环\data\血管数据集\分类数据集\扩充之前\images\529.jpg,HOLD,provenance and annotation semantics not yet human-approved
classification_pre,53,E:\甲劈微循环\data\血管数据集\分类数据集\扩充之前\images\53.jpg,HOLD,provenance and annotation semantics not yet human-approved
classification_pre,531,E:\甲劈微循环\data\血管数据集\分类数据集\扩充之前\images\531.jpg,HOLD,provenance and annotation semantics not yet human-approved
classification_pre,532,E:\甲劈微循环\data\血管数据集\分类数据集\扩充之前\images\532.jpg,HOLD,provenance and annotation semantics not yet human-approved
classification_pre,533,E:\甲劈微循环\data\血管数据集\分类数据集\扩充之前\images\533.jpg,HOLD,provenance and annotation semantics not yet human-approved
classification_pre,534,E:\甲劈微循环\data\血管数据集\分类数据集\扩充之前\images\534.jpg,HOLD,provenance and annotation semantics not yet human-approved
classification_pre,535,E:\甲劈微循环\data\血管数据集\分类数据集\扩充之前\images\535.jpg,HOLD,provenance and annotation semantics not yet human-approved
classification_pre,536,E:\甲劈微循环\data\血管数据集\分类数据集\扩充之前\images\536.jpg,HOLD,provenance and annotation semantics not yet human-approved
classification_pre,537,E:\甲劈微循环\data\血管数据集\分类数据集\扩充之前\images\537.jpg,HOLD,provenance and annotation semantics not yet human-approved
classification_pre,538,E:\甲劈微循环\data\血管数据集\分类数据集\扩充之前\images\538.jpg,HOLD,provenance and annotation semantics not yet human-approved
classification_pre,539,E:\甲劈微循环\data\血管数据集\分类数据集\扩充之前\images\539.jpg,HOLD,provenance and annotation semantics not yet human-approved
classification_pre,54,E:\甲劈微循环\data\血管数据集\分类数据集\扩充之前\images\54.jpg,HOLD,provenance and annotation semantics not yet human-approved
classification_pre,540,E:\甲劈微循环\data\血管数据集\分类数据集\扩充之前\images\540.jpg,HOLD,provenance and annotation semantics not yet human-approved
classification_pre,541,E:\甲劈微循环\data\血管数据集\分类数据集\扩充之前\images\541.jpg,HOLD,provenance and annotation semantics not yet human-approved
classification_pre,542,E:\甲劈微循环\data\血管数据集\分类数据集\扩充之前\images\542.jpg,HOLD,provenance and annotation semantics not yet human-approved
classification_pre,544,E:\甲劈微循环\data\血管数据集\分类数据集\扩充之前\images\544.jpg,HOLD,provenance and annotation semantics not yet human-approved
classification_pre,545,E:\甲劈微循环\data\血管数据集\分类数据集\扩充之前\images\545.jpg,HOLD,provenance and annotation semantics not yet human-approved
classification_pre,546,E:\甲劈微循环\data\血管数据集\分类数据集\扩充之前\images\546.jpg,HOLD,provenance and annotation semantics not yet human-approved
classification_pre,547,E:\甲劈微循环\data\血管数据集\分类数据集\扩充之前\images\547.jpg,HOLD,provenance and annotation semantics not yet human-approved
classification_pre,549,E:\甲劈微循环\data\血管数据集\分类数据集\扩充之前\images\549.jpg,HOLD,provenance and annotation semantics not yet human-approved
classification_pre,55,E:\甲劈微循环\data\血管数据集\分类数据集\扩充之前\images\55.jpg,HOLD,provenance and annotation semantics not yet human-approved
classification_pre,550,E:\甲劈微循环\data\血管数据集\分类数据集\扩充之前\images\550.jpg,HOLD,provenance and annotation semantics not yet human-approved
classification_pre,552,E:\甲劈微循环\data\血管数据集\分类数据集\扩充之前\images\552.jpg,HOLD,provenance and annotation semantics not yet human-approved
classification_pre,553,E:\甲劈微循环\data\血管数据集\分类数据集\扩充之前\images\553.jpg,HOLD,provenance and annotation semantics not yet human-approved
classification_pre,554,E:\甲劈微循环\data\血管数据集\分类数据集\扩充之前\images\554.jpg,HOLD,provenance and annotation semantics not yet human-approved
classification_pre,555,E:\甲劈微循环\data\血管数据集\分类数据集\扩充之前\images\555.jpg,HOLD,provenance and annotation semantics not yet human-approved
classification_pre,557,E:\甲劈微循环\data\血管数据集\分类数据集\扩充之前\images\557.jpg,HOLD,provenance and annotation semantics not yet human-approved
classification_pre,558,E:\甲劈微循环\data\血管数据集\分类数据集\扩充之前\images\558.jpg,HOLD,provenance and annotation semantics not yet human-approved
classification_pre,559,E:\甲劈微循环\data\血管数据集\分类数据集\扩充之前\images\559.jpg,HOLD,provenance and annotation semantics not yet human-approved
classification_pre,56,E:\甲劈微循环\data\血管数据集\分类数据集\扩充之前\images\56.jpg,HOLD,provenance and annotation semantics not yet human-approved
classification_pre,560,E:\甲劈微循环\data\血管数据集\分类数据集\扩充之前\images\560.jpg,HOLD,provenance and annotation semantics not yet human-approved
classification_pre,561,E:\甲劈微循环\data\血管数据集\分类数据集\扩充之前\images\561.jpg,HOLD,provenance and annotation semantics not yet human-approved
classification_pre,562,E:\甲劈微循环\data\血管数据集\分类数据集\扩充之前\images\562.jpg,HOLD,provenance and annotation semantics not yet human-approved
classification_pre,563,E:\甲劈微循环\data\血管数据集\分类数据集\扩充之前\images\563.jpg,HOLD,provenance and annotation semantics not yet human-approved
classification_pre,564,E:\甲劈微循环\data\血管数据集\分类数据集\扩充之前\images\564.jpg,HOLD,provenance and annotation semantics not yet human-approved
classification_pre,565,E:\甲劈微循环\data\血管数据集\分类数据集\扩充之前\images\565.jpg,HOLD,provenance and annotation semantics not yet human-approved
classification_pre,566,E:\甲劈微循环\data\血管数据集\分类数据集\扩充之前\images\566.jpg,HOLD,provenance and annotation semantics not yet human-approved
classification_pre,567,E:\甲劈微循环\data\血管数据集\分类数据集\扩充之前\images\567.jpg,HOLD,provenance and annotation semantics not yet human-approved
classification_pre,568,E:\甲劈微循环\data\血管数据集\分类数据集\扩充之前\images\568.jpg,HOLD,provenance and annotation semantics not yet human-approved
classification_pre,569,E:\甲劈微循环\data\血管数据集\分类数据集\扩充之前\images\569.jpg,HOLD,provenance and annotation semantics not yet human-approved
classification_pre,570,E:\甲劈微循环\data\血管数据集\分类数据集\扩充之前\images\570.jpg,HOLD,provenance and annotation semantics not yet human-approved
classification_pre,571,E:\甲劈微循环\data\血管数据集\分类数据集\扩充之前\images\571.jpg,HOLD,provenance and annotation semantics not yet human-approved
classification_pre,572,E:\甲劈微循环\data\血管数据集\分类数据集\扩充之前\images\572.jpg,HOLD,provenance and annotation semantics not yet human-approved
classification_pre,573,E:\甲劈微循环\data\血管数据集\分类数据集\扩充之前\images\573.jpg,HOLD,provenance and annotation semantics not yet human-approved
classification_pre,574,E:\甲劈微循环\data\血管数据集\分类数据集\扩充之前\images\574.jpg,HOLD,provenance and annotation semantics not yet human-approved
classification_pre,575,E:\甲劈微循环\data\血管数据集\分类数据集\扩充之前\images\575.jpg,HOLD,provenance and annotation semantics not yet human-approved
classification_pre,576,E:\甲劈微循环\data\血管数据集\分类数据集\扩充之前\images\576.jpg,HOLD,provenance and annotation semantics not yet human-approved
classification_pre,578,E:\甲劈微循环\data\血管数据集\分类数据集\扩充之前\images\578.jpg,HOLD,provenance and annotation semantics not yet human-approved
classification_pre,579,E:\甲劈微循环\data\血管数据集\分类数据集\扩充之前\images\579.jpg,HOLD,provenance and annotation semantics not yet human-approved
classification_pre,58,E:\甲劈微循环\data\血管数据集\分类数据集\扩充之前\images\58.jpg,HOLD,provenance and annotation semantics not yet human-approved
classification_pre,580,E:\甲劈微循环\data\血管数据集\分类数据集\扩充之前\images\580.jpg,HOLD,provenance and annotation semantics not yet human-approved
classification_pre,581,E:\甲劈微循环\data\血管数据集\分类数据集\扩充之前\images\581.jpg,HOLD,provenance and annotation semantics not yet human-approved
classification_pre,582,E:\甲劈微循环\data\血管数据集\分类数据集\扩充之前\images\582.jpg,HOLD,provenance and annotation semantics not yet human-approved
classification_pre,59,E:\甲劈微循环\data\血管数据集\分类数据集\扩充之前\images\59.jpg,HOLD,provenance and annotation semantics not yet human-approved
classification_pre,6,E:\甲劈微循环\data\血管数据集\分类数据集\扩充之前\images\6.jpg,HOLD,provenance and annotation semantics not yet human-approved
classification_pre,61,E:\甲劈微循环\data\血管数据集\分类数据集\扩充之前\images\61.jpg,HOLD,provenance and annotation semantics not yet human-approved
classification_pre,62,E:\甲劈微循环\data\血管数据集\分类数据集\扩充之前\images\62.jpg,HOLD,provenance and annotation semantics not yet human-approved
classification_pre,63,E:\甲劈微循环\data\血管数据集\分类数据集\扩充之前\images\63.jpg,HOLD,provenance and annotation semantics not yet human-approved
classification_pre,64,E:\甲劈微循环\data\血管数据集\分类数据集\扩充之前\images\64.jpg,HOLD,provenance and annotation semantics not yet human-approved
classification_pre,65,E:\甲劈微循环\data\血管数据集\分类数据集\扩充之前\images\65.jpg,HOLD,provenance and annotation semantics not yet human-approved
classification_pre,66,E:\甲劈微循环\data\血管数据集\分类数据集\扩充之前\images\66.jpg,HOLD,provenance and annotation semantics not yet human-approved
classification_pre,67,E:\甲劈微循环\data\血管数据集\分类数据集\扩充之前\images\67.jpg,HOLD,provenance and annotation semantics not yet human-approved
classification_pre,68,E:\甲劈微循环\data\血管数据集\分类数据集\扩充之前\images\68.jpg,HOLD,provenance and annotation semantics not yet human-approved
classification_pre,7,E:\甲劈微循环\data\血管数据集\分类数据集\扩充之前\images\7.jpg,HOLD,provenance and annotation semantics not yet human-approved
classification_pre,71,E:\甲劈微循环\data\血管数据集\分类数据集\扩充之前\images\71.jpg,HOLD,provenance and annotation semantics not yet human-approved
classification_pre,72,E:\甲劈微循环\data\血管数据集\分类数据集\扩充之前\images\72.jpg,HOLD,provenance and annotation semantics not yet human-approved
classification_pre,73,E:\甲劈微循环\data\血管数据集\分类数据集\扩充之前\images\73.jpg,HOLD,provenance and annotation semantics not yet human-approved
classification_pre,75,E:\甲劈微循环\data\血管数据集\分类数据集\扩充之前\images\75.jpg,HOLD,provenance and annotation semantics not yet human-approved
classification_pre,76,E:\甲劈微循环\data\血管数据集\分类数据集\扩充之前\images\76.jpg,HOLD,provenance and annotation semantics not yet human-approved
classification_pre,77,E:\甲劈微循环\data\血管数据集\分类数据集\扩充之前\images\77.jpg,HOLD,provenance and annotation semantics not yet human-approved
classification_pre,78,E:\甲劈微循环\data\血管数据集\分类数据集\扩充之前\images\78.jpg,HOLD,provenance and annotation semantics not yet human-approved
classification_pre,8,E:\甲劈微循环\data\血管数据集\分类数据集\扩充之前\images\8.jpg,HOLD,provenance and annotation semantics not yet human-approved
classification_pre,80,E:\甲劈微循环\data\血管数据集\分类数据集\扩充之前\images\80.jpg,HOLD,provenance and annotation semantics not yet human-approved
classification_pre,81,E:\甲劈微循环\data\血管数据集\分类数据集\扩充之前\images\81.jpg,HOLD,provenance and annotation semantics not yet human-approved
classification_pre,82,E:\甲劈微循环\data\血管数据集\分类数据集\扩充之前\images\82.jpg,HOLD,provenance and annotation semantics not yet human-approved
classification_pre,83,E:\甲劈微循环\data\血管数据集\分类数据集\扩充之前\images\83.jpg,HOLD,provenance and annotation semantics not yet human-approved
classification_pre,84,E:\甲劈微循环\data\血管数据集\分类数据集\扩充之前\images\84.jpg,HOLD,provenance and annotation semantics not yet human-approved
classification_pre,85,E:\甲劈微循环\data\血管数据集\分类数据集\扩充之前\images\85.jpg,HOLD,provenance and annotation semantics not yet human-approved
classification_pre,86,E:\甲劈微循环\data\血管数据集\分类数据集\扩充之前\images\86.jpg,HOLD,provenance and annotation semantics not yet human-approved
classification_pre,87,E:\甲劈微循环\data\血管数据集\分类数据集\扩充之前\images\87.jpg,HOLD,provenance and annotation semantics not yet human-approved
classification_pre,88,E:\甲劈微循环\data\血管数据集\分类数据集\扩充之前\images\88.jpg,HOLD,provenance and annotation semantics not yet human-approved
classification_pre,89,E:\甲劈微循环\data\血管数据集\分类数据集\扩充之前\images\89.jpg,HOLD,provenance and annotation semantics not yet human-approved
classification_pre,9,E:\甲劈微循环\data\血管数据集\分类数据集\扩充之前\images\9.jpg,HOLD,provenance and annotation semantics not yet human-approved
classification_pre,90,E:\甲劈微循环\data\血管数据集\分类数据集\扩充之前\images\90.jpg,HOLD,provenance and annotation semantics not yet human-approved
classification_pre,91,E:\甲劈微循环\data\血管数据集\分类数据集\扩充之前\images\91.jpg,HOLD,provenance and annotation semantics not yet human-approved
classification_pre,92,E:\甲劈微循环\data\血管数据集\分类数据集\扩充之前\images\92.jpg,HOLD,provenance and annotation semantics not yet human-approved
classification_pre,93,E:\甲劈微循环\data\血管数据集\分类数据集\扩充之前\images\93.jpg,HOLD,provenance and annotation semantics not yet human-approved
classification_pre,94,E:\甲劈微循环\data\血管数据集\分类数据集\扩充之前\images\94.jpg,HOLD,provenance and annotation semantics not yet human-approved
classification_pre,95,E:\甲劈微循环\data\血管数据集\分类数据集\扩充之前\images\95.jpg,HOLD,provenance and annotation semantics not yet human-approved
classification_pre,97,E:\甲劈微循环\data\血管数据集\分类数据集\扩充之前\images\97.jpg,HOLD,provenance and annotation semantics not yet human-approved
classification_pre,98,E:\甲劈微循环\data\血管数据集\分类数据集\扩充之前\images\98.jpg,HOLD,provenance and annotation semantics not yet human-approved
classification_pre,99,E:\甲劈微循环\data\血管数据集\分类数据集\扩充之前\images\99.jpg,HOLD,provenance and annotation semantics not yet human-approved
