review_id,asset_path,case_id,source_layer,issue_category,reviewer,review_time,decision,reason,corrected_value,evidence_path
LOCKED-R1-BATCH,BATCH:locked_exclusion_manifest.csv,17 locked cases,classification_pre+classification_aug,locked_overlap,用户,2026-08-30,EXCLUDE_LOCKED,已核对17个locked病例，32个原图及640个增强派生物全部列入排除表,,locked_exclusion_manifest.csv
AI-R1-1-classification_quality,E:\甲劈微循环\data\血管数据集\分类数据集\扩充之前\images\1.jpg,1,classification_pre,classification_quality,用户,2026-08-30,HOLD,画质有些模糊，但是血管和血色清晰可见；XML配对和来源仍需确认,,ai_visual_pre_review_round1.md
AI-R1-100-classification_quality,E:\甲劈微循环\data\血管数据集\分类数据集\扩充之前\images\100.jpg,100,classification_pre,classification_quality,用户,2026-08-30,REPAIR_REQUIRED,已人工确认100.jpg与100.xml真实对应；XML内filename误写为143.jpg，仅需在派生副本修正filename元数据,,ai_visual_pre_review_round1.md;xml_pair_check_round1.csv
AI-R1-143-classification_quality,E:\甲劈微循环\data\血管数据集\分类数据集\扩充之前\images\143.jpg,143,classification_pre,classification_quality,用户,2026-08-30,REPAIR_REQUIRED,已人工确认143.jpg与143.xml真实对应；XML内filename误写为178.jpg，仅需在派生副本修正filename元数据,,ai_visual_pre_review_round1.md;xml_pair_check_round1.csv
AI-R1-200-classification_quality,E:\甲劈微循环\data\血管数据集\分类数据集\扩充之前\images\200.jpg,200,classification_pre,classification_quality,用户,2026-08-30,REPAIR_REQUIRED,已人工确认200.jpg与200.xml真实对应；XML内filename误写为26.jpg，仅需在派生副本修正filename元数据,,ai_visual_pre_review_round1.md;xml_pair_check_round1.csv
AI-R1-300-classification_quality,E:\甲劈微循环\data\血管数据集\分类数据集\扩充之前\images\300.jpg,300,classification_pre,classification_quality,用户,2026-08-30,REPAIR_REQUIRED,已人工确认300.jpg与300.xml真实对应；XML内filename误写为340.jpg，仅需在派生副本修正filename元数据,,ai_visual_pre_review_round1.md;xml_pair_check_round1.csv
AI-R1-315-xml_pairing,E:\甲劈微循环\data\血管数据集\分类数据集\扩充之前\images\315.jpg,315,classification_pre,xml_pairing,用户,2026-08-30,REPAIR_REQUIRED,已人工确认315.jpg与315.xml真实对应；XML内filename误写为351.jpg且尺寸为0×0，仅需在派生副本修正filename和尺寸元数据,,ai_visual_pre_review_round1.md;xml_pair_check_round1.csv
AI-R1-1-segmentation_pairing,E:\甲劈微循环\data\血管数据集\分割数据集\images\1.jpg,1,segmentation,segmentation_pairing,用户,2026-08-30,HOLD,超级模糊且视野暗，无法分辨血管的形状和颜色；不能确认JSON-image-mask配对,,ai_visual_pre_review_round1.md
AI-R1-100-segmentation_pairing,E:\甲劈微循环\data\血管数据集\分割数据集\images\100.jpg,100,segmentation,segmentation_pairing,用户,2026-08-30,HOLD,图像模糊，只能稍微看到血管形状；不能确认JSON-image-mask配对,,ai_visual_pre_review_round1.md
AI-R1-1000-segmentation_pairing,E:\甲劈微循环\data\血管数据集\分割数据集\images\1000.jpg,1000,segmentation,segmentation_pairing,用户,2026-08-30,HOLD,超级模糊，无法分辨血管形状，只能看到少量颜色；不能确认JSON-image-mask配对,,ai_visual_pre_review_round1.md
AI-R1-2000-segmentation_pairing,E:\甲劈微循环\data\血管数据集\分割数据集\images\2000.jpg,2000,segmentation,segmentation_pairing,用户,2026-08-30,HOLD,图像模糊且视野暗，有模糊形状和颜色；不能确认JSON-image-mask配对,,ai_visual_pre_review_round1.md
