exam_case_id,archive,y_true,loop_value,probability,prediction,abstain_margin,abstain
recovered_archive1/23,recovered_archive1,0,121.0,0.85338175,1,0.19650185108184814,False
recovered_archive1/36,recovered_archive1,0,70.0,0.08014859,0,0.19650185108184814,False
recovered_archive1/39,recovered_archive1,1,369.0,0.6962096,1,0.19650185108184814,True
recovered_archive1/55,recovered_archive1,1,297.0,0.87272245,1,0.19650185108184814,False
recovered_archive1/63,recovered_archive1,0,155.0,0.5043248,1,0.19650185108184814,True
recovered_archive1/65,recovered_archive1,0,230.0,0.3773467,0,0.19650185108184814,True
recovered_archive1/73,recovered_archive1,1,373.0,0.5485615,1,0.19650185108184814,True
recovered_archive1/75,recovered_archive1,1,343.0,0.60496795,1,0.19650185108184814,True
recovered_archive1/77,recovered_archive1,0,228.0,0.8014654,1,0.19650185108184814,False
recovered_archive1/79,recovered_archive1,0,225.0,0.11749873,0,0.19650185108184814,False
recovered_archive1/91,recovered_archive1,0,115.0,0.34822217,0,0.19650185108184814,True
recovered_archive1/93,recovered_archive1,0,129.0,0.019357197,0,0.19650185108184814,False
recovered_archive1/98,recovered_archive1,1,280.0,0.81547624,1,0.19650185108184814,False
recovered_archive2/102,recovered_archive2,1,465.0,0.92755145,1,0.19650185108184814,False
recovered_archive2/131,recovered_archive2,0,130.0,0.77471244,1,0.19650185108184814,False
recovered_archive2/134,recovered_archive2,0,198.0,0.75472194,1,0.19650185108184814,False
recovered_archive2/138,recovered_archive2,1,311.0,0.83364666,1,0.19650185108184814,False
recovered_archive2/140,recovered_archive2,1,347.0,0.6385821,1,0.19650185108184814,True
recovered_archive2/143,recovered_archive2,1,256.0,0.44882998,0,0.19650185108184814,True
recovered_archive2/153,recovered_archive2,0,174.0,0.17079298,0,0.19650185108184814,False
recovered_archive2/154,recovered_archive2,1,304.0,0.15954843,0,0.19650185108184814,False
recovered_archive2/156,recovered_archive2,1,353.0,0.8205581,1,0.19650185108184814,False
recovered_archive2/157,recovered_archive2,0,242.0,0.81910264,1,0.19650185108184814,False
recovered_archive2/166,recovered_archive2,0,144.0,0.1975604,0,0.19650185108184814,False
recovered_archive2/177,recovered_archive2,0,184.0,0.5279934,1,0.19650185108184814,True
recovered_archive2/182,recovered_archive2,1,271.0,0.47641483,0,0.19650185108184814,True
recovered_archive2/185,recovered_archive2,1,303.0,0.7567955,1,0.19650185108184814,False
recovered_archive2/187,recovered_archive2,1,299.0,0.6016203,1,0.19650185108184814,True
recovered_archive2/190,recovered_archive2,0,183.0,0.54119885,1,0.19650185108184814,True
recovered_archive2/192,recovered_archive2,1,261.0,0.5305811,1,0.19650185108184814,True
recovered_archive2/193,recovered_archive2,1,404.0,0.9268939,1,0.19650185108184814,False
recovered_archive2/195,recovered_archive2,1,459.0,0.58532095,1,0.19650185108184814,True
recovered_archive2/196,recovered_archive2,0,123.0,0.14212242,0,0.19650185108184814,False
recovered_archive3/203,recovered_archive3,1,322.0,0.5323499,1,0.19650185108184814,True
recovered_archive3/205,recovered_archive3,1,292.0,0.68363535,1,0.19650185108184814,True
recovered_archive3/208,recovered_archive3,1,449.0,0.7011029,1,0.19650185108184814,False
recovered_archive3/217,recovered_archive3,0,227.0,0.6715063,1,0.19650185108184814,True
recovered_archive3/219,recovered_archive3,0,167.0,0.56793934,1,0.19650185108184814,True
recovered_archive3/226,recovered_archive3,0,100.0,0.057398725,0,0.19650185108184814,False
recovered_archive3/230,recovered_archive3,0,185.0,0.5583785,1,0.19650185108184814,True
recovered_archive3/236,recovered_archive3,1,260.0,0.71155965,1,0.19650185108184814,False
recovered_archive3/244,recovered_archive3,1,371.0,0.82238275,1,0.19650185108184814,False
recovered_archive3/247,recovered_archive3,1,380.0,0.87131274,1,0.19650185108184814,False
recovered_archive3/249,recovered_archive3,0,143.0,0.10518054,0,0.19650185108184814,False
recovered_archive3/258,recovered_archive3,0,132.0,0.49240518,0,0.19650185108184814,True
