exam_case_id,archive,source,y_true,pred,p1,abstain,margin,n_train
recovered_archive1/1,recovered_archive1,dev,0,0,,False,0.0,157
recovered_archive1/100,recovered_archive1,dev,1,0,,False,0.0,157
recovered_archive1/23,recovered_archive1,locked,0,0,,False,0.0,157
recovered_archive1/24,recovered_archive1,dev,0,0,,False,0.0,157
recovered_archive1/28,recovered_archive1,dev,0,0,,False,0.0,157
recovered_archive1/29,recovered_archive1,dev,1,0,,False,0.0,157
recovered_archive1/30,recovered_archive1,dev,0,0,,False,0.0,157
recovered_archive1/31,recovered_archive1,dev,0,0,,False,0.0,157
recovered_archive1/32,recovered_archive1,dev,2,2,,False,0.0,157
recovered_archive1/33,recovered_archive1,dev,0,0,,False,0.0,157
recovered_archive1/34,recovered_archive1,dev,0,0,,False,0.0,157
recovered_archive1/35,recovered_archive1,dev,0,1,,False,0.0,157
recovered_archive1/36,recovered_archive1,locked,0,0,,False,0.0,157
recovered_archive1/37,recovered_archive1,dev,0,1,,False,0.0,157
recovered_archive1/38,recovered_archive1,dev,0,0,,False,0.0,157
recovered_archive1/39,recovered_archive1,locked,1,0,,False,0.0,157
recovered_archive1/40,recovered_archive1,dev,0,0,,False,0.0,157
recovered_archive1/41,recovered_archive1,dev,2,0,,False,0.0,157
recovered_archive1/42,recovered_archive1,dev,2,0,,False,0.0,157
recovered_archive1/44,recovered_archive1,dev,0,1,,False,0.0,157
recovered_archive1/45,recovered_archive1,dev,0,0,,False,0.0,157
recovered_archive1/46,recovered_archive1,dev,0,0,,False,0.0,157
recovered_archive1/47,recovered_archive1,dev,0,0,,False,0.0,157
recovered_archive1/48,recovered_archive1,dev,2,0,,False,0.0,157
recovered_archive1/49,recovered_archive1,dev,0,0,,False,0.0,157
recovered_archive1/52,recovered_archive1,dev,0,0,,False,0.0,157
recovered_archive1/53,recovered_archive1,dev,1,0,,False,0.0,157
recovered_archive1/54,recovered_archive1,dev,0,0,,False,0.0,157
recovered_archive1/55,recovered_archive1,locked,1,0,,False,0.0,157
recovered_archive1/57,recovered_archive1,dev,0,2,,False,0.0,157
recovered_archive1/59,recovered_archive1,dev,0,0,,False,0.0,157
recovered_archive1/60,recovered_archive1,dev,0,0,,False,0.0,157
recovered_archive1/61,recovered_archive1,dev,0,1,,False,0.0,157
recovered_archive1/62,recovered_archive1,dev,0,0,,False,0.0,157
recovered_archive1/63,recovered_archive1,locked,1,0,,False,0.0,157
recovered_archive1/64,recovered_archive1,dev,0,0,,False,0.0,157
recovered_archive1/65,recovered_archive1,locked,0,0,,False,0.0,157
recovered_archive1/66,recovered_archive1,dev,1,0,,False,0.0,157
recovered_archive1/67,recovered_archive1,dev,1,1,,False,0.0,157
recovered_archive1/68,recovered_archive1,dev,0,0,,False,0.0,157
recovered_archive1/69,recovered_archive1,dev,0,1,,False,0.0,157
recovered_archive1/70,recovered_archive1,dev,0,0,,False,0.0,157
recovered_archive1/71,recovered_archive1,dev,1,0,,False,0.0,157
recovered_archive1/72,recovered_archive1,dev,0,0,,False,0.0,157
recovered_archive1/73,recovered_archive1,locked,0,0,,False,0.0,157
recovered_archive1/74,recovered_archive1,dev,0,0,,False,0.0,157
recovered_archive1/75,recovered_archive1,locked,0,0,,False,0.0,157
recovered_archive1/76,recovered_archive1,dev,0,0,,False,0.0,157
recovered_archive1/77,recovered_archive1,locked,0,0,,False,0.0,157
recovered_archive1/78,recovered_archive1,dev,1,0,,False,0.0,157
recovered_archive1/79,recovered_archive1,locked,1,0,,False,0.0,157
recovered_archive1/80,recovered_archive1,dev,0,0,,False,0.0,157
recovered_archive1/81,recovered_archive1,dev,0,0,,False,0.0,157
recovered_archive1/82,recovered_archive1,dev,0,0,,False,0.0,157
recovered_archive1/83,recovered_archive1,dev,0,1,,False,0.0,157
recovered_archive1/84,recovered_archive1,dev,2,1,,False,0.0,157
recovered_archive1/85,recovered_archive1,dev,0,0,,False,0.0,157
recovered_archive1/86,recovered_archive1,dev,0,0,,False,0.0,157
recovered_archive1/88,recovered_archive1,locked,0,0,,False,0.0,157
recovered_archive1/89,recovered_archive1,dev,0,1,,False,0.0,157
recovered_archive1/9,recovered_archive1,dev,0,0,,False,0.0,157
recovered_archive1/90,recovered_archive1,dev,0,0,,False,0.0,157
recovered_archive1/91,recovered_archive1,locked,1,0,,False,0.0,157
recovered_archive1/92,recovered_archive1,dev,0,0,,False,0.0,157
recovered_archive1/93,recovered_archive1,locked,2,2,,False,0.0,157
recovered_archive1/94,recovered_archive1,dev,1,0,,False,0.0,157
recovered_archive1/95,recovered_archive1,dev,0,0,,False,0.0,157
recovered_archive1/96,recovered_archive1,dev,0,0,,False,0.0,157
recovered_archive1/97,recovered_archive1,dev,1,0,,False,0.0,157
recovered_archive1/98,recovered_archive1,locked,0,0,,False,0.0,157
recovered_archive1/99,recovered_archive1,dev,0,1,,False,0.0,157
recovered_archive2/101,recovered_archive2,dev,0,0,,False,0.0,132
recovered_archive2/102,recovered_archive2,locked,0,0,,False,0.0,132
recovered_archive2/103,recovered_archive2,dev,1,0,,False,0.0,132
recovered_archive2/104,recovered_archive2,dev,2,2,,False,0.0,132
recovered_archive2/105,recovered_archive2,dev,1,0,,False,0.0,132
recovered_archive2/106,recovered_archive2,dev,1,0,,False,0.0,132
recovered_archive2/107,recovered_archive2,dev,0,0,,False,0.0,132
recovered_archive2/108,recovered_archive2,dev,0,0,,False,0.0,132
recovered_archive2/109,recovered_archive2,dev,0,0,,False,0.0,132
recovered_archive2/110,recovered_archive2,dev,1,0,,False,0.0,132
recovered_archive2/111,recovered_archive2,dev,0,0,,False,0.0,132
recovered_archive2/112,recovered_archive2,dev,2,2,,False,0.0,132
recovered_archive2/113,recovered_archive2,dev,2,0,,False,0.0,132
recovered_archive2/114,recovered_archive2,dev,1,0,,False,0.0,132
recovered_archive2/115,recovered_archive2,dev,0,0,,False,0.0,132
recovered_archive2/116,recovered_archive2,dev,0,0,,False,0.0,132
recovered_archive2/117,recovered_archive2,dev,1,0,,False,0.0,132
recovered_archive2/118,recovered_archive2,dev,0,0,,False,0.0,132
recovered_archive2/119,recovered_archive2,dev,0,0,,False,0.0,132
recovered_archive2/120,recovered_archive2,dev,0,0,,False,0.0,132
recovered_archive2/121,recovered_archive2,dev,0,1,,False,0.0,132
recovered_archive2/122,recovered_archive2,dev,0,0,,False,0.0,132
recovered_archive2/123,recovered_archive2,dev,1,0,,False,0.0,132
recovered_archive2/124,recovered_archive2,dev,0,0,,False,0.0,132
recovered_archive2/125,recovered_archive2,dev,1,0,,False,0.0,132
recovered_archive2/126,recovered_archive2,dev,0,2,,False,0.0,132
recovered_archive2/127,recovered_archive2,dev,0,0,,False,0.0,132
recovered_archive2/128,recovered_archive2,dev,1,0,,False,0.0,132
recovered_archive2/129,recovered_archive2,dev,0,0,,False,0.0,132
recovered_archive2/130,recovered_archive2,dev,0,0,,False,0.0,132
recovered_archive2/131,recovered_archive2,locked,0,0,,False,0.0,132
recovered_archive2/132,recovered_archive2,dev,0,0,,False,0.0,132
recovered_archive2/134,recovered_archive2,locked,0,0,,False,0.0,132
recovered_archive2/135,recovered_archive2,dev,1,0,,False,0.0,132
recovered_archive2/136,recovered_archive2,dev,0,0,,False,0.0,132
recovered_archive2/138,recovered_archive2,locked,1,0,,False,0.0,132
recovered_archive2/139,recovered_archive2,dev,1,0,,False,0.0,132
recovered_archive2/140,recovered_archive2,locked,0,0,,False,0.0,132
recovered_archive2/141,recovered_archive2,dev,1,0,,False,0.0,132
recovered_archive2/142,recovered_archive2,dev,0,0,,False,0.0,132
recovered_archive2/143,recovered_archive2,locked,0,0,,False,0.0,132
recovered_archive2/144,recovered_archive2,dev,0,0,,False,0.0,132
recovered_archive2/145,recovered_archive2,dev,0,0,,False,0.0,132
recovered_archive2/146,recovered_archive2,dev,0,0,,False,0.0,132
recovered_archive2/147,recovered_archive2,dev,1,0,,False,0.0,132
recovered_archive2/148,recovered_archive2,dev,0,0,,False,0.0,132
recovered_archive2/149,recovered_archive2,dev,0,0,,False,0.0,132
recovered_archive2/150,recovered_archive2,dev,1,0,,False,0.0,132
recovered_archive2/151,recovered_archive2,dev,1,0,,False,0.0,132
recovered_archive2/152,recovered_archive2,dev,0,0,,False,0.0,132
recovered_archive2/153,recovered_archive2,locked,0,0,,False,0.0,132
recovered_archive2/154,recovered_archive2,locked,1,0,,False,0.0,132
recovered_archive2/155,recovered_archive2,dev,0,0,,False,0.0,132
recovered_archive2/156,recovered_archive2,locked,0,0,,False,0.0,132
recovered_archive2/157,recovered_archive2,locked,0,0,,False,0.0,132
recovered_archive2/158,recovered_archive2,dev,0,0,,False,0.0,132
recovered_archive2/159,recovered_archive2,dev,1,0,,False,0.0,132
recovered_archive2/161,recovered_archive2,dev,0,0,,False,0.0,132
recovered_archive2/162,recovered_archive2,dev,0,0,,False,0.0,132
recovered_archive2/163,recovered_archive2,dev,1,0,,False,0.0,132
recovered_archive2/164,recovered_archive2,dev,1,0,,False,0.0,132
recovered_archive2/165,recovered_archive2,dev,1,0,,False,0.0,132
recovered_archive2/166,recovered_archive2,locked,1,0,,False,0.0,132
recovered_archive2/167,recovered_archive2,dev,0,0,,False,0.0,132
recovered_archive2/168,recovered_archive2,dev,0,0,,False,0.0,132
recovered_archive2/169,recovered_archive2,dev,1,0,,False,0.0,132
recovered_archive2/170,recovered_archive2,dev,0,0,,False,0.0,132
recovered_archive2/171,recovered_archive2,dev,0,0,,False,0.0,132
recovered_archive2/172,recovered_archive2,dev,0,0,,False,0.0,132
recovered_archive2/173,recovered_archive2,dev,0,0,,False,0.0,132
recovered_archive2/174,recovered_archive2,dev,0,1,,False,0.0,132
recovered_archive2/175,recovered_archive2,dev,0,0,,False,0.0,132
recovered_archive2/176,recovered_archive2,dev,0,0,,False,0.0,132
recovered_archive2/177,recovered_archive2,locked,1,0,,False,0.0,132
recovered_archive2/178,recovered_archive2,dev,0,0,,False,0.0,132
recovered_archive2/179,recovered_archive2,dev,0,0,,False,0.0,132
recovered_archive2/180,recovered_archive2,dev,1,0,,False,0.0,132
recovered_archive2/181,recovered_archive2,dev,0,0,,False,0.0,132
recovered_archive2/182,recovered_archive2,locked,0,0,,False,0.0,132
recovered_archive2/183,recovered_archive2,dev,0,0,,False,0.0,132
recovered_archive2/184,recovered_archive2,dev,0,0,,False,0.0,132
recovered_archive2/185,recovered_archive2,locked,0,0,,False,0.0,132
recovered_archive2/186,recovered_archive2,dev,0,0,,False,0.0,132
recovered_archive2/187,recovered_archive2,locked,0,0,,False,0.0,132
recovered_archive2/189,recovered_archive2,dev,1,0,,False,0.0,132
recovered_archive2/190,recovered_archive2,locked,0,0,,False,0.0,132
recovered_archive2/191,recovered_archive2,dev,0,0,,False,0.0,132
recovered_archive2/192,recovered_archive2,locked,1,0,,False,0.0,132
recovered_archive2/193,recovered_archive2,locked,0,0,,False,0.0,132
recovered_archive2/194,recovered_archive2,dev,2,1,,False,0.0,132
recovered_archive2/195,recovered_archive2,locked,0,0,,False,0.0,132
recovered_archive2/196,recovered_archive2,locked,0,0,,False,0.0,132
recovered_archive2/197,recovered_archive2,dev,0,0,,False,0.0,132
recovered_archive2/198,recovered_archive2,dev,1,0,,False,0.0,132
recovered_archive2/199,recovered_archive2,dev,1,0,,False,0.0,132
recovered_archive2/200,recovered_archive2,dev,0,0,,False,0.0,132
recovered_archive3/201,recovered_archive3,dev,0,0,,False,0.0,167
recovered_archive3/202,recovered_archive3,dev,2,0,,False,0.0,167
recovered_archive3/203,recovered_archive3,locked,0,0,,False,0.0,167
recovered_archive3/204,recovered_archive3,dev,0,0,,False,0.0,167
recovered_archive3/205,recovered_archive3,locked,1,0,,False,0.0,167
recovered_archive3/206,recovered_archive3,dev,0,0,,False,0.0,167
recovered_archive3/207,recovered_archive3,dev,0,0,,False,0.0,167
recovered_archive3/208,recovered_archive3,locked,0,0,,False,0.0,167
recovered_archive3/209,recovered_archive3,dev,1,0,,False,0.0,167
recovered_archive3/210,recovered_archive3,dev,1,0,,False,0.0,167
recovered_archive3/211,recovered_archive3,dev,0,0,,False,0.0,167
recovered_archive3/212,recovered_archive3,dev,2,0,,False,0.0,167
recovered_archive3/213,recovered_archive3,dev,0,0,,False,0.0,167
recovered_archive3/214,recovered_archive3,dev,1,0,,False,0.0,167
recovered_archive3/215,recovered_archive3,dev,0,0,,False,0.0,167
recovered_archive3/216,recovered_archive3,dev,1,0,,False,0.0,167
recovered_archive3/217,recovered_archive3,locked,0,0,,False,0.0,167
recovered_archive3/218,recovered_archive3,dev,1,0,,False,0.0,167
recovered_archive3/219,recovered_archive3,locked,2,1,,False,0.0,167
recovered_archive3/220,recovered_archive3,dev,0,0,,False,0.0,167
recovered_archive3/221,recovered_archive3,dev,0,0,,False,0.0,167
recovered_archive3/222,recovered_archive3,dev,0,0,,False,0.0,167
recovered_archive3/224,recovered_archive3,dev,1,0,,False,0.0,167
recovered_archive3/225,recovered_archive3,dev,0,0,,False,0.0,167
recovered_archive3/226,recovered_archive3,locked,0,0,,False,0.0,167
recovered_archive3/227,recovered_archive3,dev,2,0,,False,0.0,167
recovered_archive3/228,recovered_archive3,dev,0,0,,False,0.0,167
recovered_archive3/229,recovered_archive3,dev,0,0,,False,0.0,167
recovered_archive3/230,recovered_archive3,locked,0,0,,False,0.0,167
recovered_archive3/231,recovered_archive3,dev,0,0,,False,0.0,167
recovered_archive3/232,recovered_archive3,dev,0,0,,False,0.0,167
recovered_archive3/233,recovered_archive3,dev,2,0,,False,0.0,167
recovered_archive3/234,recovered_archive3,dev,2,0,,False,0.0,167
recovered_archive3/235,recovered_archive3,dev,0,0,,False,0.0,167
recovered_archive3/236,recovered_archive3,locked,1,0,,False,0.0,167
recovered_archive3/237,recovered_archive3,dev,0,0,,False,0.0,167
recovered_archive3/241,recovered_archive3,dev,1,0,,False,0.0,167
recovered_archive3/242,recovered_archive3,dev,0,0,,False,0.0,167
recovered_archive3/243,recovered_archive3,dev,0,0,,False,0.0,167
recovered_archive3/244,recovered_archive3,locked,0,0,,False,0.0,167
recovered_archive3/246,recovered_archive3,dev,0,0,,False,0.0,167
recovered_archive3/247,recovered_archive3,locked,0,0,,False,0.0,167
recovered_archive3/248,recovered_archive3,dev,0,0,,False,0.0,167
recovered_archive3/249,recovered_archive3,locked,0,0,,False,0.0,167
recovered_archive3/250,recovered_archive3,dev,0,0,,False,0.0,167
recovered_archive3/251,recovered_archive3,dev,0,0,,False,0.0,167
recovered_archive3/252,recovered_archive3,dev,0,0,,False,0.0,167
recovered_archive3/253,recovered_archive3,dev,0,0,,False,0.0,167
recovered_archive3/254,recovered_archive3,dev,1,0,,False,0.0,167
recovered_archive3/256,recovered_archive3,dev,0,0,,False,0.0,167
recovered_archive3/257,recovered_archive3,dev,0,0,,False,0.0,167
recovered_archive3/258,recovered_archive3,locked,2,0,,False,0.0,167
recovered_archive3/259,recovered_archive3,dev,0,0,,False,0.0,167
recovered_archive3/260,recovered_archive3,dev,1,0,,False,0.0,167
recovered_archive3/261,recovered_archive3,dev,2,0,,False,0.0,167
recovered_archive3/262,recovered_archive3,dev,0,0,,False,0.0,167
recovered_archive3/263,recovered_archive3,dev,0,0,,False,0.0,167
recovered_archive3/264,recovered_archive3,dev,0,0,,False,0.0,167
recovered_archive3/265,recovered_archive3,dev,0,0,,False,0.0,167
recovered_archive3/266,recovered_archive3,dev,0,0,,False,0.0,167
recovered_archive3/267,recovered_archive3,dev,0,0,,False,0.0,167
