original_id,exam_case_id,n_augmentations,n_boxes_total,cls_0,cls_1,cls_2
24,recovered_archive2/114,20,120,20.0,60.0,40.0
47,recovered_archive2/183,20,160,20.0,120.0,20.0
49,recovered_archive3/206,20,140,60.0,80.0,0.0
54,recovered_archive1/47,20,100,40.0,60.0,0.0
57,recovered_archive1/100,20,220,80.0,100.0,40.0
68,recovered_archive3/246,20,200,80.0,100.0,20.0
85,recovered_archive1/29,20,120,40.0,80.0,0.0
86,recovered_archive1/29,20,80,20.0,20.0,40.0
87,recovered_archive2/191,20,180,140.0,20.0,20.0
88,recovered_archive2/118,20,120,100.0,20.0,0.0
113,recovered_archive1/71,20,200,60.0,60.0,80.0
121,recovered_archive2/171,20,160,40.0,80.0,40.0
124,recovered_archive3/267,20,180,80.0,60.0,40.0
145,recovered_archive1/28,20,120,100.0,0.0,20.0
171,recovered_archive1/96,20,160,120.0,40.0,0.0
190,recovered_archive3/262,20,200,200.0,0.0,0.0
194,recovered_archive1/45,20,40,20.0,0.0,20.0
200,recovered_archive2/132,20,160,140.0,0.0,20.0
201,recovered_archive1/71,20,220,80.0,60.0,80.0
214,recovered_archive2/136,20,120,0.0,20.0,100.0
224,recovered_archive2/123,20,180,20.0,160.0,0.0
249,recovered_archive1/72,20,260,220.0,40.0,0.0
250,recovered_archive2/168,20,140,60.0,20.0,60.0
251,recovered_archive2/132,20,120,60.0,0.0,60.0
252,recovered_archive1/72,20,240,220.0,20.0,0.0
255,recovered_archive1/95,20,180,60.0,100.0,20.0
256,recovered_archive1/95,20,160,20.0,100.0,40.0
258,recovered_archive1/60,20,180,100.0,80.0,0.0
259,recovered_archive1/95,20,220,80.0,140.0,0.0
260,recovered_archive1/95,20,220,120.0,80.0,20.0
261,recovered_archive1/29,20,100,20.0,20.0,60.0
262,recovered_archive2/118,20,200,120.0,80.0,0.0
263,recovered_archive1/28,20,100,40.0,0.0,60.0
264,recovered_archive1/60,20,160,80.0,80.0,0.0
266,recovered_archive1/60,20,200,120.0,80.0,0.0
267,recovered_archive2/149,20,160,40.0,100.0,20.0
269,recovered_archive3/206,20,120,60.0,60.0,0.0
270,recovered_archive1/60,20,180,100.0,80.0,0.0
272,recovered_archive3/225,20,60,40.0,0.0,20.0
277,recovered_archive1/53,20,80,20.0,40.0,20.0
278,recovered_archive3/228,20,160,80.0,40.0,40.0
280,recovered_archive2/162,20,140,0.0,140.0,0.0
281,recovered_archive2/168,20,140,100.0,20.0,20.0
282,recovered_archive3/231,20,60,20.0,40.0,0.0
283,recovered_archive3/215,20,140,0.0,120.0,20.0
285,recovered_archive2/162,20,240,120.0,100.0,20.0
286,recovered_archive2/150,20,80,40.0,40.0,0.0
287,recovered_archive3/204,20,140,0.0,80.0,60.0
288,recovered_archive3/215,20,120,40.0,80.0,0.0
289,recovered_archive1/46,20,140,60.0,60.0,20.0
291,recovered_archive1/92,20,180,0.0,180.0,0.0
292,recovered_archive3/246,20,160,120.0,40.0,0.0
293,recovered_archive3/266,20,140,100.0,40.0,0.0
294,recovered_archive2/116,20,160,0.0,160.0,0.0
300,recovered_archive2/109,20,140,140.0,0.0,0.0
304,recovered_archive1/47,20,120,20.0,100.0,0.0
316,recovered_archive1/92,20,200,20.0,180.0,0.0
318,recovered_archive3/222,20,120,20.0,100.0,0.0
320,recovered_archive2/117,20,160,140.0,0.0,20.0
323,recovered_archive1/46,20,120,0.0,120.0,0.0
326,recovered_archive2/176,20,240,20.0,160.0,60.0
330,recovered_archive3/267,20,140,40.0,40.0,60.0
331,recovered_archive3/222,20,160,20.0,140.0,0.0
334,recovered_archive2/150,20,60,60.0,0.0,0.0
336,recovered_archive2/123,20,120,0.0,80.0,40.0
337,recovered_archive1/100,20,80,60.0,0.0,20.0
338,recovered_archive2/158,20,100,100.0,0.0,0.0
339,recovered_archive2/172,20,100,100.0,0.0,0.0
352,recovered_archive1/29,20,100,80.0,20.0,0.0
364,recovered_archive3/262,20,160,140.0,0.0,20.0
376,recovered_archive3/262,20,160,140.0,0.0,20.0
377,recovered_archive2/122,20,60,0.0,20.0,40.0
386,recovered_archive2/127,20,120,60.0,60.0,0.0
387,recovered_archive2/109,20,80,80.0,0.0,0.0
388,recovered_archive3/262,20,100,80.0,0.0,20.0
400,recovered_archive3/262,20,180,180.0,0.0,0.0
403,recovered_archive2/123,20,160,0.0,40.0,120.0
408,recovered_archive3/266,20,100,40.0,40.0,20.0
411,recovered_archive3/220,20,160,100.0,60.0,0.0
496,recovered_archive1/71,20,160,100.0,60.0,0.0
502,recovered_archive2/189,20,40,20.0,0.0,20.0
503,recovered_archive1/66,20,60,0.0,20.0,40.0
505,recovered_archive3/262,20,160,140.0,0.0,20.0
507,recovered_archive3/246,20,140,80.0,40.0,20.0
515,recovered_archive1/100,20,80,60.0,20.0,0.0
517,recovered_archive2/130,20,160,140.0,0.0,20.0
518,recovered_archive3/246,20,140,100.0,40.0,0.0
519,recovered_archive2/107,20,80,60.0,20.0,0.0
523,recovered_archive1/30,20,240,60.0,160.0,20.0
527,recovered_archive2/123,20,140,0.0,60.0,80.0
535,recovered_archive2/189,20,140,0.0,140.0,0.0
543,recovered_archive3/262,20,120,100.0,0.0,20.0
557,recovered_archive2/189,20,60,0.0,60.0,0.0
561,recovered_archive1/100,20,60,60.0,0.0,0.0
578,recovered_archive2/123,20,160,20.0,100.0,40.0
582,recovered_archive2/189,20,80,40.0,40.0,0.0
