                  epoch,         train/box_loss,         train/cls_loss,         train/dfl_loss,   metrics/precision(B),      metrics/recall(B),       metrics/mAP50(B),    metrics/mAP50-95(B),           val/box_loss,           val/cls_loss,           val/dfl_loss,                 lr/pg0,                 lr/pg1,                 lr/pg2
                      1,                 1.9137,                  2.269,                 1.6361,                0.26997,                 0.3531,                0.27378,                 0.1053,                 1.8229,                 2.0717,                 1.6137,             0.00047395,             0.00047395,             0.00047395
                      2,                 1.7245,                 1.8247,                  1.498,                0.34466,                0.35976,                0.31756,                0.12674,                 1.7777,                 1.9059,                 1.6155,             0.00092677,             0.00092677,             0.00092677
                      3,                 1.7021,                 1.7279,                 1.4809,                0.37299,                0.41452,                0.32867,                0.13703,                 1.7728,                   1.91,                 1.5929,               0.001356,               0.001356,               0.001356
                      4,                 1.6829,                  1.668,                  1.466,                0.28231,                0.49393,                0.32077,                0.12526,                 1.8663,                 2.1375,                 1.7007,              0.0013229,              0.0013229,              0.0013229
                      5,                 1.6195,                 1.5588,                 1.4243,                0.41813,                0.45906,                0.37926,                0.15132,                 1.8792,                 1.7764,                 1.6811,              0.0012875,              0.0012875,              0.0012875
                      6,                 1.5897,                  1.466,                 1.4009,                0.44004,                0.46726,                0.40793,                0.17259,                 1.8384,                 1.7003,                 1.6565,              0.0012522,              0.0012522,              0.0012522
                      7,                 1.5595,                  1.384,                 1.3891,                0.44468,                0.48329,                0.41648,                0.17485,                 1.9196,                 1.7425,                 1.7208,              0.0012168,              0.0012168,              0.0012168
                      8,                   1.52,                  1.328,                 1.3503,                0.48176,                0.44184,                0.42972,                0.16523,                 2.0327,                 1.7376,                 1.8428,              0.0011814,              0.0011814,              0.0011814
                      9,                 1.4669,                 1.2083,                 1.3352,                0.49329,                0.46778,                 0.4317,                0.17596,                 1.9934,                 1.6935,                 1.8218,              0.0011461,              0.0011461,              0.0011461
                     10,                 1.4392,                 1.1294,                  1.308,                0.47906,                0.40321,                0.39559,                0.15799,                 2.0003,                 1.8303,                 1.8014,              0.0011107,              0.0011107,              0.0011107
                     11,                 1.4149,                  1.087,                 1.2905,                0.45933,                0.52476,                0.43946,                0.17235,                 2.0681,                 1.6429,                 1.8943,              0.0010753,              0.0010753,              0.0010753
                     12,                 1.3748,                 1.0166,                 1.2707,                0.42674,                0.45987,                0.41576,                0.16081,                 2.1303,                 1.7904,                 1.9448,                0.00104,                0.00104,                0.00104
                     13,                 1.3299,                 0.9432,                 1.2377,                0.50836,                0.49249,                0.44528,                0.18134,                 2.1401,                 1.7606,                 1.9793,              0.0010046,              0.0010046,              0.0010046
                     14,                 1.3029,                0.90701,                 1.2247,                0.46821,                0.48704,                0.43262,                0.16842,                 2.1782,                  1.755,                 2.0621,             0.00096922,             0.00096922,             0.00096922
                     15,                 1.2672,                0.85859,                 1.2009,                0.45804,                0.47211,                0.42698,                0.17443,                 2.1347,                 1.7719,                 1.9719,             0.00093385,             0.00093385,             0.00093385
                     16,                 1.2497,                0.81945,                 1.1888,                0.42594,                0.52119,                0.43189,                0.16702,                 2.1966,                 1.7149,                  2.086,             0.00089848,             0.00089848,             0.00089848
                     17,                 1.1937,                0.78589,                  1.156,                0.45859,                0.43903,                0.40608,                0.16112,                 2.1778,                 1.8976,                 2.0758,             0.00086312,             0.00086312,             0.00086312
                     18,                 1.1763,                 0.7561,                 1.1467,                0.56194,                0.43933,                 0.4596,                0.17682,                 2.1714,                 1.8421,                 2.0485,             0.00082775,             0.00082775,             0.00082775
                     19,                 1.1148,                0.71512,                  1.116,                0.49904,                 0.4744,                0.42949,                0.17788,                 2.0789,                 1.7987,                 2.0517,             0.00079238,             0.00079238,             0.00079238
                     20,                 1.1064,                0.69684,                 1.1078,                0.59816,                0.44009,                0.45152,                0.17479,                 2.2517,                 1.8331,                 2.1474,             0.00075701,             0.00075701,             0.00075701
                     21,                 1.0807,                0.67634,                 1.0877,                0.50317,                0.46139,                0.43958,                0.18317,                 2.2045,                  1.898,                 2.0794,             0.00072164,             0.00072164,             0.00072164
                     22,                 1.0414,                 0.6459,                 1.0652,                0.43323,                0.50385,                0.42112,                0.16851,                 2.2949,                 1.9467,                 2.2399,             0.00068628,             0.00068628,             0.00068628
                     23,                 1.0437,                0.64218,                  1.072,                0.49811,                0.46035,                0.44304,                  0.186,                 2.1323,                 1.9508,                 1.9841,             0.00065091,             0.00065091,             0.00065091
                     24,                 0.9947,                0.61483,                 1.0418,                0.49239,                0.43226,                0.40814,                0.16169,                 2.2627,                 1.9952,                 2.1654,             0.00061554,             0.00061554,             0.00061554
                     25,                 0.9816,                0.59961,                 1.0359,                0.46965,                0.42219,                0.40096,                0.16095,                 2.2457,                 1.9224,                 2.1387,             0.00058017,             0.00058017,             0.00058017
                     26,                 0.9844,                0.59394,                 1.0335,                0.47556,                0.40929,                0.38896,                 0.1516,                 2.2995,                 2.0105,                  2.165,             0.00054481,             0.00054481,             0.00054481
                     27,                0.92303,                 0.5706,                 1.0112,                0.43656,                0.43589,                0.40032,                0.16061,                 2.3728,                 2.0614,                 2.2618,             0.00050944,             0.00050944,             0.00050944
                     28,                0.89062,                0.54401,                0.99541,                0.48647,                 0.4069,                0.39416,                 0.1568,                 2.3766,                 2.1105,                 2.3133,             0.00047407,             0.00047407,             0.00047407
                     29,                0.87965,                0.55089,                0.99105,                0.42879,                0.45138,                0.39456,                0.16462,                 2.3022,                  1.953,                 2.2161,              0.0004387,              0.0004387,              0.0004387
                     30,                0.84873,                0.52069,                0.97237,                0.47304,                0.48329,                0.43898,                0.17587,                 2.2795,                 1.9565,                 2.2006,             0.00040334,             0.00040334,             0.00040334
                     31,                0.80299,                0.44706,                0.95815,                0.45076,                0.43367,                0.39912,                0.16417,                 2.3232,                 2.0041,                  2.269,             0.00036797,             0.00036797,             0.00036797
                     32,                0.76435,                0.42909,                0.94402,                0.43993,                0.43876,                0.39712,                0.15528,                 2.4011,                 2.1058,                 2.3956,              0.0003326,              0.0003326,              0.0003326
                     33,                 0.7313,                0.41256,                0.92812,                0.47912,                 0.4432,                0.40807,                0.16343,                 2.3683,                 2.1313,                 2.3335,             0.00029723,             0.00029723,             0.00029723
                     34,                0.68846,                0.39397,                0.91123,                0.46925,                0.44317,                0.41672,                0.16935,                 2.3353,                  2.139,                 2.3472,             0.00026186,             0.00026186,             0.00026186
                     35,                0.67053,                0.38548,                0.90043,                0.50562,                0.43005,                0.41431,                0.16735,                 2.3372,                 2.0933,                 2.3417,              0.0002265,              0.0002265,              0.0002265
                     36,                0.64496,                0.37619,                0.89405,                0.52343,                0.46392,                0.43631,                0.17918,                 2.2986,                 1.9624,                 2.3033,             0.00019113,             0.00019113,             0.00019113
                     37,                0.62289,                0.36737,                0.88723,                 0.5088,                0.45183,                0.42939,                 0.1795,                 2.2871,                 2.0475,                 2.3344,             0.00015576,             0.00015576,             0.00015576
                     38,                0.60184,                 0.3582,                0.87869,                0.49923,                0.45499,                0.42193,                0.16932,                 2.3313,                 2.1481,                 2.3563,             0.00012039,             0.00012039,             0.00012039
                     39,                0.57557,                0.34681,                0.86708,                0.51354,                0.44944,                0.43666,                0.17868,                 2.3286,                 2.0924,                 2.3584,             8.5026e-05,             8.5026e-05,             8.5026e-05
                     40,                0.56963,                0.34396,                0.86542,                0.57486,                0.41566,                0.43443,                0.17541,                  2.348,                 2.1383,                  2.378,             4.9658e-05,             4.9658e-05,             4.9658e-05
                      1,                 1.9137,                  2.269,                 1.6361,                0.26997,                 0.3531,                0.27378,                 0.1053,                 1.8229,                 2.0717,                 1.6137,             0.00047395,             0.00047395,             0.00047395
                      2,                 1.7245,                 1.8247,                  1.498,                0.34466,                0.35976,                0.31756,                0.12674,                 1.7777,                 1.9059,                 1.6155,             0.00092677,             0.00092677,             0.00092677
                      3,                 1.7021,                 1.7279,                 1.4809,                0.37299,                0.41452,                0.32867,                0.13703,                 1.7728,                   1.91,                 1.5929,               0.001356,               0.001356,               0.001356
                      4,                 1.6829,                  1.668,                  1.466,                0.28231,                0.49393,                0.32077,                0.12526,                 1.8663,                 2.1375,                 1.7007,              0.0013229,              0.0013229,              0.0013229
                      5,                 1.6195,                 1.5588,                 1.4243,                0.41813,                0.45906,                0.37926,                0.15132,                 1.8792,                 1.7764,                 1.6811,              0.0012875,              0.0012875,              0.0012875
                      6,                 1.5897,                  1.466,                 1.4009,                0.44004,                0.46726,                0.40793,                0.17259,                 1.8384,                 1.7003,                 1.6565,              0.0012522,              0.0012522,              0.0012522
                      7,                 1.5595,                  1.384,                 1.3891,                0.44468,                0.48329,                0.41648,                0.17485,                 1.9196,                 1.7425,                 1.7208,              0.0012168,              0.0012168,              0.0012168
                      8,                   1.52,                  1.328,                 1.3503,                0.48176,                0.44184,                0.42972,                0.16523,                 2.0327,                 1.7376,                 1.8428,              0.0011814,              0.0011814,              0.0011814
                      9,                 1.4669,                 1.2083,                 1.3352,                0.49329,                0.46778,                 0.4317,                0.17596,                 1.9934,                 1.6935,                 1.8218,              0.0011461,              0.0011461,              0.0011461
                     10,                 1.4392,                 1.1294,                  1.308,                0.47906,                0.40321,                0.39559,                0.15799,                 2.0003,                 1.8303,                 1.8014,              0.0011107,              0.0011107,              0.0011107
                     11,                 1.4149,                  1.087,                 1.2905,                0.45933,                0.52476,                0.43946,                0.17235,                 2.0681,                 1.6429,                 1.8943,              0.0010753,              0.0010753,              0.0010753
                     12,                 1.3748,                 1.0166,                 1.2707,                0.42674,                0.45987,                0.41576,                0.16081,                 2.1303,                 1.7904,                 1.9448,                0.00104,                0.00104,                0.00104
                     13,                 1.3299,                 0.9432,                 1.2377,                0.50836,                0.49249,                0.44528,                0.18134,                 2.1401,                 1.7606,                 1.9793,              0.0010046,              0.0010046,              0.0010046
                     14,                 1.3029,                0.90701,                 1.2247,                0.46821,                0.48704,                0.43262,                0.16842,                 2.1782,                  1.755,                 2.0621,             0.00096922,             0.00096922,             0.00096922
                     15,                 1.2672,                0.85859,                 1.2009,                0.45804,                0.47211,                0.42698,                0.17443,                 2.1347,                 1.7719,                 1.9719,             0.00093385,             0.00093385,             0.00093385
                     16,                 1.2497,                0.81945,                 1.1888,                0.42594,                0.52119,                0.43189,                0.16702,                 2.1966,                 1.7149,                  2.086,             0.00089848,             0.00089848,             0.00089848
                     17,                 1.1937,                0.78589,                  1.156,                0.45859,                0.43903,                0.40608,                0.16112,                 2.1778,                 1.8976,                 2.0758,             0.00086312,             0.00086312,             0.00086312
                     18,                 1.1763,                 0.7561,                 1.1467,                0.56194,                0.43933,                 0.4596,                0.17682,                 2.1714,                 1.8421,                 2.0485,             0.00082775,             0.00082775,             0.00082775
                     19,                 1.1148,                0.71512,                  1.116,                0.49904,                 0.4744,                0.42949,                0.17788,                 2.0789,                 1.7987,                 2.0517,             0.00079238,             0.00079238,             0.00079238
                     20,                 1.1064,                0.69684,                 1.1078,                0.59816,                0.44009,                0.45152,                0.17479,                 2.2517,                 1.8331,                 2.1474,             0.00075701,             0.00075701,             0.00075701
                     21,                 1.0807,                0.67634,                 1.0877,                0.50317,                0.46139,                0.43958,                0.18317,                 2.2045,                  1.898,                 2.0794,             0.00072164,             0.00072164,             0.00072164
                     22,                 1.0414,                 0.6459,                 1.0652,                0.43323,                0.50385,                0.42112,                0.16851,                 2.2949,                 1.9467,                 2.2399,             0.00068628,             0.00068628,             0.00068628
                     23,                 1.0437,                0.64218,                  1.072,                0.49811,                0.46035,                0.44304,                  0.186,                 2.1323,                 1.9508,                 1.9841,             0.00065091,             0.00065091,             0.00065091
                     24,                 0.9947,                0.61483,                 1.0418,                0.49239,                0.43226,                0.40814,                0.16169,                 2.2627,                 1.9952,                 2.1654,             0.00061554,             0.00061554,             0.00061554
                     25,                 0.9816,                0.59961,                 1.0359,                0.46965,                0.42219,                0.40096,                0.16095,                 2.2457,                 1.9224,                 2.1387,             0.00058017,             0.00058017,             0.00058017
                     26,                 0.9844,                0.59394,                 1.0335,                0.47556,                0.40929,                0.38896,                 0.1516,                 2.2995,                 2.0105,                  2.165,             0.00054481,             0.00054481,             0.00054481
                     27,                0.92303,                 0.5706,                 1.0112,                0.43656,                0.43589,                0.40032,                0.16061,                 2.3728,                 2.0614,                 2.2618,             0.00050944,             0.00050944,             0.00050944
                     28,                0.89062,                0.54401,                0.99541,                0.48647,                 0.4069,                0.39416,                 0.1568,                 2.3766,                 2.1105,                 2.3133,             0.00047407,             0.00047407,             0.00047407
                     29,                0.87965,                0.55089,                0.99105,                0.42879,                0.45138,                0.39456,                0.16462,                 2.3022,                  1.953,                 2.2161,              0.0004387,              0.0004387,              0.0004387
                     30,                0.84873,                0.52069,                0.97237,                0.47304,                0.48329,                0.43898,                0.17587,                 2.2795,                 1.9565,                 2.2006,             0.00040334,             0.00040334,             0.00040334
                     31,                0.80299,                0.44706,                0.95815,                0.45076,                0.43367,                0.39912,                0.16417,                 2.3232,                 2.0041,                  2.269,             0.00036797,             0.00036797,             0.00036797
                     32,                0.76435,                0.42909,                0.94402,                0.43993,                0.43876,                0.39712,                0.15528,                 2.4011,                 2.1058,                 2.3956,              0.0003326,              0.0003326,              0.0003326
                     33,                 0.7313,                0.41256,                0.92812,                0.47912,                 0.4432,                0.40807,                0.16343,                 2.3683,                 2.1313,                 2.3335,             0.00029723,             0.00029723,             0.00029723
                     34,                0.68846,                0.39397,                0.91123,                0.46925,                0.44317,                0.41672,                0.16935,                 2.3353,                  2.139,                 2.3472,             0.00026186,             0.00026186,             0.00026186
                     35,                0.67053,                0.38548,                0.90043,                0.50562,                0.43005,                0.41431,                0.16735,                 2.3372,                 2.0933,                 2.3417,              0.0002265,              0.0002265,              0.0002265
                     36,                0.64496,                0.37619,                0.89405,                0.52343,                0.46392,                0.43631,                0.17918,                 2.2986,                 1.9624,                 2.3033,             0.00019113,             0.00019113,             0.00019113
                     37,                0.62289,                0.36737,                0.88723,                 0.5088,                0.45183,                0.42939,                 0.1795,                 2.2871,                 2.0475,                 2.3344,             0.00015576,             0.00015576,             0.00015576
                     38,                0.60184,                 0.3582,                0.87869,                0.49923,                0.45499,                0.42193,                0.16932,                 2.3313,                 2.1481,                 2.3563,             0.00012039,             0.00012039,             0.00012039
                     39,                0.57557,                0.34681,                0.86708,                0.51354,                0.44944,                0.43666,                0.17868,                 2.3286,                 2.0924,                 2.3584,             8.5026e-05,             8.5026e-05,             8.5026e-05
                     40,                0.56963,                0.34396,                0.86542,                0.57486,                0.41566,                0.43443,                0.17541,                  2.348,                 2.1383,                  2.378,             4.9658e-05,             4.9658e-05,             4.9658e-05
