exam_case_id,development_fold,field,truth,prediction,positive_probability
recovered_archive1/1,0,clarity,1,0,0.34070718065003763
recovered_archive1/100,0,clarity,1,0,0.4447908541194251
recovered_archive1/24,2,clarity,0,0,0.4807038075119949
recovered_archive1/28,4,clarity,0,0,0.4812381427613216
recovered_archive1/29,3,clarity,0,0,0.4733544882562843
recovered_archive1/30,2,clarity,0,0,0.45286135699959157
recovered_archive1/31,0,clarity,0,0,0.32848102796674206
recovered_archive1/32,3,clarity,1,1,0.5001328933374416
recovered_archive1/33,0,clarity,1,1,0.6510204837490549
recovered_archive1/34,4,clarity,0,0,0.34908407504433986
recovered_archive1/35,1,clarity,0,1,0.7599575862733753
recovered_archive1/37,3,clarity,1,1,0.6226064538252803
recovered_archive1/38,3,clarity,1,0,0.4440478793722105
recovered_archive1/40,3,clarity,1,1,0.602382976996299
recovered_archive1/41,4,clarity,0,1,0.7976033158814619
recovered_archive1/42,0,clarity,0,0,0.4230239606953891
recovered_archive1/44,0,clarity,1,1,0.5365577475434612
recovered_archive1/45,1,clarity,1,1,0.5511149279570333
recovered_archive1/46,2,clarity,0,0,0.3579558818150227
recovered_archive1/47,3,clarity,0,0,0.15264596399852892
recovered_archive1/48,1,clarity,1,1,0.6290895069842437
recovered_archive1/49,2,clarity,0,0,0.38933317482670937
recovered_archive1/51,3,clarity,1,1,0.6172846074328823
recovered_archive1/52,4,clarity,1,1,0.6105669520901312
recovered_archive1/53,4,clarity,0,0,0.4713149495930954
recovered_archive1/54,1,clarity,1,1,0.716523320733847
recovered_archive1/57,4,clarity,1,1,0.6557841526053452
recovered_archive1/59,0,clarity,1,0,0.4263554799697653
recovered_archive1/60,1,clarity,0,0,0.21760773339720704
recovered_archive1/61,3,clarity,0,1,0.6641123712399069
recovered_archive1/62,3,clarity,0,0,0.2864084092889493
recovered_archive1/64,1,clarity,0,1,0.5121517274148853
recovered_archive1/66,2,clarity,1,1,0.584570485152197
recovered_archive1/67,0,clarity,1,1,0.6555936507936502
recovered_archive1/68,3,clarity,1,0,0.40101992571756095
recovered_archive1/69,2,clarity,1,1,0.6198150578244358
recovered_archive1/70,2,clarity,1,0,0.4299487977882228
recovered_archive1/71,1,clarity,0,0,0.27808240492451025
recovered_archive1/72,2,clarity,0,0,0.1411840597204187
recovered_archive1/74,2,clarity,0,0,0.49147349433948456
recovered_archive1/76,2,clarity,0,0,0.491491493985893
recovered_archive1/78,2,clarity,0,0,0.31445945431046557
recovered_archive1/80,2,clarity,0,0,0.41802109814608196
recovered_archive1/81,1,clarity,0,0,0.3391950544582123
recovered_archive1/82,0,clarity,0,1,0.5872834467120178
recovered_archive1/83,4,clarity,1,1,0.6137364026105753
recovered_archive1/84,2,clarity,0,1,0.6823403045765746
recovered_archive1/85,0,clarity,1,0,0.20207135298563875
recovered_archive1/86,4,clarity,1,1,0.5363036331248255
recovered_archive1/89,4,clarity,1,1,0.5828389523091515
recovered_archive1/9,3,clarity,0,0,0.27351902286454544
recovered_archive1/90,3,clarity,0,0,0.2669597957067268
recovered_archive1/92,1,clarity,0,0,0.2258631816526553
recovered_archive1/94,3,clarity,1,1,0.5224240775161435
recovered_archive1/95,4,clarity,0,0,0.3197837254128645
recovered_archive1/96,1,clarity,0,0,0.19483863115442057
recovered_archive1/97,0,clarity,0,0,0.49378216175359
recovered_archive1/99,3,clarity,1,0,0.458924362453242
recovered_archive2/101,0,clarity,0,1,0.6043826908541189
recovered_archive2/103,0,clarity,1,1,0.7247978835978831
recovered_archive2/104,4,clarity,1,1,0.669790686015852
recovered_archive2/105,2,clarity,0,1,0.5288031530625313
recovered_archive2/106,1,clarity,0,0,0.413781579044737
recovered_archive2/107,1,clarity,0,0,0.3878941331572913
recovered_archive2/108,0,clarity,1,1,0.6167428571428567
recovered_archive2/109,3,clarity,0,0,0.31822327637904574
recovered_archive2/110,2,clarity,1,1,0.6380790521303905
recovered_archive2/111,2,clarity,1,0,0.3793177280514046
recovered_archive2/112,0,clarity,0,1,0.7954880574451999
recovered_archive2/113,3,clarity,1,1,0.5393003800265718
recovered_archive2/114,3,clarity,1,1,0.5539885064326204
recovered_archive2/115,0,clarity,0,1,0.5473343159486014
recovered_archive2/116,2,clarity,1,0,0.4954633422950539
recovered_archive2/117,4,clarity,0,1,0.5916781923404444
recovered_archive2/118,1,clarity,0,0,0.35977077503393295
recovered_archive2/119,2,clarity,1,1,0.5861441663466055
recovered_archive2/120,4,clarity,1,1,0.6269528184759976
recovered_archive2/121,4,clarity,1,1,0.5163546043678497
recovered_archive2/122,3,clarity,0,0,0.335314325378287
recovered_archive2/123,2,clarity,0,0,0.28233696679286224
recovered_archive2/124,3,clarity,0,1,0.5175985435075755
recovered_archive2/125,3,clarity,0,0,0.48004841445757573
recovered_archive2/126,1,clarity,1,1,0.6912981170875906
recovered_archive2/127,2,clarity,0,0,0.4917409742670593
recovered_archive2/128,1,clarity,1,1,0.6390363632468894
recovered_archive2/129,1,clarity,0,0,0.1887894561578772
recovered_archive2/130,4,clarity,0,0,0.2080190330521456
recovered_archive2/132,4,clarity,0,0,0.4555401544143267
recovered_archive2/135,4,clarity,1,0,0.4352285673477727
recovered_archive2/136,2,clarity,1,0,0.25424505124031427
recovered_archive2/137,2,clarity,1,1,0.7286433814339981
recovered_archive2/139,3,clarity,1,1,0.6140440111854375
recovered_archive2/141,4,clarity,0,0,0.31820360913076146
recovered_archive2/142,0,clarity,1,0,0.40861730914588035
recovered_archive2/144,2,clarity,0,0,0.15522110911961765
recovered_archive2/145,0,clarity,0,1,0.5474136054421768
recovered_archive2/146,1,clarity,0,0,0.4692786550681289
recovered_archive2/147,0,clarity,1,0,0.4891106575963715
recovered_archive2/148,2,clarity,0,0,0.4218821442288347
recovered_archive2/150,2,clarity,1,0,0.23091171790698092
recovered_archive2/151,2,clarity,1,1,0.5479762819223197
recovered_archive2/152,2,clarity,1,0,0.43070789972627116
recovered_archive2/155,0,clarity,0,0,0.269325850340136
recovered_archive2/158,4,clarity,1,1,0.5292225613417667
recovered_archive2/159,2,clarity,1,1,0.6838938295200299
recovered_archive2/161,1,clarity,0,0,0.279609746978168
recovered_archive2/162,3,clarity,0,0,0.28064704742214747
recovered_archive2/163,4,clarity,1,1,0.5911642906344896
recovered_archive2/164,3,clarity,0,1,0.619951809184914
recovered_archive2/165,4,clarity,0,1,0.6913685449447043
recovered_archive2/167,2,clarity,0,0,0.4280684672409482
recovered_archive2/168,3,clarity,0,0,0.22961487106596284
recovered_archive2/169,0,clarity,0,0,0.34622305366591066
recovered_archive2/170,0,clarity,0,0,0.3532506424792138
recovered_archive2/171,4,clarity,0,0,0.4340805250076774
recovered_archive2/172,0,clarity,0,1,0.6652216175359027
recovered_archive2/173,4,clarity,0,0,0.26160420074327356
recovered_archive2/174,1,clarity,0,1,0.7441651136387978
recovered_archive2/175,3,clarity,0,0,0.337977269639952
recovered_archive2/176,3,clarity,0,0,0.1739054439551919
recovered_archive2/178,0,clarity,0,1,0.6187097505668929
recovered_archive2/179,3,clarity,1,0,0.4282747804162068
recovered_archive2/180,4,clarity,0,1,0.7094189097500359
recovered_archive2/181,0,clarity,0,0,0.19759304610733186
recovered_archive2/183,0,clarity,0,0,0.18947339380196526
recovered_archive2/184,1,clarity,1,0,0.4431710784342365
recovered_archive2/186,1,clarity,0,0,0.08944947839684685
recovered_archive2/188,1,clarity,1,1,0.781469758311863
recovered_archive2/189,3,clarity,1,0,0.4809609834968407
recovered_archive2/191,3,clarity,0,0,0.24071067785210432
recovered_archive2/194,0,clarity,1,1,0.7072341647770215
recovered_archive2/197,3,clarity,1,0,0.4923721427601126
recovered_archive2/198,1,clarity,1,1,0.6899287651919231
recovered_archive2/199,3,clarity,1,1,0.6437546260863224
recovered_archive2/200,2,clarity,1,0,0.4876714157689703
recovered_archive3/201,4,clarity,0,0,0.42026414648931204
recovered_archive3/202,0,clarity,0,1,0.7883662131519269
recovered_archive3/204,0,clarity,0,0,0.13405563114134547
recovered_archive3/206,3,clarity,0,0,0.27795856650133677
recovered_archive3/207,0,clarity,0,0,0.1769202569916856
recovered_archive3/209,3,clarity,1,1,0.5371026618426151
recovered_archive3/210,1,clarity,0,1,0.7337527579632841
recovered_archive3/211,2,clarity,1,1,0.5962420594277912
recovered_archive3/212,1,clarity,1,1,0.6231269704953913
recovered_archive3/213,3,clarity,1,0,0.4588858379635609
recovered_archive3/214,0,clarity,1,0,0.3626383975812546
recovered_archive3/215,2,clarity,1,1,0.5250245532856596
recovered_archive3/216,4,clarity,1,1,0.783903854831008
recovered_archive3/218,0,clarity,0,1,0.5006884353741494
recovered_archive3/220,4,clarity,1,1,0.5040053608265529
recovered_archive3/221,3,clarity,0,0,0.45063960923858826
recovered_archive3/222,0,clarity,1,0,0.2826878306878306
recovered_archive3/223,3,clarity,1,1,0.5303944639372341
recovered_archive3/224,4,clarity,1,1,0.557257881430067
recovered_archive3/225,2,clarity,0,0,0.25013870853680087
recovered_archive3/227,2,clarity,1,1,0.7138781388883811
recovered_archive3/228,4,clarity,0,0,0.34158653191765775
recovered_archive3/229,1,clarity,0,0,0.27395544027122976
recovered_archive3/231,3,clarity,1,1,0.6096304349266617
recovered_archive3/232,2,clarity,0,0,0.0734369494180978
recovered_archive3/233,0,clarity,1,1,0.778003250188964
recovered_archive3/234,2,clarity,1,1,0.7472555035328691
recovered_archive3/235,1,clarity,0,0,0.22975636449320652
recovered_archive3/237,4,clarity,0,0,0.3859089759752011
recovered_archive3/241,1,clarity,1,1,0.5122785596469807
recovered_archive3/242,3,clarity,0,0,0.3832587444213622
recovered_archive3/243,1,clarity,1,1,0.5608803866698603
recovered_archive3/246,3,clarity,0,0,0.35271862295864087
recovered_archive3/248,4,clarity,1,0,0.3899617076438268
recovered_archive3/250,3,clarity,1,0,0.3790647768047948
recovered_archive3/251,2,clarity,0,0,0.4452822179953789
recovered_archive3/252,2,clarity,0,1,0.5081027747803767
recovered_archive3/253,1,clarity,1,1,0.5742281305439199
recovered_archive3/254,0,clarity,1,1,0.6529258503401355
recovered_archive3/256,3,clarity,1,1,0.5334363911059865
recovered_archive3/257,4,clarity,0,0,0.490055307737427
recovered_archive3/259,1,clarity,1,0,0.43031907663486624
recovered_archive3/260,0,clarity,1,0,0.4073284202569915
recovered_archive3/261,4,clarity,1,1,0.6876850739102397
recovered_archive3/262,0,clarity,0,0,0.22391617535903255
recovered_archive3/263,2,clarity,1,1,0.6480350055782141
recovered_archive3/264,0,clarity,1,0,0.43513824640967463
recovered_archive3/265,4,clarity,0,0,0.24268064830978736
recovered_archive3/266,3,clarity,0,0,0.2148631142299574
recovered_archive3/267,3,clarity,0,0,0.37273418681933973
recovered_archive1/1,0,blood_color,1,1,0.5359663257503057
recovered_archive1/100,0,blood_color,1,0,0.4680500132527811
recovered_archive1/24,2,blood_color,1,0,0.3190980339175224
recovered_archive1/28,4,blood_color,1,1,0.5760584921020981
recovered_archive1/29,3,blood_color,1,1,0.6631172014260253
recovered_archive1/30,2,blood_color,1,0,0.17477907980161034
recovered_archive1/31,0,blood_color,1,1,0.6822896844619525
recovered_archive1/32,3,blood_color,0,0,0.38800356506238853
recovered_archive1/33,0,blood_color,1,1,0.529173742432967
recovered_archive1/34,4,blood_color,0,1,0.500312394990181
recovered_archive1/35,1,blood_color,1,1,0.5151851377894372
recovered_archive1/37,3,blood_color,1,1,0.5490173796791447
recovered_archive1/38,3,blood_color,0,0,0.34849153297682706
recovered_archive1/40,3,blood_color,1,1,0.6867825311942961
recovered_archive1/41,4,blood_color,0,0,0.40737218351567545
recovered_archive1/42,0,blood_color,1,1,0.5968382216291478
recovered_archive1/44,0,blood_color,0,0,0.46665281979569423
recovered_archive1/46,2,blood_color,0,0,0.3063721019870104
recovered_archive1/47,3,blood_color,1,1,0.7367112299465245
recovered_archive1/48,1,blood_color,0,0,0.42903919159696224
recovered_archive1/49,2,blood_color,1,1,0.6578747441152295
recovered_archive1/52,4,blood_color,1,0,0.380533051392711
recovered_archive1/53,4,blood_color,0,1,0.5591007060890648
recovered_archive1/54,1,blood_color,1,1,0.5221706774419208
recovered_archive1/57,4,blood_color,0,1,0.5968340043913606
recovered_archive1/59,0,blood_color,0,0,0.4193316485545332
recovered_archive1/60,1,blood_color,1,1,0.6373392274072007
recovered_archive1/61,3,blood_color,1,0,0.40017379679144377
recovered_archive1/62,3,blood_color,0,0,0.4352673796791443
recovered_archive1/64,1,blood_color,1,0,0.21188336812001402
recovered_archive1/66,2,blood_color,0,0,0.2679567961206844
recovered_archive1/67,0,blood_color,0,0,0.42043761596183227
recovered_archive1/68,3,blood_color,0,1,0.6102918894830662
recovered_archive1/69,2,blood_color,0,0,0.4301029996218438
recovered_archive1/70,2,blood_color,1,1,0.7089997927093282
recovered_archive1/71,1,blood_color,1,1,0.7062357469586293
recovered_archive1/72,2,blood_color,1,1,0.5487198145377647
recovered_archive1/76,2,blood_color,0,1,0.5304191178954101
recovered_archive1/78,2,blood_color,1,1,0.7844560441125144
recovered_archive1/80,2,blood_color,0,0,0.41080864223285846
recovered_archive1/81,1,blood_color,1,0,0.45455378453091017
recovered_archive1/82,0,blood_color,1,1,0.5681997239765656
recovered_archive1/83,4,blood_color,0,1,0.709688002705175
recovered_archive1/84,2,blood_color,1,1,0.520322588656498
recovered_archive1/86,4,blood_color,1,1,0.7033388978952079
recovered_archive1/89,4,blood_color,1,0,0.45969636065384073
recovered_archive1/9,3,blood_color,0,1,0.5286853832442069
recovered_archive1/90,3,blood_color,1,1,0.6552629233511588
recovered_archive1/92,1,blood_color,1,1,0.7199082887514435
recovered_archive1/94,3,blood_color,0,1,0.5987277183600717
recovered_archive1/95,4,blood_color,1,1,0.6400213147787295
recovered_archive1/96,1,blood_color,1,1,0.8270823391731351
recovered_archive1/97,0,blood_color,0,0,0.4385300533462511
recovered_archive1/99,3,blood_color,0,0,0.45104055258467024
recovered_archive2/101,0,blood_color,1,1,0.6139512785125202
recovered_archive2/103,0,blood_color,0,1,0.5420675099700519
recovered_archive2/104,4,blood_color,1,1,0.5433282056017293
recovered_archive2/105,2,blood_color,1,0,0.46850227523035426
recovered_archive2/106,1,blood_color,1,1,0.6691305157978756
recovered_archive2/107,1,blood_color,1,1,0.557970525917291
recovered_archive2/108,0,blood_color,0,0,0.4287008161885005
recovered_archive2/109,3,blood_color,0,1,0.6828342245989307
recovered_archive2/110,2,blood_color,0,0,0.4748095872928832
recovered_archive2/111,2,blood_color,1,1,0.7518823052576988
recovered_archive2/112,0,blood_color,0,0,0.28984971041912316
recovered_archive2/113,3,blood_color,0,0,0.4603097147950088
recovered_archive2/114,3,blood_color,0,1,0.691323529411765
recovered_archive2/115,0,blood_color,0,0,0.47955028897155405
recovered_archive2/116,2,blood_color,1,0,0.3764917378441905
recovered_archive2/118,1,blood_color,0,0,0.4297064412630682
recovered_archive2/119,2,blood_color,0,1,0.6643272954130479
recovered_archive2/120,4,blood_color,1,0,0.4619426825799808
recovered_archive2/121,4,blood_color,0,1,0.727517279916078
recovered_archive2/122,3,blood_color,1,1,0.613103832442068
recovered_archive2/123,2,blood_color,1,0,0.4391084116964923
recovered_archive2/124,3,blood_color,1,1,0.5765374331550804
recovered_archive2/125,3,blood_color,1,1,0.7120187165775405
recovered_archive2/126,1,blood_color,1,1,0.5951511332973995
recovered_archive2/127,2,blood_color,1,0,0.3874114958240535
recovered_archive2/128,1,blood_color,0,0,0.44166004258190567
recovered_archive2/129,1,blood_color,1,1,0.6909657871782591
recovered_archive2/130,4,blood_color,0,0,0.49877579109909126
recovered_archive2/132,4,blood_color,0,0,0.3928892662763962
recovered_archive2/135,4,blood_color,0,1,0.6847689088540422
recovered_archive2/139,3,blood_color,0,0,0.3844295900178253
recovered_archive2/141,4,blood_color,1,1,0.533903480394941
recovered_archive2/142,0,blood_color,0,1,0.6088920827582847
recovered_archive2/145,0,blood_color,1,1,0.6740407119332914
recovered_archive2/147,0,blood_color,0,0,0.48596728543443246
recovered_archive2/148,2,blood_color,1,0,0.4311821363124912
recovered_archive2/149,1,blood_color,0,0,0.40411749900000776
recovered_archive2/150,2,blood_color,0,1,0.6755210413276668
recovered_archive2/151,2,blood_color,0,1,0.6159186056291668
recovered_archive2/152,2,blood_color,0,0,0.25238734612972435
recovered_archive2/155,0,blood_color,1,1,0.6480582086505624
recovered_archive2/158,4,blood_color,1,1,0.5149533961332377
recovered_archive2/159,2,blood_color,0,1,0.5261737287883032
recovered_archive2/161,1,blood_color,0,0,0.4041739536835843
recovered_archive2/162,3,blood_color,0,0,0.3687344028520499
recovered_archive2/163,4,blood_color,0,0,0.3074912657744116
recovered_archive2/164,3,blood_color,1,1,0.553647504456328
recovered_archive2/165,4,blood_color,0,0,0.4934612801792337
recovered_archive2/167,2,blood_color,1,1,0.6905153093763596
recovered_archive2/168,3,blood_color,1,1,0.5169585561497327
recovered_archive2/169,0,blood_color,1,1,0.5994496592359697
recovered_archive2/171,4,blood_color,1,1,0.6942594674499575
recovered_archive2/172,0,blood_color,0,0,0.4626234260418668
recovered_archive2/173,4,blood_color,1,1,0.662002492365254
recovered_archive2/174,1,blood_color,1,1,0.6205486459854685
recovered_archive2/175,3,blood_color,1,1,0.591441622103387
recovered_archive2/176,3,blood_color,0,1,0.5508021390374332
recovered_archive2/178,0,blood_color,1,1,0.5180619102893373
recovered_archive2/179,3,blood_color,1,1,0.6005770944741535
recovered_archive2/180,4,blood_color,0,0,0.47211184801098927
recovered_archive2/181,0,blood_color,1,1,0.7895955464563283
recovered_archive2/183,0,blood_color,0,0,0.49380692983338076
recovered_archive2/184,1,blood_color,0,1,0.6466143804814493
recovered_archive2/186,1,blood_color,1,1,0.5827512132015525
recovered_archive2/189,3,blood_color,0,1,0.5268337789661319
recovered_archive2/191,3,blood_color,1,1,0.6457508912655974
recovered_archive2/194,0,blood_color,1,1,0.6366327273613563
recovered_archive2/197,3,blood_color,1,0,0.39325980392156856
recovered_archive2/198,1,blood_color,0,0,0.4044523747158198
recovered_archive2/199,3,blood_color,0,0,0.4642491087344029
recovered_archive2/200,2,blood_color,0,0,0.3564258750414749
recovered_archive3/201,4,blood_color,1,0,0.43594726961513325
recovered_archive3/202,0,blood_color,1,1,0.5242761544390723
recovered_archive3/204,0,blood_color,1,1,0.6708274305142995
recovered_archive3/206,3,blood_color,0,0,0.48117647058823515
recovered_archive3/207,0,blood_color,1,1,0.7329857448824465
recovered_archive3/209,3,blood_color,1,0,0.4170766488413547
recovered_archive3/210,1,blood_color,1,0,0.3992759086026742
recovered_archive3/211,2,blood_color,0,1,0.5495729249243521
recovered_archive3/212,1,blood_color,0,0,0.4195375166280522
recovered_archive3/213,3,blood_color,0,0,0.3859113190730837
recovered_archive3/214,0,blood_color,0,1,0.5962717794981006
recovered_archive3/215,2,blood_color,1,0,0.4114696378771054
recovered_archive3/216,4,blood_color,0,0,0.4606062770500268
recovered_archive3/218,0,blood_color,0,1,0.504423123208209
recovered_archive3/220,4,blood_color,1,0,0.4130871694276348
recovered_archive3/221,3,blood_color,1,1,0.534558823529412
recovered_archive3/222,0,blood_color,0,0,0.26072884201161983
recovered_archive3/223,3,blood_color,0,0,0.4723083778966132
recovered_archive3/224,4,blood_color,0,0,0.3478551824094265
recovered_archive3/225,2,blood_color,1,1,0.534605223857368
recovered_archive3/227,2,blood_color,0,0,0.3948927254219825
recovered_archive3/228,4,blood_color,1,1,0.5613002448682226
recovered_archive3/229,1,blood_color,0,0,0.3561861267842396
recovered_archive3/231,3,blood_color,0,0,0.40626559714795
recovered_archive3/232,2,blood_color,1,1,0.787330069664235
recovered_archive3/233,0,blood_color,0,0,0.4276305398908704
recovered_archive3/234,2,blood_color,0,0,0.22104836097981614
recovered_archive3/235,1,blood_color,1,1,0.6086006818513124
recovered_archive3/237,4,blood_color,1,1,0.6709572061816668
recovered_archive3/241,1,blood_color,0,1,0.5466449172551173
recovered_archive3/242,3,blood_color,1,0,0.4425557040998217
recovered_archive3/246,3,blood_color,1,1,0.5718315508021393
recovered_archive3/248,4,blood_color,1,1,0.5685625269647497
recovered_archive3/250,3,blood_color,0,0,0.4789705882352942
recovered_archive3/251,2,blood_color,1,1,0.553881501261294
recovered_archive3/252,2,blood_color,0,0,0.39301220167196843
recovered_archive3/253,1,blood_color,1,1,0.5269458894064443
recovered_archive3/254,0,blood_color,1,0,0.45135681055835375
recovered_archive3/256,3,blood_color,0,0,0.3078899286987522
recovered_archive3/257,4,blood_color,0,0,0.2994206022905769
recovered_archive3/259,1,blood_color,1,1,0.5863810850149911
recovered_archive3/260,0,blood_color,0,0,0.463139157245006
recovered_archive3/261,4,blood_color,0,0,0.49644601872573946
recovered_archive3/262,0,blood_color,0,1,0.6950065349919115
recovered_archive3/263,2,blood_color,1,0,0.3483282404730733
recovered_archive3/264,0,blood_color,1,0,0.2769559428820381
recovered_archive3/265,4,blood_color,1,1,0.7916668850818024
recovered_archive3/266,3,blood_color,1,1,0.5985918003565065
recovered_archive3/267,3,blood_color,1,1,0.543048128342246
recovered_archive1/1,0,exudation,0,0,0.41791292020529486
recovered_archive1/100,0,exudation,0,0,0.4831123449821845
recovered_archive1/24,2,exudation,0,1,0.612146128350477
recovered_archive1/28,4,exudation,0,0,0.4244719199719199
recovered_archive1/29,3,exudation,0,0,0.4144496317045334
recovered_archive1/30,2,exudation,1,1,0.8328706860878591
recovered_archive1/31,0,exudation,0,0,0.25530971476576125
recovered_archive1/32,3,exudation,1,1,0.8273208839091192
recovered_archive1/33,0,exudation,0,0,0.45983632102233324
recovered_archive1/34,4,exudation,1,1,0.5732506727506725
recovered_archive1/35,1,exudation,0,1,0.5523658533434276
recovered_archive1/37,3,exudation,0,1,0.6384593837535013
recovered_archive1/38,3,exudation,1,1,0.7955682124701732
recovered_archive1/40,3,exudation,1,1,0.512876231974271
recovered_archive1/41,4,exudation,1,1,0.8991001521001522
recovered_archive1/42,0,exudation,1,1,0.6660126741603181
recovered_archive1/44,0,exudation,1,1,0.8053040442093372
recovered_archive1/45,1,exudation,0,1,0.5829273624744732
recovered_archive1/46,2,exudation,1,1,0.580272019408484
recovered_archive1/47,3,exudation,1,0,0.22961718020541538
recovered_archive1/48,1,exudation,1,1,0.6359810178641716
recovered_archive1/49,2,exudation,0,0,0.45154024415088645
recovered_archive1/52,4,exudation,1,1,0.77149180999181
recovered_archive1/53,4,exudation,0,1,0.5596885456885455
recovered_archive1/54,1,exudation,0,0,0.4356369114215802
recovered_archive1/57,4,exudation,1,0,0.4592717327717328
recovered_archive1/59,0,exudation,1,0,0.45684600968136624
recovered_archive1/61,3,exudation,0,1,0.6349938790330945
recovered_archive1/62,3,exudation,1,1,0.5993246187363833
recovered_archive1/64,1,exudation,1,1,0.8848473858328614
recovered_archive1/66,2,exudation,1,1,0.7312129751746766
recovered_archive1/67,0,exudation,1,1,0.6769322931479311
recovered_archive1/68,3,exudation,1,0,0.33879219836082564
recovered_archive1/69,2,exudation,0,1,0.6238702466647124
recovered_archive1/70,2,exudation,0,0,0.49551696008536644
recovered_archive1/71,1,exudation,0,0,0.4002760208744064
recovered_archive1/72,2,exudation,0,0,0.3706869039591367
recovered_archive1/74,2,exudation,0,0,0.3533560639997073
recovered_archive1/76,2,exudation,0,1,0.5532637871246038
recovered_archive1/78,2,exudation,0,0,0.250562365323656
recovered_archive1/80,2,exudation,0,1,0.6605040762304837
recovered_archive1/81,1,exudation,1,1,0.6833751165981502
recovered_archive1/82,0,exudation,0,1,0.5612253156507643
recovered_archive1/83,4,exudation,1,0,0.3288212823212821
recovered_archive1/84,2,exudation,1,1,0.651392661613598
recovered_archive1/85,0,exudation,0,0,0.26051865755993947
recovered_archive1/86,4,exudation,0,0,0.4252248157248156
recovered_archive1/89,4,exudation,0,0,0.48376336726336705
recovered_archive1/9,3,exudation,0,0,0.4575675899989623
recovered_archive1/90,3,exudation,1,0,0.30393733789812205
recovered_archive1/92,1,exudation,0,0,0.3315812905509635
recovered_archive1/94,3,exudation,0,1,0.6056178026766261
recovered_archive1/95,4,exudation,0,1,0.53916731016731
recovered_archive1/96,1,exudation,0,0,0.2150563279958726
recovered_archive1/97,0,exudation,0,0,0.4489359130864713
recovered_archive1/99,3,exudation,1,1,0.887857039111941
recovered_archive2/101,0,exudation,0,1,0.5465144075595746
recovered_archive2/103,0,exudation,0,1,0.5230392082223064
recovered_archive2/104,4,exudation,1,1,0.5275474435474437
recovered_archive2/105,2,exudation,1,1,0.8193643182249605
recovered_archive2/106,1,exudation,1,1,0.5121713189651679
recovered_archive2/107,1,exudation,1,1,0.800839358540066
recovered_archive2/108,0,exudation,1,1,0.694202410278175
recovered_archive2/109,3,exudation,0,0,0.23680257288100412
recovered_archive2/110,2,exudation,1,0,0.49252519236924686
recovered_archive2/111,2,exudation,0,0,0.35908900215005557
recovered_archive2/112,0,exudation,1,1,0.7413995394131375
recovered_archive2/113,3,exudation,0,1,0.6413727565100111
recovered_archive2/114,3,exudation,1,0,0.4959103641456579
recovered_archive2/115,0,exudation,1,1,0.7228636426616025
recovered_archive2/116,2,exudation,1,0,0.4981478885251184
recovered_archive2/117,4,exudation,0,0,0.3423815958815958
recovered_archive2/118,1,exudation,0,0,0.38808676797247976
recovered_archive2/119,2,exudation,1,0,0.4617934073819907
recovered_archive2/120,4,exudation,1,1,0.7581384696384696
recovered_archive2/121,4,exudation,1,1,0.5763652158652159
recovered_archive2/122,3,exudation,0,0,0.2686542172424524
recovered_archive2/123,2,exudation,0,1,0.6833226515582939
recovered_archive2/124,3,exudation,0,0,0.435884842826019
recovered_archive2/125,3,exudation,0,0,0.4678879551820726
recovered_archive2/126,1,exudation,1,1,0.6213541913751387
recovered_archive2/127,2,exudation,0,1,0.5767076220754429
recovered_archive2/128,1,exudation,1,1,0.6525526567152349
recovered_archive2/129,1,exudation,0,0,0.2991746349605828
recovered_archive2/130,4,exudation,1,0,0.4935231075231074
recovered_archive2/132,4,exudation,1,1,0.5060574470574469
recovered_archive2/135,4,exudation,1,0,0.40660401310401295
recovered_archive2/136,2,exudation,1,1,0.6462913753726058
recovered_archive2/139,3,exudation,1,1,0.6575615727772589
recovered_archive2/141,4,exudation,0,0,0.3782971802971801
recovered_archive2/142,0,exudation,1,1,0.6561639881746723
recovered_archive2/144,2,exudation,0,0,0.38532947105605275
recovered_archive2/145,0,exudation,0,0,0.44945347387212325
recovered_archive2/146,1,exudation,0,1,0.6712179504736704
recovered_archive2/147,0,exudation,1,0,0.4174114318300814
recovered_archive2/148,2,exudation,0,0,0.45944895036841615
recovered_archive2/149,1,exudation,1,1,0.6110005477852164
recovered_archive2/150,2,exudation,0,0,0.2896174814560651
recovered_archive2/151,2,exudation,1,0,0.45703038760973624
recovered_archive2/152,2,exudation,1,1,0.6305185307302322
recovered_archive2/155,0,exudation,1,0,0.3654668481011362
recovered_archive2/158,4,exudation,1,0,0.3324130689130688
recovered_archive2/159,2,exudation,1,1,0.5111214314988356
recovered_archive2/161,1,exudation,1,0,0.47786885884108976
recovered_archive2/162,3,exudation,1,1,0.7304456893868657
recovered_archive2/163,4,exudation,1,1,0.5139131274131273
recovered_archive2/164,3,exudation,1,1,0.6149895217346196
recovered_archive2/165,4,exudation,1,1,0.5131452556452556
recovered_archive2/167,2,exudation,0,0,0.3610440266052544
recovered_archive2/168,3,exudation,0,0,0.4696974789915964
recovered_archive2/169,0,exudation,0,0,0.4484207179496152
recovered_archive2/170,0,exudation,1,0,0.4940569155848414
recovered_archive2/171,4,exudation,0,0,0.4097997542997542
recovered_archive2/172,0,exudation,1,1,0.5351122662244562
recovered_archive2/173,4,exudation,0,0,0.3890475605475605
recovered_archive2/174,1,exudation,0,0,0.39259677495760265
recovered_archive2/175,3,exudation,1,1,0.6568065151986721
recovered_archive2/176,3,exudation,0,0,0.4597290175329388
recovered_archive2/178,0,exudation,0,1,0.5398039632638949
recovered_archive2/179,3,exudation,0,0,0.3638601514679944
recovered_archive2/180,4,exudation,1,1,0.8349130689130689
recovered_archive2/181,0,exudation,0,0,0.35091088271369925
recovered_archive2/183,0,exudation,1,1,0.5014763048624143
recovered_archive2/184,1,exudation,0,1,0.6815342034160776
recovered_archive2/186,1,exudation,0,0,0.26210433241260633
recovered_archive2/188,1,exudation,1,1,0.7171503937421565
recovered_archive2/189,3,exudation,1,1,0.5216449839194934
recovered_archive2/191,3,exudation,1,0,0.42176117854549205
recovered_archive2/194,0,exudation,1,1,0.590763267395613
recovered_archive2/197,3,exudation,1,1,0.7449832970225124
recovered_archive2/198,1,exudation,1,1,0.7836122593642417
recovered_archive2/199,3,exudation,0,1,0.5864353148666872
recovered_archive2/200,2,exudation,1,1,0.5465412394552341
recovered_archive3/201,4,exudation,1,1,0.6467685152685151
recovered_archive3/202,0,exudation,0,1,0.8147122498895201
recovered_archive3/204,0,exudation,0,0,0.2120623498680808
recovered_archive3/206,3,exudation,0,1,0.5104749455337689
recovered_archive3/207,0,exudation,1,0,0.3086178514600076
recovered_archive3/209,3,exudation,0,1,0.770696337794377
recovered_archive3/210,1,exudation,1,1,0.741414227256793
recovered_archive3/211,2,exudation,1,1,0.7519146468689955
recovered_archive3/212,1,exudation,1,1,0.5635738558308548
recovered_archive3/213,3,exudation,1,1,0.7139350555036827
recovered_archive3/214,0,exudation,1,1,0.6968287704897708
recovered_archive3/215,2,exudation,1,1,0.6207500122117137
recovered_archive3/216,4,exudation,1,1,0.720953433953434
recovered_archive3/218,0,exudation,1,1,0.5473902489181747
recovered_archive3/220,4,exudation,1,1,0.6903814203814204
recovered_archive3/221,3,exudation,0,1,0.5309077705156133
recovered_archive3/222,0,exudation,1,1,0.6049380424620828
recovered_archive3/223,3,exudation,1,1,0.6556381367361757
recovered_archive3/224,4,exudation,1,1,0.5887916227916229
recovered_archive3/225,2,exudation,0,0,0.2745903009601781
recovered_archive3/227,2,exudation,1,1,0.7541384933484876
recovered_archive3/228,4,exudation,0,1,0.634953433953434
recovered_archive3/229,1,exudation,0,1,0.6170022169797914
recovered_archive3/231,3,exudation,1,1,0.7277829650378669
recovered_archive3/232,2,exudation,1,0,0.29289959508735625
recovered_archive3/233,0,exudation,1,1,0.7520070823616232
recovered_archive3/234,2,exudation,1,1,0.766604189849067
recovered_archive3/235,1,exudation,0,0,0.43532852643192865
recovered_archive3/237,4,exudation,0,0,0.2741526851526851
recovered_archive3/241,1,exudation,1,0,0.4446939052004281
recovered_archive3/242,3,exudation,0,1,0.596925822180724
recovered_archive3/243,1,exudation,1,1,0.5293704053007693
recovered_archive3/246,3,exudation,0,0,0.48273078120136914
recovered_archive3/248,4,exudation,0,0,0.27601632151632144
recovered_archive3/250,3,exudation,1,0,0.47661458657537065
recovered_archive3/251,2,exudation,0,0,0.3488685181611023
recovered_archive3/252,2,exudation,1,1,0.5609742664433209
recovered_archive3/253,1,exudation,0,0,0.49825120947702867
recovered_archive3/254,0,exudation,1,1,0.6857083893023665
recovered_archive3/256,3,exudation,1,1,0.7499493723415291
recovered_archive3/257,4,exudation,1,1,0.5771442026442025
recovered_archive3/259,1,exudation,0,0,0.49841827277119877
recovered_archive3/261,4,exudation,1,1,0.7994390429390431
recovered_archive3/262,0,exudation,0,0,0.2480742422850241
recovered_archive3/263,2,exudation,1,1,0.8707467130632379
recovered_archive3/264,0,exudation,0,1,0.6396735171305347
recovered_archive3/265,4,exudation,0,0,0.3269754884754884
recovered_archive3/266,3,exudation,0,0,0.2715121900612095
recovered_archive3/267,3,exudation,0,0,0.39729245772383004
recovered_archive1/1,0,subpapillary_venous_plexus,0,0,0.3810593093093092
recovered_archive1/100,0,subpapillary_venous_plexus,1,0,0.47745570570570567
recovered_archive1/24,2,subpapillary_venous_plexus,0,0,0.3462888248790988
recovered_archive1/28,4,subpapillary_venous_plexus,1,1,0.634181188425154
recovered_archive1/29,3,subpapillary_venous_plexus,1,1,0.6797567579764927
recovered_archive1/30,2,subpapillary_venous_plexus,0,0,0.4543788826147658
recovered_archive1/31,0,subpapillary_venous_plexus,1,0,0.4777053839553839
recovered_archive1/32,3,subpapillary_venous_plexus,0,0,0.3647654524427207
recovered_archive1/33,0,subpapillary_venous_plexus,1,0,0.47294626769626774
recovered_archive1/34,4,subpapillary_venous_plexus,1,1,0.662949042359621
recovered_archive1/35,1,subpapillary_venous_plexus,1,1,0.6762964074340286
recovered_archive1/37,3,subpapillary_venous_plexus,0,0,0.4971221642296892
recovered_archive1/38,3,subpapillary_venous_plexus,1,1,0.5338954276232994
recovered_archive1/40,3,subpapillary_venous_plexus,1,0,0.42721149560818844
recovered_archive1/41,4,subpapillary_venous_plexus,1,0,0.4531270601950045
recovered_archive1/42,0,subpapillary_venous_plexus,0,0,0.34479118404118386
recovered_archive1/44,0,subpapillary_venous_plexus,1,1,0.6404012226512228
recovered_archive1/45,1,subpapillary_venous_plexus,0,0,0.4529865784388149
recovered_archive1/46,2,subpapillary_venous_plexus,1,0,0.39264936595904426
recovered_archive1/47,3,subpapillary_venous_plexus,1,1,0.8499297822129726
recovered_archive1/48,1,subpapillary_venous_plexus,1,0,0.40019433854052394
recovered_archive1/49,2,subpapillary_venous_plexus,1,1,0.5338442631859845
recovered_archive1/52,4,subpapillary_venous_plexus,0,0,0.2730155799439896
recovered_archive1/53,4,subpapillary_venous_plexus,0,1,0.6788641140478971
recovered_archive1/54,1,subpapillary_venous_plexus,1,0,0.43628344308830586
recovered_archive1/57,4,subpapillary_venous_plexus,0,0,0.4032702304767689
recovered_archive1/59,0,subpapillary_venous_plexus,0,0,0.3227429214929214
recovered_archive1/61,3,subpapillary_venous_plexus,0,0,0.2771887153232368
recovered_archive1/62,3,subpapillary_venous_plexus,0,0,0.4200004005446082
recovered_archive1/64,1,subpapillary_venous_plexus,1,1,0.531821154576303
recovered_archive1/66,2,subpapillary_venous_plexus,0,0,0.32241754341845774
recovered_archive1/67,0,subpapillary_venous_plexus,0,0,0.47297200772200765
recovered_archive1/68,3,subpapillary_venous_plexus,0,1,0.5956905692489215
recovered_archive1/69,2,subpapillary_venous_plexus,0,1,0.5011667788580149
recovered_archive1/70,2,subpapillary_venous_plexus,1,1,0.7560851937764295
recovered_archive1/71,1,subpapillary_venous_plexus,1,1,0.7815627490099043
recovered_archive1/72,2,subpapillary_venous_plexus,1,1,0.583853719531372
recovered_archive1/74,2,subpapillary_venous_plexus,1,1,0.5692818353225857
recovered_archive1/76,2,subpapillary_venous_plexus,1,1,0.8694077128989401
recovered_archive1/78,2,subpapillary_venous_plexus,1,1,0.5848140297741933
recovered_archive1/80,2,subpapillary_venous_plexus,0,0,0.41320867763290164
recovered_archive1/81,1,subpapillary_venous_plexus,0,0,0.4696561269327306
recovered_archive1/82,0,subpapillary_venous_plexus,0,0,0.46739939939939934
recovered_archive1/83,4,subpapillary_venous_plexus,0,1,0.5355193966452603
recovered_archive1/84,2,subpapillary_venous_plexus,0,0,0.44175402419862336
recovered_archive1/85,0,subpapillary_venous_plexus,1,1,0.5295422565422566
recovered_archive1/86,4,subpapillary_venous_plexus,1,1,0.557327921770341
recovered_archive1/89,4,subpapillary_venous_plexus,1,1,0.6386054193097972
recovered_archive1/9,3,subpapillary_venous_plexus,1,1,0.7210017885475357
recovered_archive1/90,3,subpapillary_venous_plexus,1,1,0.6111788800221039
recovered_archive1/92,1,subpapillary_venous_plexus,1,1,0.7493598001381725
recovered_archive1/94,3,subpapillary_venous_plexus,0,0,0.37992804320938406
recovered_archive1/95,4,subpapillary_venous_plexus,0,1,0.7160844607034007
recovered_archive1/96,1,subpapillary_venous_plexus,0,1,0.702195730088318
recovered_archive1/97,0,subpapillary_venous_plexus,0,0,0.44984931359931335
recovered_archive1/99,3,subpapillary_venous_plexus,0,1,0.5362617359294362
recovered_archive2/101,0,subpapillary_venous_plexus,0,1,0.667180501930502
recovered_archive2/103,0,subpapillary_venous_plexus,1,1,0.7297887172887172
recovered_archive2/104,4,subpapillary_venous_plexus,1,0,0.37268856492312197
recovered_archive2/105,2,subpapillary_venous_plexus,1,0,0.4901427220087153
recovered_archive2/106,1,subpapillary_venous_plexus,1,1,0.7439610056465722
recovered_archive2/107,1,subpapillary_venous_plexus,0,1,0.5563491823493638
recovered_archive2/108,0,subpapillary_venous_plexus,0,1,0.5850408622908624
recovered_archive2/109,3,subpapillary_venous_plexus,1,1,0.5549156820496762
recovered_archive2/110,2,subpapillary_venous_plexus,1,1,0.6315676485413958
recovered_archive2/111,2,subpapillary_venous_plexus,1,1,0.6701178521653943
recovered_archive2/112,0,subpapillary_venous_plexus,0,0,0.463395431145431
recovered_archive2/113,3,subpapillary_venous_plexus,0,0,0.3628921913773449
recovered_archive2/114,3,subpapillary_venous_plexus,1,1,0.8548680911710147
recovered_archive2/115,0,subpapillary_venous_plexus,1,0,0.36093296868296865
recovered_archive2/116,2,subpapillary_venous_plexus,0,0,0.40941379893706953
recovered_archive2/117,4,subpapillary_venous_plexus,0,0,0.32033794454874615
recovered_archive2/118,1,subpapillary_venous_plexus,0,1,0.5783345080333195
recovered_archive2/119,2,subpapillary_venous_plexus,0,0,0.4607999775921758
recovered_archive2/120,4,subpapillary_venous_plexus,1,0,0.3538051865323199
recovered_archive2/121,4,subpapillary_venous_plexus,1,0,0.3470561293324351
recovered_archive2/122,3,subpapillary_venous_plexus,0,0,0.4828122093499912
recovered_archive2/123,2,subpapillary_venous_plexus,1,1,0.8549415716998109
recovered_archive2/124,3,subpapillary_venous_plexus,1,1,0.7507407570469644
recovered_archive2/125,3,subpapillary_venous_plexus,1,1,0.7032519036075606
recovered_archive2/126,1,subpapillary_venous_plexus,0,0,0.45271232411484635
recovered_archive2/127,2,subpapillary_venous_plexus,0,0,0.400552870439239
recovered_archive2/128,1,subpapillary_venous_plexus,1,0,0.38375825940735697
recovered_archive2/129,1,subpapillary_venous_plexus,1,1,0.803531985568636
recovered_archive2/130,4,subpapillary_venous_plexus,1,1,0.7398010667256547
recovered_archive2/132,4,subpapillary_venous_plexus,1,1,0.5083799275627103
recovered_archive2/135,4,subpapillary_venous_plexus,1,1,0.5258990339361374
recovered_archive2/136,2,subpapillary_venous_plexus,1,0,0.4195443559734561
recovered_archive2/139,3,subpapillary_venous_plexus,1,1,0.5250565181683393
recovered_archive2/141,4,subpapillary_venous_plexus,1,1,0.6379508255246947
recovered_archive2/142,0,subpapillary_venous_plexus,1,1,0.5980156585156584
recovered_archive2/144,2,subpapillary_venous_plexus,0,1,0.5797199174198607
recovered_archive2/145,0,subpapillary_venous_plexus,1,0,0.4545765765765764
recovered_archive2/146,1,subpapillary_venous_plexus,0,1,0.5479741116282892
recovered_archive2/147,0,subpapillary_venous_plexus,1,1,0.5052046332046332
recovered_archive2/148,2,subpapillary_venous_plexus,1,0,0.4430936629800316
recovered_archive2/149,1,subpapillary_venous_plexus,1,1,0.6506466225889249
recovered_archive2/150,2,subpapillary_venous_plexus,0,1,0.6176222000241329
recovered_archive2/151,2,subpapillary_venous_plexus,0,0,0.4169335531898116
recovered_archive2/152,2,subpapillary_venous_plexus,1,0,0.45980853386965975
recovered_archive2/155,0,subpapillary_venous_plexus,0,0,0.47793371943371926
recovered_archive2/158,4,subpapillary_venous_plexus,1,0,0.47024841482178364
recovered_archive2/159,2,subpapillary_venous_plexus,0,1,0.518387900140262
recovered_archive2/161,1,subpapillary_venous_plexus,1,1,0.6979594750473818
recovered_archive2/162,3,subpapillary_venous_plexus,0,1,0.5222601121238012
recovered_archive2/163,4,subpapillary_venous_plexus,1,1,0.6031452437186715
recovered_archive2/164,3,subpapillary_venous_plexus,1,1,0.6196520238371488
recovered_archive2/165,4,subpapillary_venous_plexus,0,0,0.26728896094350474
recovered_archive2/167,2,subpapillary_venous_plexus,0,1,0.6549243162543698
recovered_archive2/168,3,subpapillary_venous_plexus,1,1,0.7188601184574818
recovered_archive2/169,0,subpapillary_venous_plexus,1,1,0.7789477691977693
recovered_archive2/170,0,subpapillary_venous_plexus,1,0,0.4505375375375375
recovered_archive2/171,4,subpapillary_venous_plexus,0,1,0.6024887281660283
recovered_archive2/172,0,subpapillary_venous_plexus,0,0,0.392152295152295
recovered_archive2/173,4,subpapillary_venous_plexus,1,1,0.6424354964185033
recovered_archive2/174,1,subpapillary_venous_plexus,0,0,0.46655049930564785
recovered_archive2/175,3,subpapillary_venous_plexus,1,1,0.7555248132971097
recovered_archive2/176,3,subpapillary_venous_plexus,1,1,0.8285516637994073
recovered_archive2/178,0,subpapillary_venous_plexus,1,1,0.5209448734448735
recovered_archive2/179,3,subpapillary_venous_plexus,1,1,0.6413711270894941
recovered_archive2/180,4,subpapillary_venous_plexus,0,0,0.428103257437982
recovered_archive2/181,0,subpapillary_venous_plexus,1,1,0.7151858644358646
recovered_archive2/183,0,subpapillary_venous_plexus,0,1,0.5433164950664953
recovered_archive2/184,1,subpapillary_venous_plexus,0,1,0.5032025319760057
recovered_archive2/186,1,subpapillary_venous_plexus,1,1,0.9109775313104713
recovered_archive2/189,3,subpapillary_venous_plexus,0,0,0.436863118900729
recovered_archive2/191,3,subpapillary_venous_plexus,1,1,0.6401337355551531
recovered_archive2/194,0,subpapillary_venous_plexus,1,1,0.7574762977262978
recovered_archive2/197,3,subpapillary_venous_plexus,0,1,0.5443638319915088
recovered_archive2/198,1,subpapillary_venous_plexus,1,0,0.4520354358783102
recovered_archive2/199,3,subpapillary_venous_plexus,1,0,0.306236845888862
recovered_archive2/200,2,subpapillary_venous_plexus,0,1,0.5795660260038333
recovered_archive3/201,4,subpapillary_venous_plexus,1,1,0.7586220208053039
recovered_archive3/202,0,subpapillary_venous_plexus,0,0,0.3560974903474902
recovered_archive3/204,0,subpapillary_venous_plexus,1,1,0.8619401544401548
recovered_archive3/206,3,subpapillary_venous_plexus,1,1,0.7062615031059862
recovered_archive3/207,0,subpapillary_venous_plexus,1,1,0.7709210639210641
recovered_archive3/209,3,subpapillary_venous_plexus,0,0,0.4749559748510949
recovered_archive3/210,1,subpapillary_venous_plexus,0,0,0.42843504632763485
recovered_archive3/211,2,subpapillary_venous_plexus,0,0,0.4606058028348942
recovered_archive3/212,1,subpapillary_venous_plexus,1,0,0.4839509257126966
recovered_archive3/213,3,subpapillary_venous_plexus,1,0,0.4019556154643762
recovered_archive3/214,0,subpapillary_venous_plexus,1,0,0.4244546332046331
recovered_archive3/215,2,subpapillary_venous_plexus,1,1,0.8190565829022008
recovered_archive3/216,4,subpapillary_venous_plexus,0,0,0.27846265783530927
recovered_archive3/218,0,subpapillary_venous_plexus,1,1,0.6726371728871732
recovered_archive3/220,4,subpapillary_venous_plexus,1,0,0.4703603038800755
recovered_archive3/221,3,subpapillary_venous_plexus,1,1,0.6961816303180711
recovered_archive3/222,0,subpapillary_venous_plexus,0,1,0.732782925782926
recovered_archive3/223,3,subpapillary_venous_plexus,0,1,0.6840381119849898
recovered_archive3/224,4,subpapillary_venous_plexus,0,0,0.32175949251896674
recovered_archive3/225,2,subpapillary_venous_plexus,1,1,0.7852118356341438
recovered_archive3/227,2,subpapillary_venous_plexus,0,0,0.17409456304793489
recovered_archive3/228,4,subpapillary_venous_plexus,0,0,0.42406600370819914
recovered_archive3/229,1,subpapillary_venous_plexus,0,1,0.5735319855686363
recovered_archive3/231,3,subpapillary_venous_plexus,1,1,0.5105315215917267
recovered_archive3/232,2,subpapillary_venous_plexus,1,1,0.6682544568786892
recovered_archive3/233,0,subpapillary_venous_plexus,0,0,0.4156339553839552
recovered_archive3/234,2,subpapillary_venous_plexus,0,0,0.34812402872788606
recovered_archive3/235,1,subpapillary_venous_plexus,0,0,0.4627780633759044
recovered_archive3/237,4,subpapillary_venous_plexus,0,0,0.4238826993787154
recovered_archive3/241,1,subpapillary_venous_plexus,0,0,0.45545324164211953
recovered_archive3/242,3,subpapillary_venous_plexus,1,1,0.5362235385390671
recovered_archive3/243,1,subpapillary_venous_plexus,0,0,0.3049368647218599
recovered_archive3/246,3,subpapillary_venous_plexus,1,1,0.5815367296647199
recovered_archive3/248,4,subpapillary_venous_plexus,1,1,0.737058251770215
recovered_archive3/250,3,subpapillary_venous_plexus,0,0,0.49648823673311826
recovered_archive3/251,2,subpapillary_venous_plexus,0,0,0.4308217765081364
recovered_archive3/252,2,subpapillary_venous_plexus,1,1,0.630187733522663
recovered_archive3/253,1,subpapillary_venous_plexus,0,1,0.6393761063696651
recovered_archive3/254,0,subpapillary_venous_plexus,0,0,0.4769170956670956
recovered_archive3/256,3,subpapillary_venous_plexus,0,0,0.2593283992416797
recovered_archive3/257,4,subpapillary_venous_plexus,1,0,0.3559802512484718
recovered_archive3/259,1,subpapillary_venous_plexus,1,1,0.766989384795789
recovered_archive3/261,4,subpapillary_venous_plexus,0,0,0.4274409840495156
recovered_archive3/262,0,subpapillary_venous_plexus,1,0,0.49731177606177585
recovered_archive3/263,2,subpapillary_venous_plexus,0,0,0.4772692767925472
recovered_archive3/264,0,subpapillary_venous_plexus,0,1,0.5189340411840412
recovered_archive3/265,4,subpapillary_venous_plexus,0,0,0.4624229391283164
recovered_archive3/266,3,subpapillary_venous_plexus,1,1,0.7079082490231071
recovered_archive3/267,3,subpapillary_venous_plexus,1,1,0.5596368538997541
recovered_archive1/1,0,papilla,1,1,0.7969027757640199
recovered_archive1/100,0,papilla,1,1,0.7655964066502348
recovered_archive1/24,2,papilla,1,1,0.844767585355821
recovered_archive1/28,4,papilla,1,1,0.5252876356430576
recovered_archive1/29,3,papilla,1,1,0.533882425795387
recovered_archive1/30,2,papilla,1,1,0.7417866447278214
recovered_archive1/31,0,papilla,1,1,0.8520307823047061
recovered_archive1/32,3,papilla,0,0,0.46625062623293523
recovered_archive1/33,0,papilla,1,1,0.8325289900600908
recovered_archive1/34,4,papilla,0,1,0.6883444074287451
recovered_archive1/35,1,papilla,0,0,0.3901523946532399
recovered_archive1/37,3,papilla,0,1,0.5623019297886614
recovered_archive1/38,3,papilla,1,1,0.6563033255614925
recovered_archive1/40,3,papilla,0,1,0.7181918928917392
recovered_archive1/41,4,papilla,1,0,0.45932545845196443
recovered_archive1/42,0,papilla,0,0,0.48699358013951327
recovered_archive1/44,0,papilla,0,1,0.5446633278559119
recovered_archive1/45,1,papilla,1,1,0.7449717197146796
recovered_archive1/46,2,papilla,0,1,0.855551899081311
recovered_archive1/47,3,papilla,1,1,0.8317871772359328
recovered_archive1/48,1,papilla,0,0,0.46800540670143287
recovered_archive1/49,2,papilla,1,1,0.7475277663512964
recovered_archive1/52,4,papilla,0,0,0.3941489269621799
recovered_archive1/53,4,papilla,1,1,0.6171683922105612
recovered_archive1/54,1,papilla,1,1,0.731202145897021
recovered_archive1/57,4,papilla,1,1,0.6735272914248821
recovered_archive1/59,0,papilla,1,1,0.8362274177178485
recovered_archive1/61,3,papilla,1,1,0.5971115936170773
recovered_archive1/62,3,papilla,1,1,0.7589685964553279
recovered_archive1/64,1,papilla,1,1,0.5143265240064739
recovered_archive1/66,2,papilla,1,1,0.812528451940217
recovered_archive1/67,0,papilla,1,0,0.3955120986580316
recovered_archive1/68,3,papilla,0,1,0.8288141979060717
recovered_archive1/69,2,papilla,0,1,0.5777828054298647
recovered_archive1/70,2,papilla,1,1,0.5179610585492939
recovered_archive1/71,1,papilla,1,1,0.8351540969849549
recovered_archive1/72,2,papilla,1,1,0.9123611682435214
recovered_archive1/74,2,papilla,1,1,0.7694885506650215
recovered_archive1/76,2,papilla,0,1,0.6433141368435487
recovered_archive1/78,2,papilla,1,1,0.8705333881804472
recovered_archive1/80,2,papilla,0,1,0.7741039352804063
recovered_archive1/81,1,papilla,1,1,0.5711170053347722
recovered_archive1/82,0,papilla,1,1,0.804763882847615
recovered_archive1/83,4,papilla,0,1,0.7180395344371252
recovered_archive1/84,2,papilla,0,0,0.47513368983957205
recovered_archive1/85,0,papilla,1,1,0.8888662260564175
recovered_archive1/86,4,papilla,1,1,0.6547378481354387
recovered_archive1/89,4,papilla,1,0,0.4930930109906013
recovered_archive1/9,3,papilla,1,1,0.6616858913037705
recovered_archive1/90,3,papilla,1,1,0.8836255619296071
recovered_archive1/92,1,papilla,1,1,0.823979823772703
recovered_archive1/94,3,papilla,1,1,0.6472892808073841
recovered_archive1/95,4,papilla,1,1,0.6458788195053258
recovered_archive1/96,1,papilla,1,1,0.9127485464245036
recovered_archive1/97,0,papilla,1,1,0.7071261337457516
recovered_archive1/99,3,papilla,0,0,0.44384206464168696
recovered_archive2/101,0,papilla,1,1,0.5478905079503168
recovered_archive2/103,0,papilla,1,0,0.3918347953216374
recovered_archive2/104,4,papilla,0,0,0.3792493981469884
recovered_archive2/105,2,papilla,1,0,0.33685863156451384
recovered_archive2/106,1,papilla,1,1,0.5675371815620693
recovered_archive2/107,1,papilla,0,1,0.5152270215189115
recovered_archive2/108,0,papilla,1,0,0.48530417009005533
recovered_archive2/109,3,papilla,1,1,0.9571310820196302
recovered_archive2/110,2,papilla,0,1,0.6995886466474704
recovered_archive2/111,2,papilla,1,1,0.7382339229398057
recovered_archive2/112,0,papilla,1,0,0.4275636750277899
recovered_archive2/113,3,papilla,0,1,0.6896197409453686
recovered_archive2/114,3,papilla,0,1,0.5598945475817744
recovered_archive2/115,0,papilla,1,0,0.49766081468593437
recovered_archive2/116,2,papilla,1,1,0.781349238996298
recovered_archive2/117,4,papilla,1,1,0.7954840470683846
recovered_archive2/118,1,papilla,1,1,0.88767136606126
recovered_archive2/119,2,papilla,1,1,0.6394583847525026
recovered_archive2/120,4,papilla,1,0,0.4712152101128005
recovered_archive2/121,4,papilla,0,1,0.5731773121592401
recovered_archive2/122,3,papilla,1,1,0.9274445496146165
recovered_archive2/123,2,papilla,0,1,0.6091087344028522
recovered_archive2/124,3,papilla,1,1,0.6821520068518532
recovered_archive2/125,3,papilla,1,1,0.6080005839800625
recovered_archive2/126,1,papilla,1,0,0.2880190613199067
recovered_archive2/127,2,papilla,0,1,0.805992047168518
recovered_archive2/128,1,papilla,0,1,0.5252111011209019
recovered_archive2/129,1,papilla,1,1,0.8684561529700894
recovered_archive2/130,4,papilla,0,1,0.7736871505425723
recovered_archive2/132,4,papilla,0,1,0.8296485735039953
recovered_archive2/135,4,papilla,0,1,0.6962604458026148
recovered_archive2/136,2,papilla,1,1,0.7792623063211301
recovered_archive2/139,3,papilla,1,1,0.571527847079209
recovered_archive2/141,4,papilla,1,1,0.7263634913875884
recovered_archive2/142,0,papilla,0,1,0.5545252565527685
recovered_archive2/144,2,papilla,1,1,0.8802468120115181
recovered_archive2/145,0,papilla,1,1,0.6552650186071242
recovered_archive2/146,1,papilla,1,1,0.7913347719235152
recovered_archive2/147,0,papilla,1,1,0.626948902904645
recovered_archive2/148,2,papilla,1,1,0.8267407102701226
recovered_archive2/149,1,papilla,1,1,0.7103974465024278
recovered_archive2/150,2,papilla,1,1,0.8554888249005899
recovered_archive2/151,2,papilla,0,1,0.6485067873303172
recovered_archive2/152,2,papilla,1,1,0.8001974496092148
recovered_archive2/155,0,papilla,1,1,0.810511039421327
recovered_archive2/158,4,papilla,1,1,0.8632916238759614
recovered_archive2/159,2,papilla,1,1,0.586005758946936
recovered_archive2/161,1,papilla,1,1,0.7874874303182883
recovered_archive2/162,3,papilla,1,1,0.5744077659268126
recovered_archive2/163,4,papilla,0,1,0.5867450564559
recovered_archive2/164,3,papilla,0,1,0.5163878481073904
recovered_archive2/165,4,papilla,1,1,0.8175292549268457
recovered_archive2/167,2,papilla,1,1,0.7811901823666535
recovered_archive2/168,3,papilla,0,1,0.7260564377417775
recovered_archive2/169,0,papilla,0,1,0.7301398595202427
recovered_archive2/170,0,papilla,0,1,0.6227679466112482
recovered_archive2/172,0,papilla,0,1,0.7689480168511272
recovered_archive2/173,4,papilla,1,1,0.744077771933194
recovered_archive2/174,1,papilla,1,1,0.6012190613199067
recovered_archive2/175,3,papilla,1,1,0.5560581379368971
recovered_archive2/176,3,papilla,1,1,0.6371753979750204
recovered_archive2/178,0,papilla,0,0,0.47464327082628527
recovered_archive2/179,3,papilla,0,0,0.42923172685054967
recovered_archive2/180,4,papilla,0,0,0.49865896851439034
recovered_archive2/181,0,papilla,1,1,0.728677464437034
recovered_archive2/183,0,papilla,1,1,0.8807452878062928
recovered_archive2/184,1,papilla,0,1,0.5910182101540492
recovered_archive2/186,1,papilla,1,1,0.8285869328058503
recovered_archive2/188,1,papilla,0,0,0.4213081939699097
recovered_archive2/189,3,papilla,0,1,0.7927160079418598
recovered_archive2/191,3,papilla,1,1,0.7905920744698901
recovered_archive2/194,0,papilla,0,0,0.48187743463341537
recovered_archive2/197,3,papilla,1,0,0.4068602301849147
recovered_archive2/198,1,papilla,1,0,0.4246857279865734
recovered_archive2/199,3,papilla,1,1,0.7867109826220566
recovered_archive2/200,2,papilla,0,1,0.760357877416701
recovered_archive3/201,4,papilla,0,0,0.41156368091910256
recovered_archive3/202,0,papilla,0,0,0.49065464453143876
recovered_archive3/204,0,papilla,1,1,0.8668337360849324
recovered_archive3/206,3,papilla,1,1,0.7550775285614297
recovered_archive3/207,0,papilla,1,1,0.7724420037697551
recovered_archive3/209,3,papilla,1,0,0.4672185345460495
recovered_archive3/210,1,papilla,1,0,0.3663290775040462
recovered_archive3/211,2,papilla,0,0,0.4068325791855203
recovered_archive3/212,1,papilla,1,1,0.6551275190313495
recovered_archive3/213,3,papilla,1,1,0.6314614218671298
recovered_archive3/214,0,papilla,0,1,0.6205237905369485
recovered_archive3/215,2,papilla,1,1,0.6834018922254219
recovered_archive3/216,4,papilla,1,1,0.5312152101128005
recovered_archive3/218,0,papilla,1,1,0.7195398764358099
recovered_archive3/220,4,papilla,1,1,0.6460786277473027
recovered_archive3/221,3,papilla,0,1,0.5577422786445073
recovered_archive3/222,0,papilla,0,1,0.6471985807033657
recovered_archive3/223,3,papilla,0,1,0.5378164756971219
recovered_archive3/224,4,papilla,1,1,0.6494507148483055
recovered_archive3/225,2,papilla,1,1,0.8923913341560402
recovered_archive3/227,2,papilla,0,1,0.7448827642945294
recovered_archive3/228,4,papilla,1,1,0.5355198451463514
recovered_archive3/229,1,papilla,1,1,0.591970724689804
recovered_archive3/231,3,papilla,0,1,0.7383847978363839
recovered_archive3/232,2,papilla,1,1,0.8679528314822437
recovered_archive3/233,0,papilla,0,1,0.5250046276158716
recovered_archive3/234,2,papilla,0,1,0.7071109282873994
recovered_archive3/235,1,papilla,1,1,0.8374038482287358
recovered_archive3/237,4,papilla,1,1,0.8265433598566133
recovered_archive3/241,1,papilla,1,1,0.8639485464245041
recovered_archive3/242,3,papilla,1,1,0.6783014546748476
recovered_archive3/243,1,papilla,0,1,0.6171444344542351
recovered_archive3/246,3,papilla,1,1,0.7714308821963023
recovered_archive3/248,4,papilla,1,1,0.8242354295908516
recovered_archive3/250,3,papilla,1,1,0.6990027818014606
recovered_archive3/251,2,papilla,1,1,0.9050157685451806
recovered_archive3/252,2,papilla,1,1,0.833407376936789
recovered_archive3/253,1,papilla,1,1,0.6175121620811607
recovered_archive3/254,0,papilla,1,1,0.7940432877418527
recovered_archive3/256,3,papilla,1,1,0.5400416951012537
recovered_archive3/257,4,papilla,1,1,0.8152966307363901
recovered_archive3/259,1,papilla,1,1,0.781829575016484
recovered_archive3/261,4,papilla,1,0,0.40352653719521175
recovered_archive3/262,0,papilla,1,1,0.8381218283311587
recovered_archive3/263,2,papilla,0,1,0.6020224873166052
recovered_archive3/264,0,papilla,1,1,0.7963062805084339
recovered_archive3/265,4,papilla,1,1,0.8698822914666292
recovered_archive3/266,3,papilla,1,1,0.8799428754600354
recovered_archive3/267,3,papilla,1,1,0.792914413320121
