duplicate_group_id,member_a,member_b,member_paths,xml_signature_count,ai_recommendation,decision,decision_reason,reviewer,review_time,decision_guide,evidence_path,ai_recommended_final
D009,E:\甲劈微循环\data\血管数据集\分类数据集\扩充之前\images\292.jpg,E:\甲劈微循环\data\血管数据集\分类数据集\扩充之前\images\518.jpg,E:\甲劈微循环\data\血管数据集\分类数据集\扩充之前\images\292.jpg;E:\甲劈微循环\data\血管数据集\分类数据集\扩充之前\images\518.jpg,2,HOLD,A,A has one additional vessel box and visually broader coverage.,AI_visual_adjudication_v1,2026-08-30,A=采用member_a; B=采用member_b; MERGE=逐框合并且去重; HOLD=暂不使用,E:\甲劈微循环\artifacts\audits\vascular_dataset_governance_20260830\duplicate_annotation_consistency.csv,A
D058,E:\甲劈微循环\data\血管数据集\分类数据集\扩充之前\images\403.jpg,E:\甲劈微循环\data\血管数据集\分类数据集\扩充之前\images\527.jpg,E:\甲劈微循环\data\血管数据集\分类数据集\扩充之前\images\403.jpg;E:\甲劈微循环\data\血管数据集\分类数据集\扩充之前\images\527.jpg,2,HOLD,A,A has one additional cross-vessel box and broader coverage.,AI_visual_adjudication_v1,2026-08-30,A=采用member_a; B=采用member_b; MERGE=逐框合并且去重; HOLD=暂不使用,E:\甲劈微循环\artifacts\audits\vascular_dataset_governance_20260830\duplicate_annotation_consistency.csv,A
D340,E:\甲劈微循环\data\血管数据集\分类数据集\扩充之前\images\354.jpg,E:\甲劈微循环\data\血管数据集\分类数据集\扩充之前\images\530.jpg,E:\甲劈微循环\data\血管数据集\分类数据集\扩充之前\images\354.jpg;E:\甲劈微循环\data\血管数据集\分类数据集\扩充之前\images\530.jpg,2,HOLD,B,B真实可见血管，但新增框较模糊；保留并标记低质量风险,user+AI_visual_adjudication,2026-08-30,A=采用member_a; B=采用member_b; MERGE=逐框合并且去重; HOLD=暂不使用,E:\甲劈微循环\artifacts\audits\vascular_dataset_governance_20260830\duplicate_annotation_consistency.csv,B
D356,E:\甲劈微循环\data\血管数据集\分类数据集\扩充之前\images\337.jpg,E:\甲劈微循环\data\血管数据集\分类数据集\扩充之前\images\57.jpg,E:\甲劈微循环\data\血管数据集\分类数据集\扩充之前\images\337.jpg;E:\甲劈微循环\data\血管数据集\分类数据集\扩充之前\images\57.jpg,2,HOLD,B,B covers substantially more visible loops; A is under-annotated.,AI_visual_adjudication_v1,2026-08-30,A=采用member_a; B=采用member_b; MERGE=逐框合并且去重; HOLD=暂不使用,E:\甲劈微循环\artifacts\audits\vascular_dataset_governance_20260830\duplicate_annotation_consistency.csv,B
D401,E:\甲劈微循环\data\血管数据集\分类数据集\扩充之前\images\388.jpg,E:\甲劈微循环\data\血管数据集\分类数据集\扩充之前\images\543.jpg,E:\甲劈微循环\data\血管数据集\分类数据集\扩充之前\images\388.jpg;E:\甲劈微循环\data\血管数据集\分类数据集\扩充之前\images\543.jpg,2,HOLD,B,B adds a visible right-side vessel and retains the cross-vessel box.,AI_visual_adjudication_v1,2026-08-30,A=采用member_a; B=采用member_b; MERGE=逐框合并且去重; HOLD=暂不使用,E:\甲劈微循环\artifacts\audits\vascular_dataset_governance_20260830\duplicate_annotation_consistency.csv,B
D463,E:\甲劈微循环\data\血管数据集\分类数据集\扩充之前\images\190.jpg,E:\甲劈微循环\data\血管数据集\分类数据集\扩充之前\images\400.jpg,E:\甲劈微循环\data\血管数据集\分类数据集\扩充之前\images\190.jpg;E:\甲劈微循环\data\血管数据集\分类数据集\扩充之前\images\400.jpg,2,HOLD,A,A covers one additional visible vessel; both use vessel class.,AI_visual_adjudication_v1,2026-08-30,A=采用member_a; B=采用member_b; MERGE=逐框合并且去重; HOLD=暂不使用,E:\甲劈微循环\artifacts\audits\vascular_dataset_governance_20260830\duplicate_annotation_consistency.csv,A
D469,E:\甲劈微循环\data\血管数据集\分类数据集\扩充之前\images\124.jpg,E:\甲劈微循环\data\血管数据集\分类数据集\扩充之前\images\330.jpg,E:\甲劈微循环\data\血管数据集\分类数据集\扩充之前\images\124.jpg;E:\甲劈微循环\data\血管数据集\分类数据集\扩充之前\images\330.jpg,2,HOLD,A,A has broader vessel coverage; B has fewer boxes.,AI_visual_adjudication_v1,2026-08-30,A=采用member_a; B=采用member_b; MERGE=逐框合并且去重; HOLD=暂不使用,E:\甲劈微循环\artifacts\audits\vascular_dataset_governance_20260830\duplicate_annotation_consistency.csv,A
D486,E:\甲劈微循环\data\血管数据集\分类数据集\扩充之前\images\522.jpg,E:\甲劈微循环\data\血管数据集\分类数据集\扩充之前\images\69.jpg,E:\甲劈微循环\data\血管数据集\分类数据集\扩充之前\images\522.jpg;E:\甲劈微循环\data\血管数据集\分类数据集\扩充之前\images\69.jpg,2,HOLD,A,交叉血管语义确认，采用 A,user+AI_visual_adjudication,2026-08-30,A=采用member_a; B=采用member_b; MERGE=逐框合并且去重; HOLD=暂不使用,E:\甲劈微循环\artifacts\audits\vascular_dataset_governance_20260830\duplicate_annotation_consistency.csv,A
D494,E:\甲劈微循环\data\血管数据集\分类数据集\扩充之前\images\364.jpg,E:\甲劈微循环\data\血管数据集\分类数据集\扩充之前\images\505.jpg,E:\甲劈微循环\data\血管数据集\分类数据集\扩充之前\images\364.jpg;E:\甲劈微循环\data\血管数据集\分类数据集\扩充之前\images\505.jpg,2,HOLD,MERGE,两份框互补，合并并按 IoU 去重,user+AI_visual_adjudication,2026-08-30,A=采用member_a; B=采用member_b; MERGE=逐框合并且去重; HOLD=暂不使用,E:\甲劈微循环\artifacts\audits\vascular_dataset_governance_20260830\duplicate_annotation_consistency.csv,MERGE
D540,E:\甲劈微循环\data\血管数据集\分类数据集\扩充之前\images\13.jpg,E:\甲劈微循环\data\血管数据集\分类数据集\扩充之前\images\321.jpg,E:\甲劈微循环\data\血管数据集\分类数据集\扩充之前\images\13.jpg;E:\甲劈微循环\data\血管数据集\分类数据集\扩充之前\images\321.jpg,2,HOLD,A,A covers substantially more visible structures; B appears under-annotated.,AI_visual_adjudication_v1,2026-08-30,A=采用member_a; B=采用member_b; MERGE=逐框合并且去重; HOLD=暂不使用,E:\甲劈微循环\artifacts\audits\vascular_dataset_governance_20260830\duplicate_annotation_consistency.csv,A
