duplicate_group_id,member_a,member_b,actual_a_box_count,actual_b_box_count,actual_a_class_counts,actual_b_class_counts,user_proposed_decision,ai_validation,final_decision,reason,evidence
D009,292,518,8,7,"{""vessel"": 6, ""malformed_vessel"": 2}","{""malformed_vessel"": 2, ""vessel"": 5}",B,REJECT_PROPOSED_AS_FINAL,HOLD,same image but annotation signatures differ; visual adjudication or explicit annotation policy required,E:\甲劈微循环\artifacts\audits\vascular_dataset_governance_20260830\duplicate_annotation_consistency.csv
D058,403,527,8,7,"{""cross_vessel"": 6, ""malformed_vessel"": 2}","{""cross_vessel"": 4, ""malformed_vessel"": 3}",A,REJECT_PROPOSED_AS_FINAL,HOLD,same image but annotation signatures differ; visual adjudication or explicit annotation policy required,E:\甲劈微循环\artifacts\audits\vascular_dataset_governance_20260830\duplicate_annotation_consistency.csv
D340,354,530,7,8,"{""cross_vessel"": 2, ""vessel"": 5}","{""cross_vessel"": 2, ""vessel"": 6}",MERGE,REJECT_PROPOSED_AS_FINAL,HOLD,same image but annotation signatures differ; visual adjudication or explicit annotation policy required,E:\甲劈微循环\artifacts\audits\vascular_dataset_governance_20260830\duplicate_annotation_consistency.csv
D356,337,57,4,11,"{""cross_vessel"": 1, ""vessel"": 3}","{""malformed_vessel"": 5, ""cross_vessel"": 2, ""vessel"": 4}",B,REJECT_PROPOSED_AS_FINAL,HOLD,same image but annotation signatures differ; visual adjudication or explicit annotation policy required,E:\甲劈微循环\artifacts\audits\vascular_dataset_governance_20260830\duplicate_annotation_consistency.csv
D401,388,543,5,6,"{""vessel"": 4, ""cross_vessel"": 1}","{""vessel"": 5, ""cross_vessel"": 1}",B,REJECT_PROPOSED_AS_FINAL,HOLD,same image but annotation signatures differ; visual adjudication or explicit annotation policy required,E:\甲劈微循环\artifacts\audits\vascular_dataset_governance_20260830\duplicate_annotation_consistency.csv
D463,190,400,10,9,"{""vessel"": 10}","{""vessel"": 9}",A,REJECT_PROPOSED_AS_FINAL,HOLD,same image but annotation signatures differ; visual adjudication or explicit annotation policy required,E:\甲劈微循环\artifacts\audits\vascular_dataset_governance_20260830\duplicate_annotation_consistency.csv
D469,124,330,9,7,"{""cross_vessel"": 2, ""malformed_vessel"": 3, ""vessel"": 4}","{""cross_vessel"": 3, ""malformed_vessel"": 2, ""vessel"": 2}",A,REJECT_PROPOSED_AS_FINAL,HOLD,same image but annotation signatures differ; visual adjudication or explicit annotation policy required,E:\甲劈微循环\artifacts\audits\vascular_dataset_governance_20260830\duplicate_annotation_consistency.csv
D486,522,69,6,6,"{""cross_vessel"": 2, ""vessel"": 4}","{""vessel"": 5, ""malformed_vessel"": 1}",A,REJECT_PROPOSED_AS_FINAL,HOLD,same image but annotation signatures differ; visual adjudication or explicit annotation policy required,E:\甲劈微循环\artifacts\audits\vascular_dataset_governance_20260830\duplicate_annotation_consistency.csv
D494,364,505,8,8,"{""cross_vessel"": 1, ""vessel"": 7}","{""cross_vessel"": 1, ""vessel"": 7}",MERGE,CANDIDATE_ONLY,HOLD,same image but annotation signatures differ; visual adjudication or explicit annotation policy required,E:\甲劈微循环\artifacts\audits\vascular_dataset_governance_20260830\duplicate_annotation_consistency.csv
D540,13,321,12,8,"{""vessel"": 9, ""cross_vessel"": 1, ""malformed_vessel"": 2}","{""vessel"": 5, ""malformed_vessel"": 3}",MERGE,REJECT_PROPOSED_AS_FINAL,HOLD,same image but annotation signatures differ; visual adjudication or explicit annotation policy required,E:\甲劈微循环\artifacts\audits\vascular_dataset_governance_20260830\duplicate_annotation_consistency.csv
