field,n_classes,arm,cls,n,recall
afferent_diameter,3,anchor_dinov2b_deployed,0,56,0.375
afferent_diameter,3,anchor_dinov2b_deployed,1,75,0.6533
afferent_diameter,3,anchor_dinov2b_deployed,2,34,0.2059
afferent_diameter,3,biomedclip_medical,0,56,0.25
afferent_diameter,3,biomedclip_medical,1,75,0.6133
afferent_diameter,3,biomedclip_medical,2,34,0.2647
apex_diameter,3,anchor_dinov2b_deployed,0,25,0.0
apex_diameter,3,anchor_dinov2b_deployed,1,72,0.4306
apex_diameter,3,anchor_dinov2b_deployed,2,72,0.625
apex_diameter,3,biomedclip_medical,0,25,0.08
apex_diameter,3,biomedclip_medical,1,72,0.5556
apex_diameter,3,biomedclip_medical,2,72,0.6944
blood_color,2,anchor_dinov2b_deployed,0,100,0.64
blood_color,2,anchor_dinov2b_deployed,1,81,0.7407
blood_color,2,biomedclip_medical,0,100,0.74
blood_color,2,biomedclip_medical,1,81,0.716
capillary_count,3,anchor_dinov2b_deployed,0,125,0.952
capillary_count,3,anchor_dinov2b_deployed,1,42,0.0714
capillary_count,3,anchor_dinov2b_deployed,2,15,0.3333
capillary_count,3,biomedclip_medical,0,125,0.944
capillary_count,3,biomedclip_medical,1,42,0.0476
capillary_count,3,biomedclip_medical,2,15,0.2
clarity,2,anchor_dinov2b_deployed,0,91,0.8242
clarity,2,anchor_dinov2b_deployed,1,94,0.8511
clarity,2,biomedclip_medical,0,91,0.7582
clarity,2,biomedclip_medical,1,94,0.8085
crossing_ratio,2,anchor_dinov2b_deployed,0,112,0.875
crossing_ratio,2,anchor_dinov2b_deployed,1,65,0.1846
crossing_ratio,2,biomedclip_medical,0,112,0.9018
crossing_ratio,2,biomedclip_medical,1,65,0.2462
efferent_diameter,3,anchor_dinov2b_deployed,0,23,0.0
efferent_diameter,3,anchor_dinov2b_deployed,1,99,0.9091
efferent_diameter,3,anchor_dinov2b_deployed,2,42,0.3095
efferent_diameter,3,biomedclip_medical,0,23,0.0
efferent_diameter,3,biomedclip_medical,1,99,0.9495
efferent_diameter,3,biomedclip_medical,2,42,0.3571
exudation,2,anchor_dinov2b_deployed,0,93,0.7097
exudation,2,anchor_dinov2b_deployed,1,90,0.7889
exudation,2,biomedclip_medical,0,93,0.7312
exudation,2,biomedclip_medical,1,90,0.8
flow_state,2,anchor_dinov2b_deployed,0,41,0.0
flow_state,2,anchor_dinov2b_deployed,1,138,0.9855
flow_state,2,biomedclip_medical,0,41,0.0488
flow_state,2,biomedclip_medical,1,138,1.0
loop_length,3,anchor_dinov2b_deployed,0,32,0.25
loop_length,3,anchor_dinov2b_deployed,1,55,0.4364
loop_length,3,anchor_dinov2b_deployed,2,89,0.8427
loop_length,3,biomedclip_medical,0,32,0.125
loop_length,3,biomedclip_medical,1,55,0.4545
loop_length,3,biomedclip_medical,2,89,0.7978
malformation_ratio,2,anchor_dinov2b_deployed,0,92,0.7609
malformation_ratio,2,anchor_dinov2b_deployed,1,70,0.5
malformation_ratio,2,biomedclip_medical,0,92,0.7935
malformation_ratio,2,biomedclip_medical,1,70,0.5571
microthrombus,2,anchor_dinov2b_deployed,0,108,0.7407
microthrombus,2,anchor_dinov2b_deployed,1,74,0.5676
microthrombus,2,biomedclip_medical,0,108,0.787
microthrombus,2,biomedclip_medical,1,74,0.6351
papilla,3,anchor_dinov2b_deployed,0,66,0.5
papilla,3,anchor_dinov2b_deployed,1,77,0.5065
papilla,3,anchor_dinov2b_deployed,2,42,0.2381
papilla,3,biomedclip_medical,0,66,0.3788
papilla,3,biomedclip_medical,1,77,0.5455
papilla,3,biomedclip_medical,2,42,0.1667
rbc_aggregation,2,anchor_dinov2b_deployed,0,31,0.0
rbc_aggregation,2,anchor_dinov2b_deployed,1,150,0.9867
rbc_aggregation,2,biomedclip_medical,0,31,0.0
rbc_aggregation,2,biomedclip_medical,1,150,0.9933
subpapillary_venous_plexus,2,anchor_dinov2b_deployed,0,79,0.7975
subpapillary_venous_plexus,2,anchor_dinov2b_deployed,1,105,0.8667
subpapillary_venous_plexus,2,biomedclip_medical,0,79,0.6076
subpapillary_venous_plexus,2,biomedclip_medical,1,105,0.8095
