field,n_classes,n,accuracy_anchor,accuracy_candidate,accuracy_diff,accuracy_diff_ci,accuracy_diff_ci_excludes_zero,ba_anchor,ba_candidate,ba_diff,ba_diff_ci,ba_diff_ci_excludes_zero,candidate_right_anchor_wrong,anchor_right_candidate_wrong
afferent_diameter,3,165,0.4667,0.4182,-0.0485,"[-0.1212, 0.0303]",False,0.4114,0.376,-0.0354,"[-0.1082, 0.0404]",False,16,24
apex_diameter,3,169,0.4497,0.5444,0.0947,"[0.0235, 0.1657]",True,0.3519,0.4433,0.0915,"[0.0271, 0.1579]",True,30,14
blood_color,2,181,0.6851,0.7293,0.0442,"[-0.0221, 0.116]",False,0.6904,0.728,0.0377,"[-0.0276, 0.1073]",False,24,16
capillary_count,3,182,0.6978,0.6758,-0.022,"[-0.0659, 0.0166]",False,0.4523,0.3972,-0.055,"[-0.1496, 0.0328]",False,6,10
clarity,2,185,0.8378,0.7838,-0.0541,"[-0.1027, -0.0054]",True,0.8376,0.7834,-0.0542,"[-0.1041, -0.0043]",True,6,16
crossing_ratio,2,177,0.6215,0.661,0.0395,"[-0.0113, 0.0904]",False,0.5298,0.574,0.0442,"[-0.0145, 0.1024]",False,15,8
efferent_diameter,3,164,0.628,0.6646,0.0366,"[-0.0122, 0.0854]",False,0.4062,0.4355,0.0293,"[-0.0165, 0.0759]",False,11,5
exudation,2,183,0.7486,0.765,0.0164,"[-0.0383, 0.071]",False,0.7493,0.7656,0.0163,"[-0.0377, 0.0714]",False,14,11
flow_state,2,179,0.7598,0.7821,0.0223,"[0.0056, 0.0447]",True,0.4928,0.5244,0.0316,"[0.0035, 0.0705]",True,4,0
loop_length,3,176,0.608,0.5682,-0.0398,"[-0.0966, 0.017]",False,0.5097,0.4591,-0.0506,"[-0.1188, 0.0158]",False,10,17
malformation_ratio,2,162,0.6481,0.6914,0.0432,"[-0.0247, 0.1111]",False,0.6304,0.6753,0.0449,"[-0.0211, 0.108]",False,19,12
microthrombus,2,182,0.6703,0.7253,0.0549,"[0.0, 0.1154]",False,0.6542,0.7111,0.0569,"[-0.0005, 0.1189]",False,20,10
papilla,3,185,0.4432,0.4,-0.0432,"[-0.1243, 0.0324]",False,0.4149,0.3636,-0.0512,"[-0.1323, 0.0285]",False,23,31
rbc_aggregation,2,181,0.8177,0.8232,0.0055,"[-0.011, 0.0221]",False,0.4933,0.4967,0.0033,"[-0.0069, 0.014]",False,2,1
subpapillary_venous_plexus,2,184,0.837,0.7228,-0.1141,"[-0.1793, -0.0489]",True,0.8321,0.7086,-0.1235,"[-0.1909, -0.0592]",True,9,30
