exam_case_id,patient_id,archive_id,numeric_directory,cap_count_raw,cap_count_usable,report_copy_count,video_count,has_rep_rtf,has_prn_rtf,reference_report,report_present_field_count,report_label_available,split,duplicate_group,split_seed,clarity,capillary_count,afferent_diameter,efferent_diameter,output_input_ratio,apex_diameter,loop_length,crossing_ratio,malformation_ratio,flow_state,flow_speed_um_s,vasomotion,rbc_aggregation,wbc_count,microthrombus,blood_color,exudation,hemorrhage,subpapillary_venous_plexus,papilla,sweat_duct,morphology_score,flow_score,periloop_score,total_score,overall_assessment,report_copy_predictions,conflict_field_count,auto_label_status,fold,fold_seed
recovered_archive1/1,,recovered_archive1,1,4,4,4,0,True,True,recovered_archive1/1/rep.jpg.jpg,20,True,train,recovered_archive1/1,20260801,不清,>=7,10.0,13.0,1.3,22.0,164.0,<=30%,<=10%,粒线流,,0--1,无,1--30,无,浅红,无,无,不见,波纹状,0--2,0.6,0.6,0.0,1.2,大致正常,4,0,consensus,2,20260802
recovered_archive1/9,,recovered_archive1,9,6,6,2,0,False,False,recovered_archive1/9/rep.jpg.jpg,20,True,train,recovered_archive1/9,20260801,清晰,>=7,16.0,21.0,1.3,24.0,364.0,<=30%,<=10%,粒流,,0--1,轻度,1--30,1--2,暗红,无,无,可见1排,波纹状,0--2,3.6,3.4,0.1,7.1,中度异常,2,0,consensus,0,20260802
recovered_archive1/23,,recovered_archive1,23,5,5,2,1,False,False,recovered_archive1/23/rep.jpg.jpg,20,True,train,recovered_archive1/23,20260801,清晰,>=7,10.0,16.0,1.6,16.0,121.0,<=30%,<=10%,粒流,,0--1,中度,1--30,无,暗红,无,无,不见,浅波纹状,0--2,0.2,2.2,0.4,2.8,轻度异常,2,0,consensus,3,20260802
recovered_archive1/24,,recovered_archive1,24,7,7,3,0,False,False,recovered_archive1/24/rep.jpg.jpg,20,True,train,recovered_archive1/24,20260801,清晰,>=7,9.0,14.0,1.6,18.0,99.0,<=30%,<=10%,线流,,0--1,无,1--30,无,淡红,无,无,不见,波纹状,0--2,0.4,0.0,0.0,0.4,正常,3,0,consensus,1,20260802
recovered_archive1/28,,recovered_archive1,28,9,9,3,0,True,True,recovered_archive1/28/rep.jpg.jpg,20,True,val,recovered_archive1/28,20260801,清晰,>=7,6.0,11.0,1.8,13.0,246.0,30--60%,30--60%,粒线流,,0--1,无,1--30,无,浅红,无,无,可见1排,波纹状,0--2,1.6,0.6,0.1,2.3,轻度异常,3,0,consensus,2,20260802
recovered_archive1/29,,recovered_archive1,29,12,12,5,2,True,True,recovered_archive1/29/rep.jpg.jpg,19,True,train,recovered_archive1/29,20260801,清晰,5--6,13.0,15.0,1.2,19.0,169.0,<=30%,<=10%,粒流,,0--1,中度,1--30,无,浅红,无,无,可见2排,浅波纹状,,0.9,2.0,0.8,3.7,轻度异常,5,0,consensus,3,20260802
recovered_archive1/30,,recovered_archive1,30,10,10,4,1,True,True,recovered_archive1/30/rep.jpg.jpg,19,True,train,recovered_archive1/30,20260801,清晰,>=7,8.0,13.0,1.6,8.0,335.0,30--60%,<=10%,粒线流,,0--1,中度,1--30,1--2,浅红,+,无,不见,浅波纹状,,1.2,3.6,1.9,6.7,中度异常,4,0,consensus,4,20260802
recovered_archive1/31,,recovered_archive1,31,5,5,4,0,True,True,recovered_archive1/31/rep.jpg.jpg,20,True,test,recovered_archive1/31,20260801,清晰,>=7,7.0,11.0,1.6,10.0,205.0,<=30%,10--30%,线粒流,,0--1,无,1--30,无,浅红,无,无,可见2排,浅波纹状,0--2,0.7,0.2,0.8,1.7,大致正常,4,0,consensus,2,20260802
recovered_archive1/32,,recovered_archive1,32,8,7,4,0,True,True,recovered_archive1/32/rep.jpg.jpg,18,True,test,recovered_archive1/32,20260801,不清,3--4,9.0,19.0,2.1,48.0,194.0,,,线粒流,,0--1,轻度,1--30,无,暗红,+,1--2,不见,平坦,0--2,3.3,0.6,3.9,7.8,中度异常,4,0,consensus,3,20260802
recovered_archive1/33,,recovered_archive1,33,8,8,4,0,True,True,recovered_archive1/33/rep.jpg.jpg,19,True,train,recovered_archive1/33,20260801,不清,>=7,8.0,18.0,2.3,14.0,186.0,<=30%,,粒线流,,0--1,无,1--30,无,浅红,无,无,可见1排,浅波纹状,0--2,0.5,0.6,0.5,1.6,大致正常,4,0,consensus,0,20260802
recovered_archive1/34,,recovered_archive1,34,7,7,4,1,True,True,recovered_archive1/34/rep.jpg.jpg,17,True,train,recovered_archive1/34,20260801,清晰,>=7,,,,40.0,325.0,<=30%,>60%,粒流,,0--1,轻度,1--30,>2,暗红,+,无,可见2排,平坦,0--2,2.6,6.2,3.5,12.3,重度异常,4,0,consensus,4,20260802
recovered_archive1/35,,recovered_archive1,35,11,11,4,0,True,True,recovered_archive1/35/rep.jpg.jpg,20,True,train,recovered_archive1/35,20260801,清晰,>=7,8.0,11.0,1.4,13.0,82.0,<=30%,30--60%,粒线流,,0--1,轻度,1--30,无,浅红,无,无,可见1排,平坦,0--2,1.0,0.8,1.7,3.5,轻度异常,4,0,consensus,1,20260802
recovered_archive1/36,,recovered_archive1,36,5,5,4,1,True,True,recovered_archive1/36/rep.jpg.jpg,20,True,train,recovered_archive1/36,20260801,不清,>=7,8.0,9.0,1.1,10.0,70.0,30--60%,30--60%,粒线流,,0--1,轻度,1--30,无,淡红,+,无,可见1排,平坦,0--2,1.6,0.6,3.2,5.4,中度异常,4,0,consensus,4,20260802
recovered_archive1/37,,recovered_archive1,37,5,5,4,0,True,True,recovered_archive1/37/rep.jpg.jpg,14,True,val,recovered_archive1/37,20260801,不清,>=7,,,,,,<=30%,,线粒流,,0--1,无,1--30,无,浅红,无,无,不见,平坦,0--2,0.2,0.2,1.6,2.0,大致正常,4,0,consensus,2,20260802
recovered_archive1/38,,recovered_archive1,38,15,14,4,1,True,True,recovered_archive1/38/rep.jpg.jpg,19,True,test,recovered_archive1/32,20260801,不清,>=7,10.0,8.0,0.8,11.0,218.0,30--60%,10--30%,粒流,,0--1,中度,1--30,1--2,暗红,++,无,可见2排,浅波纹状,,1.1,4.2,4.4,9.7,重度异常,4,0,consensus,3,20260802
recovered_archive1/39,,recovered_archive1,39,9,9,4,0,True,True,recovered_archive1/39/rep.jpg.jpg,20,True,train,recovered_archive1/39,20260801,清晰,5--6,7.0,14.0,2.0,13.0,369.0,<=30%,30--60%,线粒流,,0--1,轻度,1--30,1--2,浅红,无,无,可见2排,浅波纹状,0--2,3.4,2.4,0.8,6.6,中度异常,4,0,consensus,2,20260802
recovered_archive1/40,,recovered_archive1,40,7,7,4,0,True,True,recovered_archive1/40/rep.jpg.jpg,20,True,train,recovered_archive1/40,20260801,不清,>=7,10.0,15.0,1.5,21.0,143.0,<=30%,<=10%,粒线流,,0--1,轻度,1--30,无,浅红,+,无,可见1排,平坦,0--2,0.5,0.8,3.2,4.5,中度异常,4,0,consensus,4,20260802
recovered_archive1/41,,recovered_archive1,41,17,17,4,0,True,True,recovered_archive1/41/rep.jpg.jpg,20,True,train,recovered_archive1/41,20260801,清晰,3--4,7.0,10.0,1.4,8.0,171.0,30--60%,<=10%,粒线流,,0--1,中度,1--30,无,暗红,++,无,可见2排,浅波纹状,0--2,2.9,1.8,4.4,9.1,重度异常,4,0,consensus,2,20260802
recovered_archive1/42,,recovered_archive1,42,9,9,4,0,True,True,recovered_archive1/42/rep.jpg.jpg,14,True,train,recovered_archive1/42,20260801,清晰,<1,,,,,211.0,,,粒线流,,0--1,无,1--30,无,浅红,+,无,不见,平坦,0--2,6.0,0.6,3.1,9.7,重度异常,4,0,consensus,0,20260802
recovered_archive1/44,,recovered_archive1,44,12,12,4,1,True,True,recovered_archive1/44/rep.jpg.jpg,16,True,train,recovered_archive1/44,20260801,不清,>=7,,,,,243.0,<=30%,>60%,粒流,,0--1,中度,1--30,1--2,暗红,++,无,">2排,扩张",平坦,0--2,1.6,4.2,5.0,10.8,重度异常,4,0,consensus,1,20260802
recovered_archive1/45,,recovered_archive1,45,15,15,4,0,True,True,recovered_archive1/45/rep.jpg.jpg,19,True,train,recovered_archive1/45,20260801,不清,>=7,14.0,18.0,1.3,13.0,301.0,<=30%,<=10%,粒线流,,0--1,中度,1--30,1--2,,+,无,不见,波纹状,0--2,0.9,3.4,3.6,7.9,中度异常,4,0,consensus,3,20260802
recovered_archive1/46,,recovered_archive1,46,12,12,5,2,True,True,recovered_archive1/46/rep.jpg.jpg,20,True,test,recovered_archive1/46,20260801,清晰,>=7,11.0,16.0,1.5,28.0,316.0,<=30%,30--60%,粒缓流,,0--1,重度,1--30,1--2,暗红,++,无,可见1排,平坦,0--2,1.8,7.0,5.3,14.1,重度异常,5,0,consensus,0,20260802
recovered_archive1/47,,recovered_archive1,47,5,5,4,0,True,True,recovered_archive1/47/rep.jpg.jpg,20,True,train,recovered_archive1/47,20260801,清晰,>=7,11.0,13.0,1.2,17.0,281.0,<=30%,10--30%,粒线流,,0--1,轻度,1--30,无,浅红,+,1--2,可见2排,浅波纹状,0--2,0.4,0.8,3.1,4.3,中度异常,4,0,consensus,2,20260802
recovered_archive1/48,,recovered_archive1,48,6,6,4,0,True,True,recovered_archive1/48/rep.jpg.jpg,20,True,train,recovered_archive1/48,20260801,模糊,3--4,17.0,22.0,1.3,,120.0,30--60%,30--60%,粒缓流,,0--1,中度,1--30,无,暗红,+,无,可见1排,平坦,0--2,5.6,3.0,3.2,11.8,重度异常,4,0,consensus,0,20260802
recovered_archive1/49,,recovered_archive1,49,8,8,4,1,True,True,recovered_archive1/49/rep.jpg.jpg,20,True,train,recovered_archive1/49,20260801,清晰,>=7,8.0,15.0,1.9,12.0,213.0,<=30%,<=10%,粒线流,,0--1,轻度,1--30,无,浅红,无,无,可见2排,波纹状,0--2,0.2,0.8,0.4,1.4,大致正常,4,0,consensus,4,20260802
recovered_archive1/51,,recovered_archive1,51,11,10,4,0,True,True,recovered_archive1/51/rep.jpg.jpg,1,True,test,recovered_archive1/32,20260801,模糊,,,,,,,,,,,,,,,,,,,,,0.6,,,0.6,正常,4,0,consensus,3,20260802
recovered_archive1/52,,recovered_archive1,52,6,6,4,0,True,True,recovered_archive1/52/rep.jpg.jpg,19,True,train,recovered_archive1/52,20260801,不清,>=7,14.0,21.0,1.5,28.0,131.0,60--80%,10--30%,粒流,,0--1,中度,1--30,无,,+,无,不见,平坦,0--2,2.6,1.8,3.1,7.5,中度异常,4,0,consensus,4,20260802
recovered_archive1/53,,recovered_archive1,53,6,6,3,0,False,False,recovered_archive1/53/rep.jpg.jpg,18,True,train,recovered_archive1/53,20260801,清晰,5--6,8.0,9.0,1.1,10.0,,<=30%,<=10%,,,0--1,无,1--30,无,暗红,无,无,不见,浅波纹状,0--2,1.2,0.4,0.4,2.0,大致正常,3,0,consensus,4,20260802
recovered_archive1/54,,recovered_archive1,54,4,4,4,0,True,True,recovered_archive1/54/rep.jpg.jpg,20,True,train,recovered_archive1/54,20260801,不清,>=7,7.0,12.0,1.7,113.0,219.0,60--80%,10--30%,线粒流,,0--1,无,1--30,无,浅红,无,无,可见1排,波纹状,0--2,2.0,0.2,0.1,2.3,轻度异常,4,0,consensus,1,20260802
recovered_archive1/55,,recovered_archive1,55,8,8,4,1,True,True,recovered_archive1/55/rep.jpg.jpg,20,True,train,recovered_archive1/55,20260801,清晰,5--6,10.0,14.0,1.4,22.0,297.0,<=30%,<=10%,粒线流,,2--4,轻度,1--30,无,浅红,无,无,可见1排,波纹状,0--2,1.4,0.9,0.1,2.4,轻度异常,4,0,consensus,4,20260802
recovered_archive1/57,,recovered_archive1,57,6,6,4,0,True,True,recovered_archive1/57/rep.jpg.jpg,19,True,train,recovered_archive1/57,20260801,不清,>=7,26.0,49.0,1.9,40.0,267.0,<=30%,,粒流,,0--1,中度,1--30,无,暗红,+,无,不见,浅波纹状,0--2,3.4,2.2,1.9,7.5,中度异常,4,0,consensus,2,20260802
recovered_archive1/59,,recovered_archive1,59,9,9,4,1,True,True,recovered_archive1/59/rep.jpg.jpg,20,True,train,recovered_archive1/59,20260801,不清,>=7,6.0,9.0,1.5,13.0,378.0,<=30%,<=10%,粒线流,,0--1,轻度,1--30,无,暗红,+,无,不见,浅波纹状,0--2,3.1,1.0,1.9,6.0,中度异常,4,0,consensus,2,20260802
recovered_archive1/60,,recovered_archive1,60,10,10,4,2,True,True,recovered_archive1/60/rep.jpg.jpg,14,True,train,recovered_archive1/60,20260801,清晰,>=7,13.0,19.0,1.5,11.0,267.0,,10--30%,线粒流,,0--1,轻度,1--30,>2,淡红,,,,,,0.6,5.0,,5.6,中度异常,4,0,consensus,4,20260802
recovered_archive1/61,,recovered_archive1,61,10,9,5,0,True,True,recovered_archive1/61/rep.jpg.jpg,20,True,test,recovered_archive1/32,20260801,清晰,>=7,14.0,19.0,1.4,19.0,213.0,<=30%,<=10%,粒流,,0--1,轻度,1--30,无,淡红,无,无,不见,波纹状,0--2,0.4,1.0,0.0,1.4,大致正常,5,0,consensus,3,20260802
recovered_archive1/62,,recovered_archive1,62,11,10,4,1,True,True,recovered_archive1/62/rep.jpg.jpg,20,True,test,recovered_archive1/32,20260801,清晰,>=7,17.0,16.0,0.9,17.0,300.0,30--60%,<=10%,线粒流,,0--1,轻度,1--30,无,暗红,++,无,不见,波纹状,0--2,1.2,0.6,2.4,4.2,中度异常,4,0,consensus,3,20260802
recovered_archive1/63,,recovered_archive1,63,7,7,5,3,True,True,recovered_archive1/63/rep.jpg.jpg,19,True,train,recovered_archive1/63,20260801,清晰,5--6,6.0,19.0,3.2,19.0,155.0,<=30%,,粒缓流,,0--1,中度,1--30,无,暗红,无,无,可见1排,平坦,0--2,2.0,3.0,1.7,6.7,中度异常,5,0,consensus,1,20260802
recovered_archive1/64,,recovered_archive1,64,16,16,4,0,True,True,recovered_archive1/64/rep.jpg.jpg,17,True,train,recovered_archive1/64,20260801,清晰,>=7,,,,18.0,286.0,<=30%,>60%,粒线流,,0--1,无,1--30,无,浅红,+,无,">2排,扩张",波纹状,0--2,1.4,0.6,2.5,4.5,中度异常,4,0,consensus,0,20260802
recovered_archive1/65,,recovered_archive1,65,20,20,4,2,True,True,recovered_archive1/65/rep.jpg.jpg,19,True,val,recovered_archive1/65,20260801,清晰,>=7,10.0,13.0,1.3,10.0,230.0,30--60%,,粒线流,,0--1,轻度,1--30,无,浅红,+,无,可见1排,浅波纹状,0--2,0.3,0.8,2.9,4.0,轻度异常,4,0,consensus,3,20260802
recovered_archive1/66,,recovered_archive1,66,10,10,4,4,True,True,recovered_archive1/66/rep.jpg.jpg,20,True,train,recovered_archive1/66,20260801,模糊,5--6,7.0,14.0,2.0,21.0,133.0,30--60%,30--60%,粒缓流,,0--1,重度,1--30,>2,暗红,++,无,不见,浅波纹状,0--2,2.5,9.8,2.8,15.1,重度异常,4,0,consensus,1,20260802
recovered_archive1/67,,recovered_archive1,67,12,12,4,0,True,True,recovered_archive1/67/rep.jpg.jpg,15,True,train,recovered_archive1/67,20260801,模糊,5--6,,,,,90.0,,30--60%,粒流,,0--1,中度,1--30,无,暗红,++,无,不见,浅波纹状,0--2,2.2,2.2,2.8,7.2,中度异常,4,0,consensus,2,20260802
recovered_archive1/68,,recovered_archive1,68,6,6,4,1,True,True,recovered_archive1/68/rep.jpg.jpg,20,True,train,recovered_archive1/68,20260801,不清,>=7,10.0,20.0,2.0,25.0,334.0,<=30%,<=10%,粒流,,0--1,中度,1--30,无,暗红,+,无,不见,平坦,0--2,2.0,2.2,3.1,7.3,中度异常,4,0,consensus,2,20260802
recovered_archive1/69,,recovered_archive1,69,4,4,4,0,True,True,recovered_archive1/69/rep.jpg.jpg,15,True,train,recovered_archive1/69,20260801,不清,>=7,,,,,169.0,30--60%,,线粒流,,0--1,轻度,1--30,无,暗红,无,无,不见,平坦,0--2,0.4,0.6,1.6,2.6,轻度异常,4,0,consensus,0,20260802
recovered_archive1/70,,recovered_archive1,70,4,4,4,0,True,True,recovered_archive1/70/rep.jpg.jpg,20,True,train,recovered_archive1/70,20260801,不清,>=7,5.0,10.0,2.0,11.0,126.0,>80%,<=10%,粒流,,0--1,轻度,1--30,无,浅红,无,无,">2排,扩张",浅波纹状,0--2,2.6,1.2,1.4,5.2,中度异常,4,0,consensus,4,20260802
recovered_archive1/71,,recovered_archive1,71,7,7,4,4,True,True,recovered_archive1/71/rep.jpg.jpg,20,True,train,recovered_archive1/71,20260801,清晰,5--6,10.0,18.0,1.8,14.0,322.0,<=30%,<=10%,粒流,,2--4,中度,1--30,1--2,浅红,无,无,可见2排,波纹状,0--2,1.3,4.1,0.4,5.8,中度异常,4,0,consensus,1,20260802
recovered_archive1/72,,recovered_archive1,72,9,9,4,1,True,True,recovered_archive1/72/rep.jpg.jpg,19,True,train,recovered_archive1/72,20260801,清晰,>=7,10.0,12.0,1.2,12.0,333.0,<=30%,10--30%,线粒流,,0--1,轻度,1--30,>2,淡红,无,无,可见1排,波纹状,,0.6,5.0,0.1,5.7,中度异常,4,0,consensus,1,20260802
recovered_archive1/73,,recovered_archive1,73,10,10,4,1,True,True,recovered_archive1/73/rep.jpg.jpg,20,True,train,recovered_archive1/73,20260801,不清,>=7,14.0,10.0,0.7,14.0,373.0,<=30%,>60%,粒流,,0--1,轻度,1--30,1--2,浅红,+,无,可见1排,波纹状,0--2,3.7,3.2,1.6,8.5,重度异常,4,0,consensus,0,20260802
recovered_archive1/74,,recovered_archive1,74,6,6,4,0,True,True,recovered_archive1/74/rep.jpg.jpg,19,True,train,recovered_archive1/74,20260801,清晰,>=7,9.0,15.0,1.7,18.0,223.0,<=30%,10--30%,粒流,,0--1,轻度,1--30,无,,无,1--2,可见2排,波纹状,0--2,0.2,1.0,1.2,2.4,轻度异常,4,0,consensus,0,20260802
recovered_archive1/75,,recovered_archive1,75,9,9,4,3,True,True,recovered_archive1/75/rep.jpg.jpg,20,True,val,recovered_archive1/75,20260801,清晰,>=7,11.0,17.0,1.5,17.0,343.0,<=30%,30--60%,粒缓流,,0--1,中度,1--30,>2,暗红,+,无,可见2排,浅波纹状,0--2,0.8,7.8,2.3,10.9,重度异常,4,0,consensus,1,20260802
recovered_archive1/76,,recovered_archive1,76,13,13,4,1,True,True,recovered_archive1/76/rep.jpg.jpg,19,True,train,recovered_archive1/76,20260801,清晰,>=7,7.0,11.0,1.6,11.0,227.0,<=30%,>60%,粒线流,,0--1,中度,1--30,1--2,暗红,无,无,可见2排,平坦,,1.5,3.8,2.0,7.3,中度异常,4,0,consensus,1,20260802
recovered_archive1/77,,recovered_archive1,77,6,6,4,3,True,True,recovered_archive1/77/rep.jpg.jpg,20,True,test,recovered_archive1/77,20260801,清晰,>=7,6.0,18.0,3.0,15.0,228.0,<=30%,10--30%,粒流,,0--1,中度,1--30,1--2,暗红,+,无,不见,波纹状,0--2,1.1,4.2,1.5,6.8,中度异常,4,0,consensus,2,20260802
recovered_archive1/78,,recovered_archive1,78,10,10,4,0,True,True,recovered_archive1/78/rep.jpg.jpg,20,True,val,recovered_archive1/78,20260801,清晰,5--6,11.0,25.0,2.3,11.0,365.0,<=30%,<=10%,粒流,,0--1,轻度,1--30,无,浅红,无,无,">2排,扩张",浅波纹状,0--2,3.7,1.2,1.4,6.3,中度异常,4,0,consensus,3,20260802
recovered_archive1/79,,recovered_archive1,79,9,9,4,0,True,True,recovered_archive1/79/rep.jpg.jpg,20,True,train,recovered_archive1/79,20260801,不清,5--6,13.0,11.0,0.8,27.0,225.0,<=30%,>60%,粒线流,,2--4,轻度,1--30,无,浅红,+,无,不见,平坦,0--2,3.2,0.9,3.1,7.2,中度异常,4,0,consensus,3,20260802
recovered_archive1/80,,recovered_archive1,80,7,7,4,0,True,True,recovered_archive1/80/rep.jpg.jpg,20,True,train,recovered_archive1/80,20260801,清晰,>=7,28.0,27.0,1.0,36.0,338.0,<=30%,10--30%,粒流,,0--1,中度,1--30,无,暗红,无,无,不见,平坦,0--2,3.6,2.2,1.6,7.4,中度异常,4,0,consensus,4,20260802
recovered_archive1/81,,recovered_archive1,81,16,16,4,1,True,True,recovered_archive1/81/rep.jpg.jpg,17,True,train,recovered_archive1/81,20260801,清晰,>=7,,,,43.0,238.0,<=30%,>60%,粒流,,0--1,中度,1--30,无,浅红,+,无,不见,波纹状,0--2,2.2,2.0,1.5,5.7,中度异常,4,0,consensus,1,20260802
recovered_archive1/82,,recovered_archive1,82,7,7,4,0,True,True,recovered_archive1/82/rep.jpg.jpg,20,True,train,recovered_archive1/82,20260801,清晰,>=7,8.0,13.0,1.6,17.0,278.0,<=30%,<=10%,线粒流,,0--1,轻度,1--30,无,浅红,无,无,不见,波纹状,0--2,0.4,0.4,0.0,0.8,正常,4,0,consensus,2,20260802
recovered_archive1/83,,recovered_archive1,83,9,9,4,0,True,True,recovered_archive1/83/rep.jpg.jpg,20,True,train,recovered_archive1/83,20260801,不清,>=7,6.0,10.0,1.7,16.0,270.0,<=30%,30--60%,粒流,,0--1,中度,1--30,无,暗红,++,无,不见,平坦,0--2,1.7,2.2,4.0,7.9,中度异常,4,0,consensus,3,20260802
recovered_archive1/84,,recovered_archive1,84,9,9,5,2,True,True,recovered_archive1/84/rep.jpg.jpg,20,True,train,recovered_archive1/84,20260801,清晰,3--4,11.0,13.0,1.2,21.0,210.0,30--60%,<=10%,粒摆流,,0--1,中度,1--30,无,浅红,+,无,不见,平坦,0--2,2.3,5.2,3.1,10.6,重度异常,5,0,consensus,4,20260802
recovered_archive1/85,,recovered_archive1,85,13,13,4,2,True,True,recovered_archive1/85/rep.jpg.jpg,19,True,train,recovered_archive1/85,20260801,不清,>=7,17.0,22.0,1.3,24.0,363.0,30--60%,<=10%,粒线流,,0--1,轻度,1--30,1--2,,无,无,可见2排,波纹状,0--2,4.0,2.6,0.4,7.0,中度异常,4,0,consensus,3,20260802
recovered_archive1/86,,recovered_archive1,86,5,5,5,0,True,True,recovered_archive1/86/rep.jpg.jpg,20,True,test,recovered_archive1/86,20260801,不清,>=7,8.0,11.0,1.4,14.0,228.0,30--60%,<=10%,粒流,,0--1,轻度,1--30,无,浅红,无,无,">2排,扩张",浅波纹状,0--2,0.6,1.2,1.4,3.2,轻度异常,5,0,consensus,2,20260802
recovered_archive1/88,,recovered_archive1,88,5,5,4,0,True,True,recovered_archive1/88/rep.jpg.jpg,14,True,val,recovered_archive1/88,20260801,不清,>=7,,,,,,30--60%,10--30%,粒线流,,0--1,轻度,1--30,无,淡红,无,无,不见,波纹状,,0.6,0.6,0.0,1.2,大致正常,4,0,consensus,2,20260802
recovered_archive1/89,,recovered_archive1,89,5,5,5,2,True,True,recovered_archive1/89/rep.jpg.jpg,20,True,train,recovered_archive1/89,20260801,不清,>=7,8.0,8.0,1.0,13.0,242.0,>80%,10--30%,线粒流,,0--1,无,1--30,1--2,浅红,无,无,可见2排,浅波纹状,3--4,2.4,2.2,0.9,5.5,中度异常,5,0,consensus,1,20260802
recovered_archive1/90,,recovered_archive1,90,9,8,5,3,True,True,recovered_archive1/90/rep.jpg.jpg,20,True,test,recovered_archive1/32,20260801,清晰,>=7,13.0,14.0,1.1,14.0,578.0,30--60%,<=10%,粒线流,,0--1,轻度,1--30,>2,淡红,+,无,">2排,扩张",波纹状,0--2,2.2,5.4,2.5,10.1,重度异常,5,0,consensus,3,20260802
recovered_archive1/91,,recovered_archive1,91,7,7,4,2,True,True,recovered_archive1/91/rep.jpg.jpg,19,True,train,recovered_archive1/91,20260801,不清,5--6,10.0,14.0,1.4,19.0,115.0,<=30%,<=10%,粒流,,0--1,中度,1--30,>2,暗红,++,无,">2排,扩张",平坦,,1.3,7.0,5.0,13.3,重度异常,4,0,consensus,2,20260802
recovered_archive1/92,,recovered_archive1,92,4,4,4,0,True,True,recovered_archive1/92/rep.jpg.jpg,20,True,train,recovered_archive1/92,20260801,清晰,>=7,14.0,18.0,1.3,14.0,236.0,30--60%,<=10%,线粒流,,0--1,无,1--30,无,浅红,无,无,可见2排,波纹状,0--2,0.5,0.2,0.4,1.1,大致正常,4,0,consensus,1,20260802
recovered_archive1/93,,recovered_archive1,93,6,6,4,0,True,True,recovered_archive1/93/rep.jpg.jpg,18,True,train,recovered_archive1/93,20260801,清晰,3--4,7.0,9.0,1.3,10.0,129.0,30--60%,,线粒流,,0--1,轻度,1--30,,浅红,无,无,不见,浅波纹状,0--2,2.8,0.4,0.4,3.6,轻度异常,4,0,consensus,4,20260802
recovered_archive1/94,,recovered_archive1,94,13,13,4,0,True,True,recovered_archive1/94/rep.jpg.jpg,19,True,train,recovered_archive1/94,20260801,不清,5--6,9.0,11.0,1.2,22.0,120.0,<=30%,,粒线流,,0--1,无,>30,无,暗红,无,无,不见,浅波纹状,0--2,1.6,1.0,0.4,3.0,轻度异常,4,0,consensus,1,20260802
recovered_archive1/95,,recovered_archive1,95,6,6,4,0,True,True,recovered_archive1/95/rep.jpg.jpg,20,True,val,recovered_archive1/95,20260801,清晰,>=7,7.0,11.0,1.6,22.0,264.0,<=30%,<=10%,线粒流,,0--1,无,1--30,无,淡红,无,无,不见,浅波纹状,0--2,0.8,0.0,0.4,1.2,大致正常,4,0,consensus,0,20260802
recovered_archive1/96,,recovered_archive1,96,4,4,2,0,True,True,recovered_archive1/96/rep.jpg.jpg,20,True,train,recovered_archive1/96,20260801,清晰,>=7,10.0,14.0,1.4,13.0,300.0,<=30%,<=10%,线流,,0--1,无,1--30,无,淡红,无,无,不见,浅波纹状,0--2,0.2,0.0,0.4,0.6,正常,2,0,consensus,0,20260802
recovered_archive1/97,,recovered_archive1,97,7,7,5,0,True,True,recovered_archive1/97/rep.jpg.jpg,19,True,train,recovered_archive1/97,20260801,清晰,5--6,5.0,14.0,2.8,25.0,143.0,<=30%,<=10%,,,0--1,轻度,1--30,无,暗红,无,无,不见,波纹状,0--2,2.8,0.6,0.0,3.4,轻度异常,5,0,consensus,0,20260802
recovered_archive1/98,,recovered_archive1,98,6,6,4,0,True,True,recovered_archive1/98/rep.jpg.jpg,19,True,train,recovered_archive1/98,20260801,清晰,>=7,24.0,24.0,1.0,44.0,280.0,<=30%,10--30%,,,0--1,中度,1--30,无,暗红,+,无,不见,波纹状,0--2,3.4,1.4,1.5,6.3,中度异常,4,0,consensus,0,20260802
recovered_archive1/99,,recovered_archive1,99,13,12,4,2,True,True,recovered_archive1/99/rep.jpg.jpg,19,True,test,recovered_archive1/32,20260801,不清,>=7,11.0,13.0,1.2,15.0,76.0,<=30%,>60%,粒流,,0--1,重度,1--30,1--2,暗红,+,,不见,平坦,0--2,1.8,6.2,5.2,13.2,重度异常,4,0,consensus,3,20260802
recovered_archive1/100,,recovered_archive1,100,9,9,4,0,True,True,recovered_archive1/100/rep.jpg.jpg,18,True,train,recovered_archive1/100,20260801,不清,5--6,7.0,9.0,1.3,14.0,396.0,30--60%,,粒线流,,0--1,轻度,1--30,无,浅红,无,无,可见1排,波纹状,,3.5,0.8,0.1,4.4,中度异常,4,0,consensus,4,20260802
recovered_archive2/101,,recovered_archive2,101,6,6,4,0,True,True,recovered_archive2/101/rep.jpg.jpg,20,True,train,recovered_archive2/101,20260801,清晰,>=7,7.0,12.0,1.7,12.0,164.0,<=30%,<=10%,线粒流,,0--1,轻度,1--30,无,浅红,无,无,不见,浅波纹状,0--2,0.2,0.4,0.4,1.0,正常,4,0,consensus,0,20260802
recovered_archive2/102,,recovered_archive2,102,8,8,4,1,True,True,recovered_archive2/102/rep.jpg.jpg,19,True,val,recovered_archive2/102,20260801,清晰,>=7,8.0,9.0,1.1,13.0,465.0,<=30%,<=10%,粒线流,,0--1,中度,1--30,无,浅红,+,无,不见,浅波纹状,,2.3,1.6,1.9,5.8,中度异常,4,0,consensus,0,20260802
recovered_archive2/103,,recovered_archive2,103,8,8,4,1,True,True,recovered_archive2/103/rep.jpg.jpg,14,True,train,recovered_archive2/103,20260801,不清,5--6,,,,,,,>60%,粒线流,,0--1,中度,1--30,1--2,暗红,无,无,可见2排,浅波纹状,0--2,2.2,3.8,0.8,6.8,中度异常,4,0,consensus,0,20260802
recovered_archive2/104,,recovered_archive2,104,11,11,4,0,True,True,recovered_archive2/104/rep.jpg.jpg,19,True,train,recovered_archive2/104,20260801,不清,3--4,20.0,41.0,2.0,60.0,286.0,<=30%,<=10%,粒流,,0--1,中度,1--30,无,浅红,+,1--2,可见2排,平坦,,5.4,2.0,4.3,11.7,重度异常,4,0,consensus,1,20260802
recovered_archive2/105,,recovered_archive2,105,12,12,4,1,True,True,recovered_archive2/105/rep.jpg.jpg,19,True,train,recovered_archive2/105,20260801,清晰,5--6,8.0,13.0,1.6,15.0,204.0,30--60%,30--60%,线粒流,,0--1,轻度,1--30,无,淡红,+,无,">2排,扩张",浅波纹状,,1.6,0.2,2.9,4.7,中度异常,4,0,consensus,1,20260802
recovered_archive2/106,,recovered_archive2,106,8,8,4,1,True,True,recovered_archive2/106/rep.jpg.jpg,20,True,train,recovered_archive2/106,20260801,清晰,5--6,10.0,13.0,1.3,15.0,133.0,30--60%,30--60%,粒线流,,0--1,中度,1--30,无,淡红,+,无,可见2排,波纹状,0--2,1.6,1.4,1.9,4.9,中度异常,4,0,consensus,2,20260802
recovered_archive2/107,,recovered_archive2,107,10,10,4,0,False,True,recovered_archive2/107/rep.jpg.jpg,20,True,train,recovered_archive2/107,20260801,清晰,>=7,10.0,14.0,1.4,21.0,96.0,<=30%,<=10%,线粒流,,0--1,轻度,1--30,无,浅红,+,无,不见,平坦,0--2,0.5,0.4,3.1,4.0,轻度异常,4,0,consensus,2,20260802
recovered_archive2/108,,recovered_archive2,108,6,6,4,3,True,True,recovered_archive2/108/rep.jpg.jpg,19,True,train,recovered_archive2/108,20260801,模糊,>=7,7.0,10.0,1.4,10.0,269.0,>80%,<=10%,粒流,,0--1,轻度,1--30,无,暗红,++,无,不见,浅波纹状,,2.4,1.4,4.0,7.8,中度异常,4,0,consensus,2,20260802
recovered_archive2/109,,recovered_archive2,109,13,13,4,2,True,True,recovered_archive2/109/rep.jpg.jpg,20,True,train,recovered_archive2/109,20260801,清晰,>=7,13.0,13.0,1.0,19.0,388.0,<=30%,<=10%,粒流,,0--1,轻度,1--30,>2,暗红,无,无,">2排,扩张",波纹状,0--2,2.1,6.2,1.0,9.3,重度异常,4,0,consensus,4,20260802
recovered_archive2/110,,recovered_archive2,110,10,10,5,0,True,True,recovered_archive2/110/rep.jpg.jpg,20,True,train,recovered_archive2/110,20260801,不清,5--6,10.0,13.0,1.3,47.0,186.0,<=30%,30--60%,粒线流,,0--1,重度,1--30,1--2,暗红,+,无,可见1排,平坦,0--2,2.4,5.8,3.2,11.4,重度异常,5,0,consensus,2,20260802
recovered_archive2/111,,recovered_archive2,111,5,5,4,0,True,True,recovered_archive2/111/rep.jpg.jpg,20,True,train,recovered_archive2/111,20260801,不清,>=7,10.0,14.0,1.4,19.0,290.0,<=30%,<=10%,线粒流,,0--1,无,1--30,无,浅红,无,无,可见2排,浅波纹状,0--2,0.5,0.2,0.8,1.5,大致正常,4,0,consensus,1,20260802
recovered_archive2/112,,recovered_archive2,112,9,9,4,3,True,True,recovered_archive2/112/rep.jpg.jpg,20,True,train,recovered_archive2/112,20260801,清晰,3--4,67.0,68.0,1.3,82.0,439.0,30--60%,30--60%,全停,,0--1,中度,1--30,无,暗红,+,无,不见,浅波纹状,0--2,7.6,7.4,1.9,16.9,重度异常,4,0,consensus,1,20260802
recovered_archive2/113,,recovered_archive2,113,8,7,4,2,True,True,recovered_archive2/113/rep.jpg.jpg,20,True,test,recovered_archive1/32,20260801,模糊,3--4,12.0,21.0,1.8,19.0,330.0,<=30%,>60%,粒缓流,,0--1,中度,1--30,无,暗红,无,无,不见,平坦,0--2,3.7,3.0,1.6,,重度异常,4,0,consensus,3,20260802
recovered_archive2/114,,recovered_archive2,114,7,7,4,2,True,True,recovered_archive2/114/rep.jpg.jpg,20,True,val,recovered_archive2/114,20260801,不清,5--6,11.0,18.0,1.6,22.0,104.0,30--60%,30--60%,粒流,,0--1,中度,1--30,1--2,暗红,+,1--2,可见2排,平坦,0--2,2.3,4.2,4.3,10.8,重度异常,4,0,consensus,4,20260802
recovered_archive2/115,,recovered_archive2,115,11,11,4,3,True,True,recovered_archive2/115/rep.jpg.jpg,20,True,val,recovered_archive2/115,20260801,清晰,>=7,8.0,19.0,2.4,15.0,221.0,30--60%,30--60%,粒线流,,0--1,中度,1--30,无,暗红,++,无,可见1排,浅波纹状,0--2,0.9,1.8,2.9,5.6,中度异常,4,0,consensus,4,20260802
recovered_archive2/116,,recovered_archive2,116,6,6,4,0,True,True,recovered_archive2/116/rep.jpg.jpg,20,True,train,recovered_archive2/116,20260801,不清,>=7,7.0,10.0,1.4,14.0,319.0,<=30%,>60%,粒线流,,0--1,轻度,1--30,无,浅红,,无,不见,浅波纹状,0--2,2.1,0.8,2.8,5.7,中度异常,4,0,consensus,3,20260802
recovered_archive2/117,,recovered_archive2,117,8,8,3,0,False,False,recovered_archive2/117/rep.jpg.jpg,18,True,train,recovered_archive2/117,20260801,清晰,5--6,13.0,20.0,1.5,18.0,121.0,30--60%,<=10%,,,0--1,无,1--30,无,,无,无,不见,波纹状,0--2,1.6,0.0,0.0,1.6,大致正常,3,0,consensus,0,20260802
recovered_archive2/118,,recovered_archive2,118,16,16,4,2,True,True,recovered_archive2/118/rep.jpg.jpg,20,True,train,recovered_archive2/118,20260801,清晰,>=7,14.0,14.0,1.0,22.0,361.0,<=30%,>60%,粒线流,,0--1,轻度,1--30,无,暗红,无,1--2,不见,波纹状,0--2,,1.0,8.0,5.6,中度异常,4,0,consensus,0,20260802
recovered_archive2/119,,recovered_archive2,119,11,11,4,0,True,True,recovered_archive2/119/rep.jpg.jpg,15,True,train,recovered_archive2/119,20260801,不清,>=7,13.0,,,,53.0,,,线粒流,,0--1,无,1--30,无,暗红,+,无,不见,波纹状,0--2,0.6,0.4,1.5,2.5,轻度异常,4,0,consensus,1,20260802
recovered_archive2/120,,recovered_archive2,120,5,5,4,0,True,True,recovered_archive2/120/rep.jpg.jpg,20,True,train,recovered_archive2/120,20260801,不清,>=7,6.0,10.0,1.7,6.0,293.0,60--80%,10--30%,线粒流,,0--1,无,1--30,无,浅红,+,无,可见1排,波纹状,0--2,2.3,0.2,1.6,4.1,中度异常,4,0,consensus,2,20260802
recovered_archive2/121,,recovered_archive2,121,9,9,4,0,True,True,recovered_archive2/121/rep.jpg.jpg,20,True,train,recovered_archive2/121,20260801,不清,>=7,8.0,11.0,1.4,17.0,388.0,60--80%,<=10%,粒线流,,0--1,轻度,1--30,无,暗红,+,无,可见1排,平坦,0--2,2.8,1.0,3.2,7.0,中度异常,4,0,consensus,2,20260802
recovered_archive2/122,,recovered_archive2,122,12,12,4,0,True,True,recovered_archive2/122/rep.jpg.jpg,19,True,train,recovered_archive2/122,20260801,清晰,>=7,14.0,11.0,0.8,21.0,427.0,30--60%,<=10%,线粒流,,0--1,轻度,1--30,无,浅红,无,无,不见,浅波纹状,,2.5,0.4,0.4,3.3,轻度异常,4,0,consensus,2,20260802
recovered_archive2/123,,recovered_archive2,123,7,7,4,6,True,True,recovered_archive2/123/rep.jpg.jpg,19,True,val,recovered_archive2/123,20260801,清晰,5--6,8.0,17.0,2.1,13.0,131.0,60--80%,,粒流,,0--1,轻度,1--30,1--2,浅红,无,无,">2排,扩张",平坦,0--2,1.6,3.2,2.6,7.4,中度异常,4,0,consensus,0,20260802
recovered_archive2/124,,recovered_archive2,124,8,7,4,0,True,True,recovered_archive2/124/rep.jpg.jpg,20,True,test,recovered_archive1/32,20260801,清晰,>=7,8.0,11.0,1.4,13.0,271.0,<=30%,<=10%,线粒流,,0--1,无,1--30,无,浅红,无,无,">2排,扩张",浅波纹状,0--2,0.4,0.2,1.4,2.0,大致正常,4,0,consensus,3,20260802
recovered_archive2/125,,recovered_archive2,125,8,8,4,2,True,True,recovered_archive2/125/rep.jpg.jpg,20,True,train,recovered_archive2/125,20260801,清晰,5--6,10.0,15.0,1.5,18.0,311.0,30--60%,30--60%,粒缓流,,0--1,中度,1--30,1--2,浅红,无,无,可见1排,浅波纹状,0--2,1.8,4.8,0.5,7.1,中度异常,4,0,consensus,0,20260802
recovered_archive2/126,,recovered_archive2,126,6,6,4,0,True,True,recovered_archive2/126/rep.jpg.jpg,20,True,train,recovered_archive2/126,20260801,不清,>=7,8.0,11.0,1.4,12.0,207.0,30--60%,<=10%,线粒流,,0--1,无,1--30,无,浅红,+,无,不见,浅波纹状,0--2,0.6,0.2,1.9,2.7,轻度异常,4,0,consensus,4,20260802
recovered_archive2/127,,recovered_archive2,127,11,11,4,0,True,True,recovered_archive2/127/rep.jpg.jpg,18,True,test,recovered_archive2/127,20260801,清晰,>=7,12.0,13.0,1.1,13.0,165.0,<=30%,<=10%,线粒流,,0--1,,1--30,无,,无,无,不见,平坦,0--2,0.0,0.0,1.6,1.6,大致正常,4,0,consensus,3,20260802
recovered_archive2/128,,recovered_archive2,128,6,6,5,4,True,True,recovered_archive2/128/rep.jpg.jpg,17,True,val,recovered_archive2/128,20260801,不清,5--6,,,,46.0,316.0,<=30%,>60%,粒流,,0--1,中度,1--30,无,暗红,+,无,可见2排,平坦,0--2,3.6,2.2,3.5,9.3,重度异常,5,0,consensus,2,20260802
recovered_archive2/129,,recovered_archive2,129,8,8,4,0,True,True,recovered_archive2/129/rep.jpg.jpg,20,True,train,recovered_archive2/129,20260801,清晰,>=7,10.0,17.0,1.7,13.0,228.0,>80%,<=10%,粒流,,0--1,中度,1--30,无,淡红,无,1--2,可见2排,浅波纹状,0--2,1.2,1.8,1.6,4.6,中度异常,4,0,consensus,0,20260802
recovered_archive2/130,,recovered_archive2,130,16,16,4,2,True,True,recovered_archive2/130/rep.jpg.jpg,20,True,train,recovered_archive2/130,20260801,清晰,>=7,13.0,19.0,1.5,26.0,166.0,<=30%,<=10%,粒流,,0--1,重度,1--30,>2,暗红,+,无,">2排,扩张",平坦,0--2,1.1,9.0,4.1,14.2,重度异常,4,0,consensus,3,20260802
recovered_archive2/131,,recovered_archive2,131,9,9,4,1,True,True,recovered_archive2/131/rep.jpg.jpg,20,True,test,recovered_archive2/131,20260801,模糊,>=7,19.0,20.0,1.1,17.0,130.0,30--60%,<=10%,粒流,,0--1,中度,1--30,无,浅红,,无,不见,平坦,0--2,2.6,2.0,4.0,8.6,重度异常,4,0,consensus,1,20260802
recovered_archive2/132,,recovered_archive2,132,14,14,4,2,True,True,recovered_archive2/132/rep.jpg.jpg,20,True,train,recovered_archive2/132,20260801,清晰,>=7,13.0,18.0,1.4,25.0,296.0,<=30%,<=10%,粒流,,0--1,中度,1--30,1--2,暗红,++,无,可见2排,平坦,0--2,1.3,4.2,4.4,9.9,重度异常,4,0,consensus,4,20260802
recovered_archive2/134,,recovered_archive2,134,7,7,5,0,True,True,recovered_archive2/134/rep.jpg.jpg,20,True,train,recovered_archive2/134,20260801,清晰,>=7,11.0,14.0,1.3,14.0,198.0,<=30%,10--30%,线流,,0--1,无,1--30,无,淡红,无,无,可见2排,浅波纹状,0--2,0.2,0.0,0.8,1.0,正常,5,0,consensus,4,20260802
recovered_archive2/135,,recovered_archive2,135,8,8,4,2,True,True,recovered_archive2/135/rep.jpg.jpg,20,True,val,recovered_archive2/135,20260801,不清,5--6,11.0,13.0,1.2,21.0,145.0,30--60%,<=10%,粒缓流,,0--1,中度,1--30,无,暗红,+,1--2,可见1排,平坦,0--2,1.5,3.0,4.0,8.5,重度异常,4,0,consensus,4,20260802
recovered_archive2/136,,recovered_archive2,136,14,14,4,2,True,True,recovered_archive2/136/rep.jpg.jpg,19,True,train,recovered_archive2/136,20260801,不清,>=7,18.0,15.0,0.8,17.0,292.0,<=30%,<=10%,粒线流,,0--1,中度,1--30,>2,,+,无,可见2排,波纹状,0--2,1.6,6.2,1.9,9.7,重度异常,4,0,consensus,0,20260802
recovered_archive2/137,,recovered_archive2,137,5,5,4,0,True,True,recovered_archive2/137/rep.jpg.jpg,1,True,train,recovered_archive2/137,20260801,不清,,,,,,,,,,,,,,,,,,,,,,,,,,4,0,consensus,3,20260802
recovered_archive2/138,,recovered_archive2,138,5,5,5,2,True,True,recovered_archive2/138/rep.jpg.jpg,20,True,train,recovered_archive2/138,20260801,不清,5--6,14.0,32.0,2.3,27.0,311.0,<=30%,<=10%,粒缓流,,0--1,中度,1--30,无,暗红,+,1--2,">2排,扩张",平坦,0--2,3.4,3.0,5.8,12.2,重度异常,5,0,consensus,3,20260802
recovered_archive2/139,,recovered_archive2,139,7,7,4,1,True,True,recovered_archive2/139/rep.jpg.jpg,20,True,train,recovered_archive2/139,20260801,不清,5--6,13.0,14.0,1.1,11.0,306.0,<=30%,10--30%,粒流,,0--1,中度,1--30,1--2,暗红,+,无,可见2排,浅波纹状,0--2,1.7,4.2,2.3,8.2,重度异常,4,0,consensus,1,20260802
recovered_archive2/140,,recovered_archive2,140,14,14,4,1,True,True,recovered_archive2/140/rep.jpg.jpg,19,True,test,recovered_archive2/140,20260801,清晰,>=7,17.0,24.0,1.4,25.0,347.0,<=30%,10--30%,粒流,,0--1,中度,1--30,无,暗红,+,无,">2排,扩张",,0--2,3.2,2.2,,7.9,中度异常,4,0,consensus,3,20260802
recovered_archive2/141,,recovered_archive2,141,12,12,5,2,True,True,recovered_archive2/141/rep.jpg.jpg,19,True,train,recovered_archive2/141,20260801,清晰,5--6,15.0,26.0,1.7,19.0,446.0,30--60%,<=10%,线粒流,,0--1,轻度,1--30,无,浅红,无,无,可见1排,浅波纹状,,4.1,0.4,0.5,5.0,中度异常,5,0,consensus,1,20260802
recovered_archive2/142,,recovered_archive2,142,12,12,4,2,True,True,recovered_archive2/142/rep.jpg.jpg,19,True,test,recovered_archive2/142,20260801,不清,>=7,13.0,10.0,0.8,19.0,148.0,30--60%,<=10%,粒流,,0--1,中度,1--30,1--2,暗红,+,无,">2排,扩张",平坦,,0.8,4.2,,9.1,重度异常,4,0,consensus,0,20260802
recovered_archive2/143,,recovered_archive2,143,7,7,4,0,True,True,recovered_archive2/143/rep.jpg.jpg,20,True,train,recovered_archive2/143,20260801,清晰,>=7,7.0,8.0,1.1,10.0,256.0,<=30%,<=10%,粒线流,,0--1,轻度,1--30,无,浅红,无,无,可见2排,浅波纹状,0--2,0.9,0.8,0.8,2.5,轻度异常,4,0,consensus,0,20260802
recovered_archive2/144,,recovered_archive2,144,6,6,4,0,True,True,recovered_archive2/144/rep.jpg.jpg,19,True,train,recovered_archive2/144,20260801,清晰,>=7,11.0,17.0,1.5,19.0,499.0,<=30%,<=10%,粒缓流,,0--1,中度,1--30,无,,无,无,不见,浅波纹状,0--2,2.1,2.6,0.4,5.1,中度异常,4,0,consensus,2,20260802
recovered_archive2/145,,recovered_archive2,145,9,9,4,0,True,True,recovered_archive2/145/rep.jpg.jpg,20,True,train,recovered_archive2/145,20260801,清晰,>=7,11.0,24.0,2.2,20.0,315.0,60--80%,<=10%,粒线流,,0--1,中度,1--30,无,浅红,无,无,可见2排,波纹状,0--2,1.7,1.6,0.4,3.7,轻度异常,4,0,consensus,0,20260802
recovered_archive2/146,,recovered_archive2,146,9,9,4,2,True,True,recovered_archive2/146/rep.jpg.jpg,19,True,train,recovered_archive2/146,20260801,清晰,>=7,11.0,10.0,0.9,21.0,349.0,<=30%,<=10%,粒线流,,0--1,中度,1--30,1--2,,无,无,不见,浅波纹状,0--2,0.6,3.4,0.4,4.4,中度异常,4,0,consensus,1,20260802
recovered_archive2/147,,recovered_archive2,147,7,7,4,1,True,True,recovered_archive2/147/rep.jpg.jpg,19,True,val,recovered_archive2/147,20260801,不清,5--6,8.0,15.0,1.9,18.0,264.0,<=30%,>60%,粒流,,0--1,中度,1--30,1--2,暗红,+,无,可见1排,波纹状,,2.6,4.2,1.6,8.4,重度异常,4,0,consensus,4,20260802
recovered_archive2/148,,recovered_archive2,148,12,12,4,5,True,True,recovered_archive2/148/rep.jpg.jpg,20,True,train,recovered_archive2/148,20260801,清晰,>=7,13.0,18.0,1.4,21.0,585.0,30--60%,<=10%,粒流,,0--1,中度,1--30,>2,浅红,无,无,可见1排,浅波纹状,0--2,2.4,6.8,0.5,9.7,重度异常,4,0,consensus,3,20260802
recovered_archive2/149,,recovered_archive2,149,9,9,4,1,True,True,recovered_archive2/149/rep.jpg.jpg,18,True,val,recovered_archive2/149,20260801,,>=7,11.0,14.0,1.3,15.0,224.0,<=30%,10--30%,粒线流,,0--1,中度,1--30,>2,暗红,+,无,可见2排,浅波纹状,,0.2,6.6,,9.1,重度异常,4,0,consensus,3,20260802
recovered_archive2/150,,recovered_archive2,150,10,10,4,1,True,True,recovered_archive2/150/rep.jpg.jpg,20,True,train,recovered_archive2/150,20260801,不清,5--6,17.0,21.0,1.2,32.0,362.0,30--60%,<=10%,粒流,,0--1,中度,1--30,无,暗红,无,无,不见,浅波纹状,0--2,5.4,2.2,0.4,8.0,中度异常,4,0,consensus,2,20260802
recovered_archive2/151,,recovered_archive2,151,9,9,4,0,True,True,recovered_archive2/151/rep.jpg.jpg,15,True,train,recovered_archive2/151,20260801,不清,5--6,,,,,,30--60%,30--60%,粒线流,,0--1,轻度,1--30,无,暗红,+,无,不见,平坦,0--2,1.6,1.0,3.1,5.7,中度异常,4,0,consensus,3,20260802
recovered_archive2/153,,recovered_archive2,153,6,6,4,0,True,True,recovered_archive2/153/rep.jpg.jpg,20,True,train,recovered_archive2/153,20260801,模糊,>=7,8.0,14.0,1.8,17.0,174.0,<=30%,10--30%,粒流,,0--1,中度,1--30,1--2,浅红,无,无,可见2排,浅波纹状,0--2,1.0,4.0,0.5,5.5,中度异常,4,0,consensus,4,20260802
recovered_archive2/154,,recovered_archive2,154,6,6,4,1,True,True,recovered_archive2/154/rep.jpg.jpg,20,True,train,recovered_archive2/154,20260801,清晰,5--6,15.0,14.0,0.9,24.0,304.0,30--60%,30--60%,粒流,,0--1,轻度,1--30,无,浅红,+,无,不见,浅波纹状,0--2,2.4,1.2,1.9,5.5,中度异常,4,0,consensus,3,20260802
recovered_archive2/155,,recovered_archive2,155,6,6,4,0,True,True,recovered_archive2/155/rep.jpg.jpg,20,True,val,recovered_archive2/155,20260801,清晰,>=7,10.0,16.0,1.6,21.0,221.0,<=30%,<=10%,粒线流,,0--1,轻度,1--30,无,浅红,+,无,不见,波纹状,0--2,0.1,0.8,1.5,2.4,轻度异常,4,0,consensus,4,20260802
recovered_archive2/156,,recovered_archive2,156,5,5,4,0,True,True,recovered_archive2/156/rep.jpg.jpg,19,True,train,recovered_archive2/156,20260801,清晰,>=7,14.0,19.0,1.4,26.0,353.0,<=30%,,粒线流,,0--1,无,1--30,无,暗红,无,无,可见2排,波纹状,0--2,1.7,0.8,0.4,2.9,轻度异常,4,0,consensus,2,20260802
recovered_archive2/157,,recovered_archive2,157,9,9,4,1,True,True,recovered_archive2/157/rep.jpg.jpg,20,True,train,recovered_archive2/157,20260801,清晰,>=7,10.0,10.0,1.0,14.0,242.0,<=30%,<=10%,粒线流,,0--1,轻度,1--30,无,浅红,无,无,不见,浅波纹状,0--2,0.3,0.8,0.4,1.5,大致正常,4,0,consensus,1,20260802
recovered_archive2/158,,recovered_archive2,158,12,12,4,1,True,True,recovered_archive2/158/rep.jpg.jpg,20,True,train,recovered_archive2/158,20260801,不清,>=7,14.0,13.0,0.9,13.0,297.0,<=30%,<=10%,线粒流,,0--1,轻度,1--30,1--2,浅红,+,无,可见2排,波纹状,0--2,0.6,2.4,1.9,4.9,中度异常,4,0,consensus,3,20260802
recovered_archive2/159,,recovered_archive2,159,7,7,5,0,True,True,recovered_archive2/159/rep.jpg.jpg,20,True,test,recovered_archive2/159,20260801,模糊,5--6,10.0,14.0,1.4,13.0,175.0,30--60%,10--30%,粒流,,0--1,中度,1--30,无,暗红,++,无,不见,浅波纹状,0--2,1.8,2.2,2.8,6.8,中度异常,5,0,consensus,0,20260802
recovered_archive2/161,,recovered_archive2,161,9,9,4,2,True,True,recovered_archive2/161/rep.jpg.jpg,19,True,train,recovered_archive2/161,20260801,清晰,>=7,8.0,13.0,1.6,17.0,339.0,30--60%,10--30%,粒线流,,0--1,中度,1--30,>2,暗红,+,无,可见1排,浅波纹状,,1.0,6.6,2.0,9.6,重度异常,4,0,consensus,1,20260802
recovered_archive2/162,,recovered_archive2,162,19,19,5,3,True,True,recovered_archive2/162/rep.jpg.jpg,20,True,train,recovered_archive2/162,20260801,清晰,>=7,10.0,11.0,1.1,13.0,228.0,<=30%,<=10%,粒线流,,0--1,轻度,1--30,1--2,暗红,++,无,不见,浅波纹状,0--2,0.0,3.0,2.8,5.8,中度异常,5,0,consensus,1,20260802
recovered_archive2/163,,recovered_archive2,163,8,8,5,1,True,True,recovered_archive2/163/rep.jpg.jpg,15,True,train,recovered_archive2/163,20260801,模糊,5--6,,,,,183.0,30--60%,30--60%,粒流,,0--1,中度,1--30,1--2,暗红,+,无,">2排,扩张",平坦,,2.0,4.2,,10.3,重度异常,5,0,consensus,4,20260802
recovered_archive2/164,,recovered_archive2,164,16,15,4,0,True,True,recovered_archive2/164/rep.jpg.jpg,19,True,test,recovered_archive1/32,20260801,清晰,5--6,8.0,10.0,1.3,13.0,154.0,30--60%,30--60%,粒流,,0--1,,1--30,无,浅红,,无,可见1排,平坦,3--4,1.9,1.0,,7.1,中度异常,4,0,consensus,3,20260802
recovered_archive2/165,,recovered_archive2,165,8,8,4,1,True,True,recovered_archive2/165/rep.jpg.jpg,19,True,train,recovered_archive2/165,20260801,清晰,5--6,4.0,11.0,2.8,12.0,288.0,<=30%,>60%,粒流,,2--4,中度,1--30,无,暗红,+,,不见,波纹状,0--2,3.0,2.3,1.5,6.8,中度异常,4,0,consensus,2,20260802
recovered_archive2/166,,recovered_archive2,166,19,19,4,0,True,True,recovered_archive2/166/rep.jpg.jpg,20,True,test,recovered_archive2/166,20260801,不清,5--6,14.0,14.0,1.0,15.0,144.0,<=30%,<=10%,粒流,,0--1,中度,1--30,无,暗红,++,无,不见,波纹状,0--2,1.4,2.2,3.6,7.2,中度异常,4,0,consensus,1,20260802
recovered_archive2/167,,recovered_archive2,167,4,4,4,0,True,True,recovered_archive2/167/rep.jpg.jpg,20,True,train,recovered_archive2/167,20260801,清晰,>=7,8.0,11.0,1.4,15.0,189.0,<=30%,<=10%,粒流,,0--1,轻度,1--30,无,浅红,无,无,不见,浅波纹状,0--2,0.2,1.2,0.4,1.8,大致正常,4,0,consensus,4,20260802
recovered_archive2/168,,recovered_archive2,168,9,8,4,2,True,True,recovered_archive2/168/rep.jpg.jpg,20,True,test,recovered_archive1/32,20260801,清晰,>=7,9.0,16.0,1.8,15.0,243.0,<=30%,<=10%,线粒流,,0--1,轻度,1--30,>2,浅红,无,无,可见2排,平坦,0--2,0.2,5.2,2.0,7.4,中度异常,4,0,consensus,3,20260802
recovered_archive2/169,,recovered_archive2,169,5,5,5,1,True,True,recovered_archive2/169/rep.jpg.jpg,19,True,val,recovered_archive2/169,20260801,清晰,5--6,7.0,17.0,2.4,19.0,128.0,<=30%,,粒流,,0--1,轻度,1--30,1--2,浅红,无,无,">2排,扩张",平坦,0--2,1.3,4.0,2.6,7.9,中度异常,5,0,consensus,2,20260802
recovered_archive2/170,,recovered_archive2,170,9,9,4,2,True,True,recovered_archive2/170/rep.jpg.jpg,19,True,val,recovered_archive2/170,20260801,清晰,>=7,13.0,15.0,1.2,13.0,125.0,<=30%,10--30%,粒线流,,0--1,中度,1--30,无,,+,无,可见1排,平坦,0--2,0.4,1.4,4.1,5.9,中度异常,4,0,consensus,2,20260802
recovered_archive2/171,,recovered_archive2,171,5,5,2,0,False,False,recovered_archive2/171/rep.jpg.jpg,13,True,val,recovered_archive2/171,20260801,清晰,>=7,7.0,11.0,1.6,,,,,,,0--1,轻度,1--30,无,淡红,无,无,不见,,,0.2,0.2,0.0,0.4,正常,2,0,consensus,2,20260802
recovered_archive2/172,,recovered_archive2,172,12,12,5,0,True,True,recovered_archive2/172/rep.jpg.jpg,20,True,train,recovered_archive2/172,20260801,清晰,>=7,13.0,17.0,1.3,16.0,170.0,<=30%,<=10%,粒线流,,0--1,中度,1--30,无,暗红,+,无,不见,平坦,0--2,0.0,1.8,3.1,4.9,中度异常,5,0,consensus,3,20260802
recovered_archive2/173,,recovered_archive2,173,8,8,5,2,True,True,recovered_archive2/173/rep.jpg.jpg,20,True,test,recovered_archive2/173,20260801,清晰,>=7,8.0,14.0,1.8,13.0,242.0,<=30%,<=10%,粒流,,0--1,中度,1--30,1--2,浅红,无,无,可见2排,波纹状,0--2,0.4,4.0,0.4,4.8,中度异常,5,0,consensus,4,20260802
recovered_archive2/174,,recovered_archive2,174,8,8,4,0,True,True,recovered_archive2/174/rep.jpg.jpg,20,True,train,recovered_archive2/174,20260801,清晰,>=7,11.0,14.0,1.3,16.0,221.0,<=30%,<=10%,线粒流,,0--1,无,>30,无,浅红,无,无,不见,浅波纹状,0--2,0.0,0.4,0.4,0.8,正常,4,0,consensus,4,20260802
recovered_archive2/175,,recovered_archive2,175,12,12,4,1,True,True,recovered_archive2/175/rep.jpg.jpg,20,True,train,recovered_archive2/175,20260801,清晰,>=7,10.0,14.0,1.4,35.0,150.0,<=30%,>60%,粒线流,,0--1,轻度,1--30,无,浅红,+,无,">2排,扩张",浅波纹状,0--2,2.4,0.8,2.9,6.1,中度异常,4,0,consensus,1,20260802
recovered_archive2/177,,recovered_archive2,177,5,5,4,1,True,True,recovered_archive2/177/rep.jpg.jpg,19,True,train,recovered_archive2/177,20260801,清晰,5--6,6.0,9.0,1.5,11.0,184.0,30--60%,,线粒流,,0--1,轻度,1--30,1--2,浅红,无,无,可见2排,平坦,0--2,2.0,2.4,2.0,6.4,中度异常,4,0,consensus,0,20260802
recovered_archive2/178,,recovered_archive2,178,5,5,5,4,True,True,recovered_archive2/178/rep.jpg.jpg,18,True,train,recovered_archive2/178,20260801,清晰,>=7,6.0,13.0,2.2,11.0,125.0,,,粒流,,0--1,中度,1--30,>2,浅红,无,无,可见2排,平坦,0--2,1.1,6.8,2.0,9.9,重度异常,5,0,consensus,4,20260802
recovered_archive2/179,,recovered_archive2,179,4,4,4,0,True,True,recovered_archive2/179/rep.jpg.jpg,19,True,val,recovered_archive2/179,20260801,不清,>=7,6.0,11.0,1.8,14.0,123.0,<=30%,,粒线流,,0--1,轻度,1--30,1--2,浅红,无,无,可见2排,平坦,0--2,1.2,2.8,2.0,6.0,中度异常,4,0,consensus,1,20260802
recovered_archive2/180,,recovered_archive2,180,12,12,3,1,True,True,recovered_archive2/180/rep.jpg.jpg,16,True,val,recovered_archive2/180,20260801,清晰,5--6,,,,,174.0,<=30%,>60%,粒线流,,0--1,中度,1--30,无,暗红,++,无,不见,平坦,0--2,2.0,1.8,4.0,7.8,重度异常,3,0,consensus,1,20260802
recovered_archive2/181,,recovered_archive2,181,5,5,4,0,True,True,recovered_archive2/181/rep.jpg.jpg,20,True,val,recovered_archive2/181,20260801,清晰,>=7,17.0,26.0,1.5,23.0,288.0,<=30%,<=10%,粒线流,,0--1,轻度,1--30,无,浅红,无,无,">2排,扩张",浅波纹状,0--2,2.2,1.8,1.4,5.4,中度异常,4,0,consensus,1,20260802
recovered_archive2/182,,recovered_archive2,182,7,7,5,0,True,True,recovered_archive2/182/rep.jpg.jpg,20,True,train,recovered_archive2/182,20260801,清晰,>=7,9.0,15.0,1.7,24.0,271.0,<=30%,30--60%,粒流,,2--4,中度,1--30,无,暗红,无,无,可见1排,波纹状,0--2,1.0,2.3,0.1,3.4,中度异常,5,0,consensus,4,20260802
recovered_archive2/183,,recovered_archive2,183,19,19,4,2,True,True,recovered_archive2/183/rep.jpg.jpg,20,True,train,recovered_archive2/183,20260801,清晰,>=7,10.0,13.0,1.3,10.0,236.0,<=30%,>60%,粒流,,0--1,中度,1--30,1--2,暗红,+,无,不见,波纹状,0--2,1.3,4.2,1.5,7.0,中度异常,4,0,consensus,3,20260802
recovered_archive2/184,,recovered_archive2,184,7,7,5,0,True,True,recovered_archive2/184/rep.jpg.jpg,20,True,val,recovered_archive2/184,20260801,不清,>=7,13.0,15.0,1.2,10.0,209.0,30--60%,10--30%,线粒流,,0--1,中度,1--30,无,暗红,无,无,不见,平坦,0--2,0.7,1.4,1.6,3.7,轻度异常,5,0,consensus,1,20260802
recovered_archive2/185,,recovered_archive2,185,10,10,4,1,True,True,recovered_archive2/185/rep.jpg.jpg,19,True,train,recovered_archive2/185,20260801,清晰,>=7,11.0,14.0,1.3,19.0,303.0,<=30%,<=10%,粒流,,0--1,中度,1--30,无,,+,无,可见2排,浅波纹状,0--2,0.5,1.8,4.4,6.7,中度异常,4,0,consensus,4,20260802
recovered_archive2/186,,recovered_archive2,186,9,9,4,3,True,True,recovered_archive2/186/rep.jpg.jpg,19,True,train,recovered_archive2/186,20260801,清晰,>=7,14.0,14.0,1.0,22.0,362.0,<=30%,<=10%,粒线流,,0--1,中度,1--30,>2,淡红,无,无,">2排,扩张",浅波纹状,,2.6,6.2,1.4,10.2,重度异常,4,0,consensus,2,20260802
recovered_archive2/187,,recovered_archive2,187,9,9,4,1,True,True,recovered_archive2/187/rep.jpg.jpg,20,True,train,recovered_archive2/187,20260801,不清,>=7,10.0,15.0,1.5,21.0,299.0,<=30%,<=10%,粒流,,0--1,中度,1--30,1--2,暗红,+,无,可见1排,浅波纹状,0--2,0.5,4.2,2.0,6.7,中度异常,4,0,consensus,0,20260802
recovered_archive2/189,,recovered_archive2,189,8,7,4,0,True,True,recovered_archive2/189/rep.jpg.jpg,17,True,train,recovered_archive2/189,20260801,不清,5--6,,,,42.0,421.0,<=30%,>60%,粒线流,,0--1,中度,1--30,无,暗红,++,无,不见,平坦,0--2,5.2,1.8,4.0,11.0,重度异常,4,0,consensus,0,20260802
recovered_archive2/190,,recovered_archive2,190,6,6,4,0,True,True,recovered_archive2/190/rep.jpg.jpg,19,True,val,recovered_archive2/190,20260801,清晰,>=7,11.0,18.0,1.6,17.0,183.0,30--60%,,粒线流,,0--1,轻度,1--30,无,暗红,无,无,可见2排,平坦,0--2,0.3,1.0,2.0,3.3,轻度异常,4,0,consensus,2,20260802
recovered_archive2/191,,recovered_archive2,191,8,7,4,0,True,True,recovered_archive2/191/rep.jpg.jpg,20,True,test,recovered_archive1/32,20260801,清晰,>=7,11.0,11.0,1.0,18.0,288.0,<=30%,<=10%,线粒流,,0--1,轻度,1--30,无,浅红,+,1--2,可见1排,波纹状,0--2,0.2,0.4,2.4,3.0,轻度异常,4,0,consensus,3,20260802
recovered_archive2/192,,recovered_archive2,192,12,12,5,3,True,True,recovered_archive2/192/rep.jpg.jpg,20,True,test,recovered_archive2/192,20260801,清晰,5--6,13.0,18.0,1.4,28.0,261.0,<=30%,<=10%,粒缓流,,2--4,轻度,>30,1--2,浅红,无,无,可见2排,浅波纹状,0--2,2.1,4.3,0.8,7.2,中度异常,5,0,consensus,3,20260802
recovered_archive2/193,,recovered_archive2,193,11,11,4,1,True,True,recovered_archive2/193/rep.jpg.jpg,20,True,train,recovered_archive2/193,20260801,不清,>=7,11.0,15.0,1.4,32.0,404.0,<=30%,<=10%,粒流,,0--1,中度,1--30,>2,暗红,+,无,可见1排,平坦,0--2,3.2,7.0,3.2,13.4,重度异常,4,0,consensus,1,20260802
recovered_archive2/194,,recovered_archive2,194,5,5,4,0,True,True,recovered_archive2/194/rep.jpg.jpg,19,True,train,recovered_archive2/194,20260801,不清,3--4,7.0,8.0,1.1,8.0,107.0,30--60%,,线粒流,,0--1,无,1--30,无,浅红,+,无,可见1排,平坦,0--2,3.6,0.2,3.2,7.0,中度异常,4,0,consensus,0,20260802
recovered_archive2/195,,recovered_archive2,195,7,7,4,0,True,True,recovered_archive2/195/rep.jpg.jpg,19,True,train,recovered_archive2/195,20260801,清晰,>=7,8.0,18.0,2.3,14.0,459.0,<=30%,30--60%,粒线流,,0--1,轻度,1--30,1--2,浅红,无,无,可见1排,波纹状,,2.7,2.8,0.1,5.6,中度异常,4,0,consensus,0,20260802
recovered_archive2/196,,recovered_archive2,196,16,16,4,1,True,True,recovered_archive2/196/rep.jpg.jpg,16,True,train,recovered_archive2/196,20260801,不清,>=7,,,,,123.0,<=30%,>60%,粒线流,,0--1,重度,1--30,无,暗红,++,无,可见1排,平坦,0--2,1.6,3.8,,9.5,重度异常,4,0,consensus,4,20260802
recovered_archive2/197,,recovered_archive2,197,8,8,4,0,True,True,recovered_archive2/197/rep.jpg.jpg,20,True,train,recovered_archive2/197,20260801,不清,>=7,10.0,13.0,1.3,13.0,185.0,<=30%,<=10%,粒线流,,0--1,轻度,1--30,无,浅红,+,无,不见,浅波纹状,0--2,0.2,0.8,1.9,2.9,轻度异常,4,0,consensus,1,20260802
recovered_archive2/198,,recovered_archive2,198,9,9,4,1,True,True,recovered_archive2/198/rep.jpg.jpg,20,True,train,recovered_archive2/198,20260801,不清,5--6,13.0,17.0,1.3,18.0,195.0,30--60%,30--60%,粒线流,,0--1,中度,1--30,>2,暗红,++,无,可见1排,浅波纹状,0--2,1.6,6.6,2.9,11.1,重度异常,4,0,consensus,2,20260802
recovered_archive2/199,,recovered_archive2,199,9,9,4,2,True,True,recovered_archive2/199/rep.jpg.jpg,16,True,train,recovered_archive2/199,20260801,不清,5--6,,,,,425.0,<=30%,<=10%,粒线流,,0--1,中度,1--30,1--2,暗红,无,无,">2排,扩张",波纹状,0--2,3.0,3.8,1.0,7.8,中度异常,4,0,consensus,4,20260802
recovered_archive2/200,,recovered_archive2,200,10,10,4,0,True,True,recovered_archive2/200/rep.jpg.jpg,20,True,test,recovered_archive2/200,20260801,不清,>=7,8.0,14.0,1.8,20.0,234.0,<=30%,<=10%,粒线流,,0--1,轻度,1--30,1--2,暗红,+,无,不见,平坦,0--2,0.5,3.0,3.1,6.6,中度异常,4,0,consensus,0,20260802
recovered_archive3/201,,recovered_archive3,201,8,8,5,0,True,True,recovered_archive3/201/rep.jpg.jpg,19,True,train,recovered_archive3/201,20260801,清晰,>=7,13.0,17.0,1.3,15.0,125.0,<=30%,<=10%,粒流,,0--1,中度,1--30,无,淡红,+,无,">2排,扩张",平坦,,0.2,1.8,4.1,6.1,中度异常,5,0,consensus,1,20260802
recovered_archive3/202,,recovered_archive3,202,16,16,4,0,True,True,recovered_archive3/202/rep.jpg.jpg,20,True,val,recovered_archive3/202,20260801,清晰,3--4,13.0,15.0,1.2,22.0,156.0,60--80%,>60%,粒流,,2--4,中度,1--30,无,浅红,无,无,不见,平坦,0--2,4.2,2.1,1.6,7.9,中度异常,4,0,consensus,2,20260802
recovered_archive3/203,,recovered_archive3,203,15,15,5,1,True,True,recovered_archive3/203/rep.jpg.jpg,20,True,train,recovered_archive3/203,20260801,不清,>=7,8.0,11.0,1.4,10.0,322.0,<=30%,>60%,粒流,,0--1,中度,1--30,无,暗红,无,无,不见,浅波纹状,0--2,2.1,2.2,0.4,4.7,中度异常,5,0,consensus,4,20260802
recovered_archive3/204,,recovered_archive3,204,9,9,4,2,True,True,recovered_archive3/204/rep.jpg.jpg,19,True,train,recovered_archive3/204,20260801,清晰,>=7,8.0,10.0,1.3,18.0,357.0,>80%,,粒线流,,0--1,中度,1--30,>2,浅红,无,无,">2排,扩张",波纹状,0--2,1.9,6.4,1.0,9.3,重度异常,4,0,consensus,2,20260802
recovered_archive3/205,,recovered_archive3,205,7,7,5,1,True,True,recovered_archive3/205/rep.jpg.jpg,20,True,train,recovered_archive3/205,20260801,清晰,5--6,18.0,25.0,1.4,32.0,292.0,30--60%,<=10%,粒流,,0--1,中度,1--30,1--2,浅红,+,无,可见2排,浅波纹状,0--2,4.2,5.0,2.3,11.5,重度异常,5,0,consensus,0,20260802
recovered_archive3/206,,recovered_archive3,206,9,9,5,3,True,True,recovered_archive3/206/rep.jpg.jpg,20,True,train,recovered_archive3/206,20260801,清晰,>=7,13.0,15.0,1.2,14.0,294.0,<=30%,30--60%,粒缓流,,0--1,重度,1--30,>2,暗红,无,无,可见2排,浅波纹状,0--2,0.6,9.8,0.8,11.2,重度异常,5,0,consensus,3,20260802
recovered_archive3/207,,recovered_archive3,207,7,7,4,3,True,True,recovered_archive3/207/rep.jpg.jpg,20,True,train,recovered_archive3/207,20260801,清晰,>=7,11.0,18.0,1.6,25.0,294.0,<=30%,<=10%,线粒流,,0--1,轻度,1--30,1--2,淡红,+,无,可见2排,浅波纹状,0--2,1.3,2.2,2.3,5.8,中度异常,4,0,consensus,4,20260802
recovered_archive3/208,,recovered_archive3,208,9,9,4,0,True,True,recovered_archive3/208/rep.jpg.jpg,20,True,train,recovered_archive3/208,20260801,清晰,>=7,12.0,16.0,1.3,17.0,449.0,<=30%,<=10%,线粒流,,0--1,轻度,1--30,无,浅红,+,无,可见2排,波纹状,0--2,2.0,0.4,1.9,4.3,中度异常,4,0,consensus,4,20260802
recovered_archive3/209,,recovered_archive3,209,5,4,4,0,True,True,recovered_archive3/209/rep.jpg.jpg,19,True,test,recovered_archive1/32,20260801,不清,5--6,7.0,13.0,1.9,10.0,143.0,60--80%,,线粒流,,0--1,无,1--30,无,淡红,无,无,不见,波纹状,0--2,1.9,0.0,0.0,1.9,大致正常,4,0,consensus,3,20260802
recovered_archive3/210,,recovered_archive3,210,16,16,5,0,True,True,recovered_archive3/210/rep.jpg.jpg,20,True,train,recovered_archive3/210,20260801,清晰,5--6,8.0,13.0,1.6,25.0,177.0,<=30%,>60%,粒流,,0--1,中度,1--30,无,浅红,+,无,不见,波纹状,0--2,3.2,2.0,1.5,6.7,中度异常,5,0,consensus,1,20260802
recovered_archive3/211,,recovered_archive3,211,5,5,4,0,True,True,recovered_archive3/211/rep.jpg.jpg,20,True,train,recovered_archive3/211,20260801,不清,>=7,10.0,14.0,1.4,14.0,138.0,60--80%,10--30%,粒线流,,0--1,无,1--30,无,暗红,+,无,不见,平坦,0--2,1.0,0.8,1.6,3.4,轻度异常,4,0,consensus,0,20260802
recovered_archive3/212,,recovered_archive3,212,8,8,4,1,True,True,recovered_archive3/212/rep.jpg.jpg,19,True,train,recovered_archive3/212,20260801,不清,3--4,10.0,13.0,1.3,11.0,648.0,<=30%,<=10%,粒流,,0--1,轻度,1--30,无,暗红,+,无,">2排,扩张",浅波纹状,,4.3,1.4,2.9,8.6,重度异常,4,0,consensus,0,20260802
recovered_archive3/213,,recovered_archive3,213,10,9,5,4,True,True,recovered_archive3/213/rep.jpg.jpg,20,True,test,recovered_archive1/32,20260801,不清,>=7,7.0,8.0,1.1,14.0,345.0,<=30%,<=10%,粒流,,0--1,中度,1--30,1--2,暗红,+,无,可见1排,波纹状,0--2,1.2,4.2,1.6,7.0,中度异常,5,0,consensus,3,20260802
recovered_archive3/214,,recovered_archive3,214,23,23,5,2,True,True,recovered_archive3/214/rep.jpg.jpg,19,True,train,recovered_archive3/214,20260801,不清,5--6,21.0,24.0,1.1,27.0,239.0,60--80%,<=10%,粒流,,,中度,1--30,>2,暗红,+,无,">2排,扩张",平坦,0--2,4.4,7.0,4.1,15.5,重度异常,5,0,consensus,4,20260802
recovered_archive3/215,,recovered_archive3,215,9,9,4,1,True,True,recovered_archive3/215/rep.jpg.jpg,20,True,train,recovered_archive3/215,20260801,不清,>=7,8.0,18.0,2.3,18.0,184.0,30--60%,<=10%,粒线流,,0--1,轻度,1--30,>2,浅红,+,无,">2排,扩张",浅波纹状,0--2,0.7,5.6,2.9,9.2,重度异常,4,0,consensus,2,20260802
recovered_archive3/216,,recovered_archive3,216,6,6,4,0,True,True,recovered_archive3/216/rep.jpg.jpg,18,True,train,recovered_archive3/216,20260801,不清,5--6,7.0,7.0,1.0,9.0,181.0,,,粒线流,,0--1,轻度,1--30,1--2,暗红,+,无,不见,浅波纹状,0--2,1.7,3.0,1.9,6.6,中度异常,4,0,consensus,4,20260802
recovered_archive3/217,,recovered_archive3,217,4,4,3,0,False,False,recovered_archive3/217/rep.jpg.jpg,20,True,train,recovered_archive3/217,20260801,清晰,>=7,7.0,8.0,1.1,14.0,227.0,<=30%,10--30%,粒流,,0--1,轻度,1--30,无,暗红,无,无,不见,波纹状,0--2,0.8,1.4,0.0,2.2,轻度异常,3,0,consensus,4,20260802
recovered_archive3/219,,recovered_archive3,219,12,12,4,4,True,True,recovered_archive3/219/rep.jpg.jpg,19,True,train,recovered_archive3/219,20260801,不清,1--2,14.0,46.0,3.3,35.0,167.0,<=30%,30--60%,粒缓流,,0--1,重度,1--30,无,,+,无,不见,浅波纹状,0--2,6.6,4.6,1.9,13.1,重度异常,4,0,consensus,4,20260802
recovered_archive3/220,,recovered_archive3,220,12,12,5,1,True,True,recovered_archive3/220/rep.jpg.jpg,19,True,val,recovered_archive3/220,20260801,不清,>=7,13.0,17.0,1.3,18.0,131.0,<=30%,<=10%,线粒流,,0--1,轻度,1--30,>2,浅红,+,1--2,可见1排,浅波纹状,,0.4,5.2,3.7,9.3,重度异常,5,0,consensus,0,20260802
recovered_archive3/221,,recovered_archive3,221,5,4,5,0,True,True,recovered_archive3/221/rep.jpg.jpg,20,True,test,recovered_archive1/32,20260801,清晰,>=7,4.0,8.0,2.0,10.0,120.0,60--80%,10--30%,线粒流,,0--1,无,1--30,无,浅红,无,无,可见2排,平坦,0--2,2.1,0.2,2.0,4.3,中度异常,5,0,consensus,3,20260802
recovered_archive3/222,,recovered_archive3,222,9,9,4,2,True,True,recovered_archive3/222/rep.jpg.jpg,17,True,train,recovered_archive3/222,20260801,不清,>=7,,,,21.0,346.0,<=30%,>60%,粒缓流,,0--1,重度,1--30,1--2,暗红,+,无,不见,平坦,0--2,1.9,7.0,3.1,12.0,重度异常,4,0,consensus,0,20260802
recovered_archive3/223,,recovered_archive3,223,10,9,4,2,True,True,recovered_archive3/223/rep.jpg.jpg,11,True,test,recovered_archive1/32,20260801,不清,,,,,,,,,粒缓流,,0--1,中度,1--30,1--2,暗红,+,无,不见,平坦,,0.2,5.0,,8.3,重度异常,4,0,consensus,3,20260802
recovered_archive3/224,,recovered_archive3,224,13,13,4,1,True,True,recovered_archive3/224/rep.jpg.jpg,15,True,train,recovered_archive3/224,20260801,不清,5--6,,,,,317.0,,>60%,粒线流,,0--1,重度,1--30,无,暗红,++,无,不见,浅波纹状,0--2,2.6,3.8,2.8,9.2,重度异常,4,0,consensus,3,20260802
recovered_archive3/225,,recovered_archive3,225,8,8,4,1,True,True,recovered_archive3/225/rep.jpg.jpg,20,True,val,recovered_archive3/225,20260801,清晰,>=7,11.0,15.0,1.4,22.0,428.0,<=30%,<=10%,线粒流,,0--1,轻度,1--30,1--2,浅红,无,无,可见2排,波纹状,0--2,2.4,2.4,0.4,5.2,中度异常,4,0,consensus,1,20260802
recovered_archive3/226,,recovered_archive3,226,7,7,4,9,True,True,recovered_archive3/226/rep.jpg.jpg,18,True,val,recovered_archive3/226,20260801,,>=7,10.0,14.0,1.4,12.0,100.0,30--60%,30--60%,粒缓流,,0--1,重度,1--30,>2,暗红,++,无,">2排,扩张",浅波纹状,,0.8,9.8,3.8,14.4,重度异常,4,0,consensus,0,20260802
recovered_archive3/227,,recovered_archive3,227,11,11,4,1,True,True,recovered_archive3/227/rep.jpg.jpg,14,True,train,recovered_archive3/227,20260801,不清,3--4,,,,,,,>60%,粒流,,0--1,中度,1--30,无,暗红,+,无,不见,平坦,0--2,3.4,2.2,3.1,8.7,重度异常,4,0,consensus,2,20260802
recovered_archive3/228,,recovered_archive3,228,7,7,4,0,True,True,recovered_archive3/228/rep.jpg.jpg,20,True,train,recovered_archive3/228,20260801,清晰,>=7,8.0,17.0,2.1,17.0,335.0,<=30%,<=10%,线粒流,,0--1,轻度,1--30,无,浅红,无,无,不见,波纹状,0--2,0.6,0.4,0.0,1.0,正常,4,0,consensus,4,20260802
recovered_archive3/230,,recovered_archive3,230,7,7,5,0,True,True,recovered_archive3/230/rep.jpg.jpg,18,True,train,recovered_archive3/230,20260801,清晰,>=7,,10.0,,14.0,185.0,<=30%,<=10%,粒线流,,0--1,无,1--30,无,浅红,无,无,不见,波纹状,0--2,0.1,0.2,0.0,0.3,正常,5,0,consensus,1,20260802
recovered_archive3/231,,recovered_archive3,231,10,10,4,2,True,True,recovered_archive3/231/rep.jpg.jpg,20,True,train,recovered_archive3/231,20260801,不清,>=7,14.0,13.0,0.9,11.0,333.0,30--60%,<=10%,粒线流,,0--1,中度,1--30,1--2,暗红,+,无,可见1排,平坦,0--2,1.1,3.8,3.2,8.1,重度异常,4,0,consensus,1,20260802
recovered_archive3/232,,recovered_archive3,232,5,5,4,3,True,True,recovered_archive3/232/rep.jpg.jpg,20,True,train,recovered_archive3/232,20260801,清晰,>=7,11.0,10.0,0.9,18.0,277.0,<=30%,<=10%,粒流,,0--1,轻度,1--30,1--2,浅红,+,无,可见1排,波纹状,0--2,0.3,3.2,1.6,5.1,中度异常,4,0,consensus,2,20260802
recovered_archive3/233,,recovered_archive3,233,12,12,5,0,True,True,recovered_archive3/233/rep.jpg.jpg,20,True,train,recovered_archive3/233,20260801,不清,3--4,14.0,22.0,1.6,26.0,323.0,<=30%,<=10%,粒流,,0--1,中度,1--30,1--2,暗红,+,无,不见,平坦,0--2,4.2,4.2,3.1,11.5,重度异常,5,0,consensus,2,20260802
recovered_archive3/234,,recovered_archive3,234,15,15,4,0,True,True,recovered_archive3/234/rep.jpg.jpg,20,True,train,recovered_archive3/234,20260801,不清,3--4,21.0,35.0,1.7,39.0,241.0,<=30%,<=10%,粒摆流,,0--1,重度,1--30,无,暗紫,+,无,不见,平坦,0--2,5.4,7.8,3.1,16.3,重度异常,4,0,consensus,1,20260802
recovered_archive3/235,,recovered_archive3,235,9,9,4,3,True,True,recovered_archive3/235/rep.jpg.jpg,19,True,train,recovered_archive3/235,20260801,清晰,>=7,15.0,19.0,1.3,19.0,273.0,30--60%,,粒线流,,0--1,无,1--30,>2,浅红,无,无,不见,波纹状,0--2,0.8,5.4,0.0,6.2,中度异常,4,0,consensus,2,20260802
recovered_archive3/236,,recovered_archive3,236,5,5,4,2,True,True,recovered_archive3/236/rep.jpg.jpg,18,True,train,recovered_archive3/236,20260801,清晰,5--6,9.0,8.0,0.9,13.0,260.0,,,粒线流,,0--1,轻度,1--30,1--2,淡红,无,无,可见2排,波纹状,0--2,1.4,2.6,0.4,4.4,中度异常,4,0,consensus,0,20260802
recovered_archive3/237,,recovered_archive3,237,5,5,5,0,True,True,recovered_archive3/237/rep.jpg.jpg,20,True,train,recovered_archive3/237,20260801,清晰,>=7,10.0,10.0,1.0,14.0,144.0,<=30%,<=10%,粒流,,0--1,中度,1--30,无,浅红,无,无,不见,浅波纹状,0--2,0.3,1.6,0.4,2.3,轻度异常,5,0,consensus,4,20260802
recovered_archive3/241,,recovered_archive3,241,13,13,4,3,True,True,recovered_archive3/241/rep.jpg.jpg,20,True,val,recovered_archive3/241,20260801,不清,5--6,14.0,15.0,1.1,13.0,177.0,60--80%,<=10%,粒流,,0--1,中度,1--30,>2,暗红,+,无,不见,波纹状,0--2,1.6,7.0,1.5,10.1,重度异常,4,0,consensus,1,20260802
recovered_archive3/242,,recovered_archive3,242,5,4,4,0,True,True,recovered_archive3/242/rep.jpg.jpg,19,True,test,recovered_archive1/32,20260801,清晰,>=7,9.0,14.0,1.6,19.0,354.0,<=30%,,线粒流,,0--1,无,1--30,无,浅红,无,无,可见1排,波纹状,0--2,0.5,0.2,0.1,0.8,正常,4,0,consensus,3,20260802
recovered_archive3/243,,recovered_archive3,243,8,8,4,0,True,True,recovered_archive3/243/rep.jpg.jpg,17,True,train,recovered_archive3/243,20260801,不清,>=7,9.0,12.0,1.3,23.0,401.0,<=30%,<=10%,粒线流,,0--1,中度,1--30,,,+,1--2,不见,平坦,,2.6,1.4,3.9,7.9,中度异常,4,0,consensus,1,20260802
recovered_archive3/244,,recovered_archive3,244,10,10,4,0,True,True,recovered_archive3/244/rep.jpg.jpg,20,True,train,recovered_archive3/244,20260801,清晰,>=7,13.0,17.0,1.3,19.0,371.0,<=30%,<=10%,线流,,0--1,轻度,1--30,无,浅红,+,无,可见1排,波纹状,0--2,2.1,0.4,1.6,4.1,轻度异常,4,0,consensus,2,20260802
recovered_archive3/246,,recovered_archive3,246,6,5,4,1,True,True,recovered_archive3/246/rep.jpg.jpg,19,True,test,recovered_archive1/32,20260801,清晰,>=7,11.0,19.0,1.7,28.0,371.0,30--60%,,粒流,,0--1,轻度,>30,1--2,浅红,无,无,可见1排,波纹状,0--2,3.3,3.4,0.1,6.8,中度异常,4,0,consensus,3,20260802
recovered_archive3/247,,recovered_archive3,247,8,8,4,2,True,True,recovered_archive3/247/rep.jpg.jpg,20,True,train,recovered_archive3/247,20260801,清晰,>=7,31.0,44.0,1.4,80.0,380.0,<=30%,>60%,粒缓流,,0--1,中度,1--30,无,暗红,无,无,可见1排,浅波纹状,0--2,6.2,3.0,0.5,9.7,重度异常,4,0,consensus,2,20260802
recovered_archive3/248,,recovered_archive3,248,7,7,5,2,True,True,recovered_archive3/248/rep.jpg.jpg,19,True,train,recovered_archive3/248,20260801,不清,>=7,13.0,15.0,1.2,19.0,313.0,30--60%,10--30%,粒线流,,0--1,中度,1--30,>2,浅红,无,无,可见2排,浅波纹状,,1.1,6.4,8.0,,重度异常,5,0,consensus,3,20260802
recovered_archive3/249,,recovered_archive3,249,11,11,4,1,True,True,recovered_archive3/249/rep.jpg.jpg,19,True,train,recovered_archive3/249,20260801,清晰,>=7,13.0,11.0,0.8,17.0,143.0,30--60%,30--60%,粒流,,0--1,中度,1--30,无,暗红,++,无,">2排,扩张",平坦,,0.8,2.2,5.0,8.0,中度异常,4,0,consensus,1,20260802
recovered_archive3/250,,recovered_archive3,250,10,10,4,2,True,True,recovered_archive3/250/rep.jpg.jpg,20,True,train,recovered_archive3/250,20260801,不清,>=7,4.0,21.0,5.3,13.0,311.0,<=30%,>60%,粒流,,0--1,中度,1--30,>2,暗红,++,无,不见,浅波纹状,0--2,3.0,7.0,2.8,12.8,重度异常,4,0,consensus,0,20260802
recovered_archive3/251,,recovered_archive3,251,10,10,4,1,True,True,recovered_archive3/251/rep.jpg.jpg,20,True,test,recovered_archive3/251,20260801,清晰,>=7,13.0,15.0,1.2,20.0,412.0,<=30%,<=10%,粒线流,,0--1,轻度,1--30,>2,浅红,无,无,不见,波纹状,0--2,2.1,5.6,0.0,7.7,中度异常,4,0,consensus,3,20260802
recovered_archive3/252,,recovered_archive3,252,17,17,4,4,True,True,recovered_archive3/252/rep.jpg.jpg,20,True,train,recovered_archive3/252,20260801,清晰,>=7,19.0,25.0,1.3,30.0,355.0,<=30%,10--30%,粒缓流,,0--1,重度,1--30,无,暗红,+,无,可见2排,浅波纹状,0--2,3.6,5.0,2.3,10.9,重度异常,4,0,consensus,2,20260802
recovered_archive3/253,,recovered_archive3,253,5,5,4,0,True,True,recovered_archive3/253/rep.jpg.jpg,20,True,test,recovered_archive3/253,20260801,不清,>=7,7.0,11.0,1.6,11.0,253.0,30--60%,10--30%,线粒流,,0--1,无,1--30,无,浅红,无,无,不见,波纹状,0--2,1.1,0.2,0.0,1.3,大致正常,4,0,consensus,4,20260802
recovered_archive3/254,,recovered_archive3,254,8,8,4,1,True,True,recovered_archive3/254/rep.jpg.jpg,20,True,train,recovered_archive3/254,20260801,不清,5--6,15.0,19.0,1.3,24.0,316.0,<=30%,<=10%,粒流,,0--1,轻度,1--30,1--2,浅红,+,无,不见,浅波纹状,0--2,2.1,3.2,1.9,7.2,中度异常,4,0,consensus,0,20260802
recovered_archive3/255,,recovered_archive3,255,8,8,4,3,True,True,recovered_archive3/255/rep.jpg.jpg,12,True,val,recovered_archive3/255,20260801,不清,,,,,,,,,粒缓流,,0--1,重度,1--30,1--2,暗红,++,无,可见2排,平坦,0--2,0.2,7.0,,11.6,重度异常,4,0,consensus,4,20260802
recovered_archive3/256,,recovered_archive3,256,13,13,4,2,True,True,recovered_archive3/256/rep.jpg.jpg,20,True,train,recovered_archive3/256,20260801,不清,>=7,10.0,10.0,1.0,8.0,278.0,30--60%,<=10%,粒缓流,,0--1,重度,1--30,无,暗红,,1--2,不见,波纹状,0--2,1.1,5.0,3.2,9.3,重度异常,4,0,consensus,1,20260802
recovered_archive3/257,,recovered_archive3,257,17,17,4,1,True,True,recovered_archive3/257/rep.jpg.jpg,20,True,val,recovered_archive3/257,20260801,清晰,>=7,11.0,15.0,1.4,20.0,547.0,30--60%,30--60%,线粒流,,0--1,中度,1--30,1--2,暗红,++,无,">2排,扩张",波纹状,0--2,2.7,3.4,3.4,9.5,重度异常,4,0,consensus,0,20260802
recovered_archive3/258,,recovered_archive3,258,9,9,5,1,True,True,recovered_archive3/258/rep.jpg.jpg,18,True,train,recovered_archive3/258,20260801,不清,3--4,11.0,11.0,1.0,16.0,132.0,<=30%,<=10%,粒流,,0--1,轻度,,>2,,+,无,不见,平坦,0--2,2.4,5.8,3.1,11.3,重度异常,5,0,consensus,0,20260802
recovered_archive3/259,,recovered_archive3,259,6,6,4,0,True,True,recovered_archive3/259/rep.jpg.jpg,19,True,val,recovered_archive3/259,20260801,不清,>=7,6.0,11.0,1.8,13.0,246.0,<=30%,,粒线流,,0--1,无,1--30,无,浅红,无,无,">2排,扩张",浅波纹状,0--2,1.2,0.6,1.4,3.2,轻度异常,4,0,consensus,1,20260802
recovered_archive3/260,,recovered_archive3,260,12,12,3,2,True,True,recovered_archive3/260/rep.jpg.jpg,15,True,train,recovered_archive3/260,20260801,不清,5--6,36.0,40.0,1.1,42.0,276.0,<=30%,<=10%,粒流,,0--1,重度,1--30,>2,暗红,,,,,,4.2,9.0,,13.2,重度异常,3,0,consensus,3,20260802
recovered_archive3/261,,recovered_archive3,261,16,16,4,0,True,True,recovered_archive3/261/rep.jpg.jpg,16,True,val,recovered_archive3/261,20260801,不清,3--4,,,,33.0,258.0,<=30%,>60%,粒流,,0--1,中度,1--30,无,暗红,++,无,不见,浅波纹状,,4.6,2.2,,9.6,重度异常,4,0,consensus,4,20260802
recovered_archive3/262,,recovered_archive3,262,7,7,5,0,True,True,recovered_archive3/262/rep.jpg.jpg,20,True,train,recovered_archive3/262,20260801,清晰,>=7,7.0,11.0,1.6,11.0,316.0,<=30%,<=10%,粒线流,,0--1,中度,1--30,1--2,暗红,无,无,可见2排,波纹状,0--2,0.7,3.8,0.4,4.9,中度异常,5,0,consensus,0,20260802
recovered_archive3/263,,recovered_archive3,263,10,10,5,1,True,True,recovered_archive3/263/rep.jpg.jpg,20,True,train,recovered_archive3/263,20260801,不清,>=7,13.0,10.0,0.8,14.0,125.0,<=30%,>60%,粒线流,,0--1,中度,1--30,无,浅红,,无,不见,平坦,0--2,1.7,1.6,4.0,7.3,重度异常,5,0,consensus,2,20260802
recovered_archive3/264,,recovered_archive3,264,10,10,4,4,True,True,recovered_archive3/264/rep.jpg.jpg,20,True,train,recovered_archive3/264,20260801,不清,>=7,13.0,11.0,0.8,13.0,420.0,<=30%,10--30%,粒流,,0--1,轻度,1--30,1--2,浅红,无,无,不见,波纹状,0--2,2.4,3.2,0.0,5.6,中度异常,4,0,consensus,0,20260802
recovered_archive3/265,,recovered_archive3,265,7,7,4,0,True,True,recovered_archive3/265/rep.jpg.jpg,20,True,val,recovered_archive3/265,20260801,清晰,>=7,15.0,19.0,1.3,21.0,291.0,<=30%,<=10%,粒线流,,0--1,中度,1--30,无,浅红,无,无,不见,波纹状,0--2,0.6,1.6,0.0,2.2,轻度异常,4,0,consensus,3,20260802
recovered_archive3/266,,recovered_archive3,266,11,11,4,2,True,True,recovered_archive3/266/rep.jpg.jpg,20,True,train,recovered_archive3/266,20260801,清晰,>=7,15.0,16.0,1.1,24.0,449.0,<=30%,<=10%,粒流,,0--1,轻度,1--30,无,浅红,无,无,可见2排,波纹状,0--2,2.6,1.2,0.4,4.2,中度异常,4,0,consensus,2,20260802
recovered_archive3/267,,recovered_archive3,267,6,5,5,0,True,True,recovered_archive3/267/rep.jpg.jpg,18,True,test,recovered_archive1/32,20260801,清晰,>=7,11.0,17.0,1.5,18.0,395.0,<=30%,,线流,,0--1,无,1--30,无,淡红,无,无,可见1排,浅波纹状,,2.0,0.0,0.5,2.5,轻度异常,5,0,consensus,3,20260802
