exam_case_id,y,pred,p_lo,p_ref,p_hi
recovered_archive1/1,1,1,0.13924827607216675,0.551836773620586,0.30891495030724725
recovered_archive1/100,0,1,0.14826874881982058,0.7379378508679135,0.11379340031226595
recovered_archive1/31,1,1,0.15929343933681916,0.679880380283016,0.16082618038016486
recovered_archive1/33,2,1,0.14140706781049545,0.5163585842880949,0.34223434790140966
recovered_archive1/36,0,1,0.16279817437070687,0.7489758222445644,0.08822600338472877
recovered_archive1/59,0,1,0.14813214088702936,0.6411356498927714,0.21073220922019933
recovered_archive1/65,1,1,0.14897959227482122,0.7372916627286736,0.11372874499650515
recovered_archive1/75,1,1,0.11807375368788561,0.5137389312469564,0.36818731506515795
recovered_archive1/82,1,1,0.15501337857680125,0.7354682572709392,0.1095183641522595
recovered_archive1/85,2,2,0.13132074391811074,0.4043538046052406,0.4643254514766486
recovered_archive1/97,1,2,0.12390234588705829,0.2564077997248946,0.6196898543880471
recovered_archive2/101,1,1,0.15357059219334404,0.7938939958781456,0.05253541192851046
recovered_archive2/108,0,1,0.1565605297964727,0.6951889410440695,0.1482505291594578
recovered_archive2/112,2,2,0.12235402384719268,0.049048735933325316,0.828597240219482
recovered_archive2/115,2,1,0.1455520332726697,0.7309913314304071,0.12345663529692326
recovered_archive2/134,1,1,0.14927966173259657,0.6002037727906658,0.2505165654767377
recovered_archive2/138,2,2,0.12934769041708583,0.4053384760476819,0.4653138335352322
recovered_archive2/142,0,1,0.14021016075741766,0.7359006466351316,0.12388919260745075
recovered_archive2/143,0,1,0.1556692947620065,0.7099693723205921,0.1343613329174014
recovered_archive2/145,2,1,0.1439342900793752,0.5669594217291283,0.2891062881914966
recovered_archive2/147,1,1,0.13635653131150335,0.5444766593704071,0.31916680931808955
recovered_archive2/155,1,1,0.1469691003866708,0.6350499345283943,0.21798096508493492
recovered_archive2/156,2,2,0.12869172385342512,0.43031913985267933,0.4409891362938956
recovered_archive2/169,1,1,0.1507629973589418,0.5381799847905108,0.3110570178505474
recovered_archive2/170,1,1,0.14329200661602706,0.6892268108165414,0.16748118256743158
recovered_archive2/172,1,1,0.1439252284321033,0.6882549242873849,0.16781984728051177
recovered_archive2/178,1,1,0.15660553151862264,0.7374328198911924,0.10596164859018498
recovered_archive2/181,2,2,0.11923649786157699,0.37638631525575417,0.5043771868826689
recovered_archive2/183,1,1,0.14382965082395596,0.6049634751106935,0.2512068740653505
recovered_archive2/194,0,1,0.16147708442529457,0.7853052617524725,0.05321765382223284
recovered_archive3/202,1,1,0.14718471161355623,0.6918354869858272,0.16097980140061646
recovered_archive3/204,0,1,0.14587105627997413,0.44360455137694665,0.4105243923430792
recovered_archive3/207,2,1,0.14700314665396017,0.7122547579592005,0.14074209538683935
recovered_archive3/214,2,1,0.14306401154276643,0.7247304996138377,0.13220548884339586
recovered_archive3/217,0,1,0.14533421276918676,0.7184002626681933,0.1362655245626198
recovered_archive3/218,1,1,0.1554937394241036,0.6455833552107608,0.19892290536513554
recovered_archive3/233,2,2,0.14327913776417575,0.16570172094208105,0.6910191412937432
recovered_archive3/254,2,2,0.1429617143050958,0.24801041881350278,0.6090278668814014
recovered_archive3/260,2,2,0.13368277075772697,0.2727775621738151,0.593539667068458
recovered_archive3/262,1,1,0.137986920981314,0.6830512350816873,0.1789618439369987
recovered_archive3/264,1,1,0.15948775545168567,0.6265742103798903,0.21393803416842402
recovered_archive1/35,1,1,0.26639925766466654,0.579658776875151,0.1539419654601825
recovered_archive1/39,1,1,0.2563750689532662,0.5629623275579869,0.18066260348874683
recovered_archive1/45,2,1,0.12120024815397033,0.729992692530626,0.14880705931540367
recovered_archive1/48,2,1,0.18786622528844943,0.7620738429178422,0.05005993179370837
recovered_archive1/54,1,1,0.14709140975753893,0.46990077832680116,0.38300781191565997
recovered_archive1/60,2,1,0.14271254940753028,0.6292767685870482,0.22801068200542157
recovered_archive1/63,2,2,0.10290945907847965,0.16036899972634028,0.7367215411951801
recovered_archive1/71,2,1,0.21405631198768232,0.5019473196878625,0.2839963683244552
recovered_archive1/91,1,1,0.17844320145421833,0.6240942554438211,0.1974625431019606
recovered_archive1/92,2,1,0.08356474792475072,0.523499592331842,0.3929356597434073
recovered_archive1/96,1,1,0.2093375155390118,0.5934901192862987,0.19717236517468945
recovered_archive1/98,2,2,0.023421813892087126,0.20558928085318678,0.7709889052547261
recovered_archive2/106,1,1,0.25631616989554906,0.6668134804411834,0.07687034966326754
recovered_archive2/107,1,1,0.21210862552319149,0.6542804223758405,0.13361095210096807
recovered_archive2/118,1,1,0.12988174762439894,0.5604634530848478,0.30965479929075324
recovered_archive2/126,1,1,0.14475350014567487,0.6071287141164602,0.24811778573786492
recovered_archive2/129,1,1,0.06989311600829196,0.7008853139319845,0.22922157005972355
recovered_archive2/131,2,1,0.2087078819753565,0.5331321358388044,0.2581599821858392
recovered_archive2/146,0,1,0.1811715550134804,0.5298734085631477,0.288955036423372
recovered_archive2/149,1,1,0.17945541075969715,0.6313099672015868,0.18923462203871594
recovered_archive2/157,0,1,0.1362027173211024,0.6599868932323552,0.20381038944654253
recovered_archive2/161,1,1,0.147389647917686,0.6587779509833258,0.19383240109898828
recovered_archive2/166,1,1,0.23547091934545564,0.6563007441522785,0.10822833650226595
recovered_archive2/174,1,1,0.24088318946775059,0.7020549871204872,0.057061823411762254
recovered_archive2/184,1,1,0.14376918369669708,0.6999855607439721,0.15624525555933078
recovered_archive2/186,1,1,0.10801771345395797,0.5326363021394714,0.3593459844065706
recovered_archive2/187,1,1,0.08053310751028735,0.6180811565560753,0.3013857359336374
recovered_archive2/192,2,1,0.1627744276394661,0.5314214823340968,0.30580409002643716
recovered_archive2/198,1,1,0.3149547417162197,0.6298338953289828,0.05521136295479757
recovered_archive3/205,2,1,0.11403249613136417,0.5522064128385765,0.33376109103005935
recovered_archive3/210,1,2,0.18489399300238685,0.40715043495433056,0.40795557204328253
recovered_archive3/212,1,2,0.15757553696183924,0.14174099710218047,0.7006834659359803
recovered_archive3/229,2,1,0.14644069893085399,0.6071390167123044,0.24642028435684163
recovered_archive3/235,2,1,0.17333258363082044,0.559705301696289,0.2669621146728907
recovered_archive3/241,1,1,0.232243385894683,0.6534647879801285,0.11429182612518855
recovered_archive3/243,1,1,0.15659750023063304,0.463046115737081,0.380356384032286
recovered_archive3/247,2,1,0.13108316531524158,0.5634649806727565,0.305451854012002
recovered_archive3/249,1,1,0.21251371709265202,0.6847207302758458,0.10276555263150221
recovered_archive3/253,1,1,0.20089502487909583,0.7299543953610728,0.06915057975983144
recovered_archive3/258,1,1,0.2672444509344751,0.585252928018043,0.14750262104748202
recovered_archive3/259,1,1,0.3053150550388559,0.42169782533835243,0.27298711962279165
recovered_archive1/24,1,1,0.11878246284763966,0.6166425070945809,0.2645750300577795
recovered_archive1/30,1,1,0.20074476229098734,0.5431757485453858,0.2560794891636269
recovered_archive1/46,1,1,0.17307070950507047,0.5447578187580056,0.282171471736924
recovered_archive1/49,1,1,0.2857664831387477,0.6433969203452057,0.07083659651604655
recovered_archive1/66,1,1,0.16495685800114812,0.5444184723790452,0.2906246696198067
recovered_archive1/70,0,1,0.1463140294648504,0.6398819804748994,0.21380399006025025
recovered_archive1/72,1,1,0.13031889039920355,0.5283012936227531,0.34137981597804334
recovered_archive1/73,0,1,0.13381223202290352,0.5114459205401384,0.3547418474369581
recovered_archive1/74,1,1,0.1511839124219282,0.7203949428426285,0.12842114473544328
recovered_archive1/76,1,1,0.09689588712073731,0.6436377509365521,0.2594663619427106
recovered_archive1/78,2,1,0.11094945609970042,0.5617289853018964,0.3273215585984032
recovered_archive1/80,2,2,0.1323983690486997,0.22104956415289537,0.6465520667984049
recovered_archive1/84,1,2,0.17013010308288704,0.36817018264145474,0.4616997142756583
recovered_archive2/105,1,1,0.21785939041270536,0.6964808397484135,0.0856597698388812
recovered_archive2/110,1,1,0.16382449332427548,0.6581718718801088,0.17800363479561568
recovered_archive2/111,1,1,0.08501897178696637,0.7009591637937964,0.21402186441923718
recovered_archive2/116,0,1,0.10608139448142719,0.6459707735802998,0.2479478319382731
recovered_archive2/119,1,1,0.20910287936258024,0.7221838844096506,0.06871323622776919
recovered_archive2/123,1,1,0.17019265597254452,0.6072531038759107,0.22255424015154474
recovered_archive2/127,1,1,0.15911836146671635,0.5702306135807517,0.270651024952532
recovered_archive2/136,1,2,0.14158995564780485,0.40248377379306777,0.45592627055912743
recovered_archive2/144,1,2,0.04527654209993416,0.19228599886263065,0.7624374590374352
recovered_archive2/148,2,1,0.13525264940289908,0.45902529100151446,0.4057220595955865
recovered_archive2/150,2,2,0.09892648775606928,0.4202632529816389,0.48081025926229176
recovered_archive2/152,1,2,0.10566119593983073,0.345700602769517,0.5486382012906523
recovered_archive2/159,1,1,0.12339578068870555,0.7806092126799455,0.09599500663134893
recovered_archive2/167,1,2,0.10129434898913466,0.4323818558243974,0.46632379518646794
recovered_archive2/182,1,1,0.07247099526275025,0.5963411134664051,0.3311878912708447
recovered_archive2/185,1,1,0.15723225569537402,0.7118922187258933,0.13087552557873272
recovered_archive2/190,2,1,0.10079396310167017,0.5011808864678705,0.3980251504304592
recovered_archive2/200,1,1,0.13870205934582375,0.6917419643931937,0.16955597626098248
recovered_archive3/211,1,1,0.0915407259063633,0.47582067821106955,0.43263859588256715
recovered_archive3/215,2,1,0.1852404887742732,0.6101844130115563,0.20457509821417041
recovered_archive3/225,1,1,0.1773521183097108,0.5705884070980501,0.25205947459223915
recovered_archive3/226,1,1,0.3172268968843105,0.652401122318428,0.030371980797261593
recovered_archive3/230,0,1,0.2823407399984152,0.6740942912908252,0.04356496871075967
recovered_archive3/232,0,1,0.10758730254138682,0.5315665839995044,0.3608461134591088
recovered_archive3/234,2,2,0.0936333190410334,0.09076933215832832,0.8155973488006383
recovered_archive3/236,0,1,0.20012994769559328,0.6898234900098181,0.11004656229458866
recovered_archive3/244,1,1,0.14513096870632214,0.6250504773648478,0.22981855392883013
recovered_archive3/251,1,1,0.1798622317670756,0.6946686342898457,0.12546913394307865
recovered_archive3/252,2,2,0.08646655958353679,0.3675821416237658,0.5459512987926974
recovered_archive3/263,0,1,0.11255477983604605,0.7641489979744982,0.12329622218945581
recovered_archive1/29,1,1,0.12837130368769578,0.4818719934865209,0.3897567028257833
recovered_archive1/32,2,2,0.17165165203851548,0.29354115595985586,0.5348071920016286
recovered_archive1/38,0,1,0.1675858086673252,0.7625830591742813,0.06983113215839352
recovered_archive1/40,1,1,0.21653162930146644,0.749371895617348,0.03409647508118563
recovered_archive1/47,1,1,0.1867320593857956,0.4671895342034955,0.34607840641070886
recovered_archive1/61,2,1,0.13447781970666078,0.7025980214289986,0.16292415886434064
recovered_archive1/62,1,1,0.12658712970129363,0.5150722596705056,0.3583406106282008
recovered_archive1/68,2,1,0.11996854234433689,0.6799972669540022,0.200034190701661
recovered_archive1/77,2,1,0.1250124424488942,0.632386263241269,0.24260129430983685
recovered_archive1/9,2,1,0.14372298342653245,0.6513365103357255,0.2049405062377421
recovered_archive1/90,1,1,0.1660031542681494,0.5316238830995561,0.3023729626322945
recovered_archive1/94,1,1,0.14049651846241548,0.6804680549441142,0.17903542659347024
recovered_archive1/99,1,1,0.15748270548904153,0.7401245874774597,0.10239270703349879
recovered_archive2/102,0,1,0.16239525247761558,0.5147955371535395,0.3228092103688449
recovered_archive2/109,1,1,0.2414500514373253,0.6291169675809236,0.12943298098175107
recovered_archive2/113,2,2,0.1031143790093738,0.26510077348017047,0.6317848475104557
recovered_archive2/114,2,1,0.18170054624947476,0.5135667965316524,0.3047326572188728
recovered_archive2/122,1,1,0.14849733463877596,0.5827257129528194,0.26877695240840466
recovered_archive2/124,1,1,0.17971269184558242,0.6553618412150253,0.1649254669393924
recovered_archive2/125,1,1,0.19380965751681214,0.5671173617721055,0.23907298071108238
recovered_archive2/139,1,1,0.11161489935840918,0.7327406976291202,0.15564440301247062
recovered_archive2/154,1,1,0.19840002321601405,0.7276110719717814,0.07398890481220452
recovered_archive2/162,1,1,0.13492986256376943,0.6680831245629233,0.19698701287330733
recovered_archive2/164,0,1,0.21595344927962928,0.6605734901562592,0.12347306056411139
recovered_archive2/168,1,1,0.20487185962147708,0.44280795912429277,0.35232018125423015
recovered_archive2/175,1,1,0.21425974121585536,0.6599309826272627,0.12580927615688195
recovered_archive2/176,1,1,0.16775986185302036,0.546654102715768,0.2855860354312117
recovered_archive2/179,1,1,0.17588929160325825,0.7574579173558258,0.06665279104091597
recovered_archive2/191,1,1,0.17843765313532262,0.5482891864964305,0.27327316036824684
recovered_archive2/197,1,1,0.141933730433391,0.8076658834399212,0.05040038612668782
recovered_archive3/206,1,1,0.15334493899074075,0.6898095303252185,0.15684553068404072
recovered_archive3/209,1,1,0.21220005605023445,0.6774114470335917,0.11038849691617389
recovered_archive3/213,0,1,0.19595787820580426,0.7264472331940595,0.07759488860013633
recovered_archive3/221,0,1,0.21332020113671973,0.7442402129049073,0.04243958595837299
recovered_archive3/231,1,1,0.16302816465816974,0.7473196630875286,0.08965217225430162
recovered_archive3/242,1,1,0.17827783094237065,0.49649718980742824,0.3252249792502011
recovered_archive3/246,2,1,0.17003852048108953,0.6793952019246927,0.15056627759421773
recovered_archive3/250,2,1,0.13972869991823073,0.6207843631627739,0.2394869369189953
recovered_archive3/256,0,1,0.1381715851352962,0.6790420059793825,0.18278640888532138
recovered_archive3/266,1,2,0.1409797921577524,0.4212383942165915,0.43778181362565616
recovered_archive3/267,1,1,0.12394782319063878,0.4956564283293048,0.3803957484800564
recovered_archive1/23,1,1,0.20599686840758838,0.5127621318326714,0.28124099975974026
recovered_archive1/28,1,1,0.19422301088779906,0.7617996139675011,0.043977375144699855
recovered_archive1/34,2,1,0.17600389093738394,0.5199728746575958,0.30402323440502027
recovered_archive1/41,0,1,0.15062743636812026,0.7413929815042265,0.10797958212765327
recovered_archive1/52,2,1,0.08941258965067429,0.6807791199103922,0.2298082904389335
recovered_archive1/53,0,1,0.24674239318613989,0.7021533720444301,0.051104234769430074
recovered_archive1/55,1,1,0.23210098575372567,0.6836015414609871,0.08429747278528717
recovered_archive1/57,2,2,0.06230689427036239,0.28654247911327657,0.651150626616361
recovered_archive1/79,1,1,0.08783846779040437,0.8395412491191638,0.07262028309043175
recovered_archive1/83,0,2,0.0709782389345207,0.27710407282404015,0.6519176882414391
recovered_archive1/86,1,1,0.1481450685559837,0.675858497700939,0.17599643374307727
recovered_archive1/89,0,1,0.19323405354354703,0.7237281393002497,0.08303780715620328
recovered_archive1/93,0,1,0.21041320626241525,0.746072459293887,0.04351433444369779
recovered_archive1/95,1,1,0.10792050184816324,0.6699097509341527,0.22216974721768404
recovered_archive2/104,2,2,0.09724561557836127,0.21019766985828187,0.6925567145633569
recovered_archive2/117,2,1,0.13449964833183792,0.668120595091173,0.19737975657698903
recovered_archive2/120,0,1,0.21391280070317087,0.7507808271996368,0.03530637209719232
recovered_archive2/121,1,1,0.15247164383125658,0.7623823460314265,0.0851460101373169
recovered_archive2/130,2,1,0.19207148435628518,0.7314575080664452,0.07647100757726964
recovered_archive2/132,2,1,0.21099469203966115,0.5944510525217012,0.19455425543863764
recovered_archive2/135,1,1,0.10764133356499271,0.5596102489120426,0.33274841752296475
recovered_archive2/140,2,2,0.06889590308495443,0.41008770567707387,0.5210163912379717
recovered_archive2/141,2,2,0.08426131723754342,0.3090521393096675,0.606686543452789
recovered_archive2/153,1,1,0.18549162722171159,0.6782234969850436,0.13628487579324486
recovered_archive2/158,1,1,0.1325224194045365,0.5939903784290017,0.2734872021664618
recovered_archive2/165,1,1,0.1582962928880984,0.6293166925603333,0.21238701455156825
recovered_archive2/171,1,1,0.1813753991674363,0.6532863032749574,0.16533829755760635
recovered_archive2/173,1,1,0.15638039751735192,0.5545807038172967,0.2890388986653514
recovered_archive2/177,0,1,0.20670524780008473,0.7083169316113055,0.08497782058860984
recovered_archive2/193,1,2,0.10142641990689245,0.22764487609078649,0.6709287040023211
recovered_archive2/195,2,1,0.14884539560351193,0.5475945217347352,0.3035600826617529
recovered_archive3/201,1,1,0.2540285399505794,0.6522354662431551,0.09373599380626553
recovered_archive3/203,1,1,0.14463860723785604,0.5098477405445078,0.3455136522176362
recovered_archive3/208,1,1,0.16049232402302002,0.5926522447421338,0.2468554312348461
recovered_archive3/216,0,1,0.15956515904615373,0.5669841342339125,0.27345070671993377
recovered_archive3/219,2,2,0.055215652109000146,0.1014433583380131,0.8433409895529868
recovered_archive3/220,1,1,0.18316569080130127,0.7282243308182074,0.08860997838049138
recovered_archive3/228,1,1,0.2282442017262999,0.5063458813326646,0.26540991694103555
recovered_archive3/237,0,1,0.10690038600349094,0.5254129056438228,0.3676867083526863
recovered_archive3/248,1,1,0.1516822907990825,0.7084601136324726,0.13985759556844485
recovered_archive3/257,1,1,0.13733100650211952,0.6309667439062883,0.23170224959159227
recovered_archive3/265,2,1,0.15369588866711978,0.5532678097131772,0.29303630161970295
