exam_case_id,y,pred,arm,target
recovered_archive1/1,0,0,A0+SEG,clarity
recovered_archive1/100,0,0,A0+SEG,clarity
recovered_archive1/31,0,0,A0+SEG,clarity
recovered_archive1/33,0,0,A0+SEG,clarity
recovered_archive1/36,1,1,A0+SEG,clarity
recovered_archive1/42,0,1,A0+SEG,clarity
recovered_archive1/44,1,1,A0+SEG,clarity
recovered_archive1/59,0,1,A0+SEG,clarity
recovered_archive1/65,0,1,A0+SEG,clarity
recovered_archive1/67,1,1,A0+SEG,clarity
recovered_archive1/75,0,0,A0+SEG,clarity
recovered_archive1/82,0,1,A0+SEG,clarity
recovered_archive1/85,0,0,A0+SEG,clarity
recovered_archive1/88,1,1,A0+SEG,clarity
recovered_archive1/97,0,1,A0+SEG,clarity
recovered_archive2/101,0,0,A0+SEG,clarity
recovered_archive2/103,1,1,A0+SEG,clarity
recovered_archive2/108,1,1,A0+SEG,clarity
recovered_archive2/112,0,1,A0+SEG,clarity
recovered_archive2/115,1,1,A0+SEG,clarity
recovered_archive2/134,0,1,A0+SEG,clarity
recovered_archive2/138,1,0,A0+SEG,clarity
recovered_archive2/142,0,0,A0+SEG,clarity
recovered_archive2/143,0,0,A0+SEG,clarity
recovered_archive2/145,0,0,A0+SEG,clarity
recovered_archive2/147,1,1,A0+SEG,clarity
recovered_archive2/155,0,0,A0+SEG,clarity
recovered_archive2/156,0,0,A0+SEG,clarity
recovered_archive2/169,0,0,A0+SEG,clarity
recovered_archive2/170,1,1,A0+SEG,clarity
recovered_archive2/172,1,1,A0+SEG,clarity
recovered_archive2/178,0,1,A0+SEG,clarity
recovered_archive2/181,0,0,A0+SEG,clarity
recovered_archive2/183,0,0,A0+SEG,clarity
recovered_archive2/194,1,1,A0+SEG,clarity
recovered_archive3/202,1,1,A0+SEG,clarity
recovered_archive3/204,0,0,A0+SEG,clarity
recovered_archive3/207,0,0,A0+SEG,clarity
recovered_archive3/214,1,1,A0+SEG,clarity
recovered_archive3/217,0,0,A0+SEG,clarity
recovered_archive3/218,0,0,A0+SEG,clarity
recovered_archive3/222,1,1,A0+SEG,clarity
recovered_archive3/233,1,1,A0+SEG,clarity
recovered_archive3/254,1,1,A0+SEG,clarity
recovered_archive3/260,0,0,A0+SEG,clarity
recovered_archive3/262,0,0,A0+SEG,clarity
recovered_archive3/264,1,0,A0+SEG,clarity
recovered_archive1/35,0,1,A0+SEG,clarity
recovered_archive1/39,0,0,A0+SEG,clarity
recovered_archive1/45,1,0,A0+SEG,clarity
recovered_archive1/48,1,1,A0+SEG,clarity
recovered_archive1/54,1,1,A0+SEG,clarity
recovered_archive1/60,0,0,A0+SEG,clarity
recovered_archive1/63,0,0,A0+SEG,clarity
recovered_archive1/64,1,1,A0+SEG,clarity
recovered_archive1/71,0,0,A0+SEG,clarity
recovered_archive1/81,1,1,A0+SEG,clarity
recovered_archive1/91,1,1,A0+SEG,clarity
recovered_archive1/92,0,0,A0+SEG,clarity
recovered_archive1/96,0,0,A0+SEG,clarity
recovered_archive1/98,0,0,A0+SEG,clarity
recovered_archive2/106,0,0,A0+SEG,clarity
recovered_archive2/107,1,1,A0+SEG,clarity
recovered_archive2/118,0,0,A0+SEG,clarity
recovered_archive2/126,1,1,A0+SEG,clarity
recovered_archive2/128,1,1,A0+SEG,clarity
recovered_archive2/129,0,0,A0+SEG,clarity
recovered_archive2/131,1,1,A0+SEG,clarity
recovered_archive2/146,1,0,A0+SEG,clarity
recovered_archive2/157,0,0,A0+SEG,clarity
recovered_archive2/161,0,0,A0+SEG,clarity
recovered_archive2/166,1,1,A0+SEG,clarity
recovered_archive2/174,1,1,A0+SEG,clarity
recovered_archive2/184,1,0,A0+SEG,clarity
recovered_archive2/186,0,0,A0+SEG,clarity
recovered_archive2/187,1,0,A0+SEG,clarity
recovered_archive2/188,1,1,A0+SEG,clarity
recovered_archive2/192,0,1,A0+SEG,clarity
recovered_archive2/196,1,1,A0+SEG,clarity
recovered_archive2/198,1,1,A0+SEG,clarity
recovered_archive3/205,0,0,A0+SEG,clarity
recovered_archive3/210,1,1,A0+SEG,clarity
recovered_archive3/212,1,0,A0+SEG,clarity
recovered_archive3/229,0,0,A0+SEG,clarity
recovered_archive3/235,0,0,A0+SEG,clarity
recovered_archive3/241,1,0,A0+SEG,clarity
recovered_archive3/243,1,1,A0+SEG,clarity
recovered_archive3/247,0,0,A0+SEG,clarity
recovered_archive3/249,0,1,A0+SEG,clarity
recovered_archive3/253,1,1,A0+SEG,clarity
recovered_archive3/255,1,0,A0+SEG,clarity
recovered_archive3/258,1,1,A0+SEG,clarity
recovered_archive3/259,1,0,A0+SEG,clarity
recovered_archive1/24,0,1,A0,clarity
recovered_archive1/30,0,0,A0,clarity
recovered_archive1/46,1,1,A0,clarity
recovered_archive1/49,0,0,A0,clarity
recovered_archive1/66,1,1,A0,clarity
recovered_archive1/69,1,1,A0,clarity
recovered_archive1/70,1,0,A0,clarity
recovered_archive1/72,0,0,A0,clarity
recovered_archive1/73,1,0,A0,clarity
recovered_archive1/74,0,1,A0,clarity
recovered_archive1/76,0,0,A0,clarity
recovered_archive1/78,0,0,A0,clarity
recovered_archive1/80,0,0,A0,clarity
recovered_archive1/84,1,1,A0,clarity
recovered_archive2/105,1,1,A0,clarity
recovered_archive2/110,1,1,A0,clarity
recovered_archive2/111,1,0,A0,clarity
recovered_archive2/116,1,1,A0,clarity
recovered_archive2/119,1,1,A0,clarity
recovered_archive2/123,0,0,A0,clarity
recovered_archive2/127,0,1,A0,clarity
recovered_archive2/136,0,0,A0,clarity
recovered_archive2/137,1,1,A0,clarity
recovered_archive2/144,0,0,A0,clarity
recovered_archive2/148,0,0,A0,clarity
recovered_archive2/150,0,1,A0,clarity
recovered_archive2/151,1,1,A0,clarity
recovered_archive2/152,1,1,A0,clarity
recovered_archive2/159,1,1,A0,clarity
recovered_archive2/167,0,0,A0,clarity
recovered_archive2/182,0,1,A0,clarity
recovered_archive2/185,0,0,A0,clarity
recovered_archive2/190,0,0,A0,clarity
recovered_archive2/200,1,1,A0,clarity
recovered_archive3/211,1,1,A0,clarity
recovered_archive3/215,1,0,A0,clarity
recovered_archive3/225,0,0,A0,clarity
recovered_archive3/227,1,1,A0,clarity
recovered_archive3/230,0,1,A0,clarity
recovered_archive3/232,0,0,A0,clarity
recovered_archive3/234,1,1,A0,clarity
recovered_archive3/236,0,0,A0,clarity
recovered_archive3/244,0,0,A0,clarity
recovered_archive3/251,1,0,A0,clarity
recovered_archive3/252,0,0,A0,clarity
recovered_archive3/263,1,1,A0,clarity
recovered_archive1/29,0,0,A0,clarity
recovered_archive1/32,1,1,A0,clarity
recovered_archive1/37,1,1,A0,clarity
recovered_archive1/38,1,1,A0,clarity
recovered_archive1/40,0,1,A0,clarity
recovered_archive1/47,0,0,A0,clarity
recovered_archive1/51,1,1,A0,clarity
recovered_archive1/61,1,1,A0,clarity
recovered_archive1/62,0,0,A0,clarity
recovered_archive1/68,1,0,A0,clarity
recovered_archive1/77,0,0,A0,clarity
recovered_archive1/9,0,0,A0,clarity
recovered_archive1/90,0,0,A0,clarity
recovered_archive1/94,1,1,A0,clarity
recovered_archive1/99,1,1,A0,clarity
recovered_archive2/102,0,0,A0,clarity
recovered_archive2/109,0,0,A0,clarity
recovered_archive2/113,1,1,A0,clarity
recovered_archive2/114,0,0,A0,clarity
recovered_archive2/122,0,0,A0,clarity
recovered_archive2/124,0,0,A0,clarity
recovered_archive2/125,0,1,A0,clarity
recovered_archive2/139,1,1,A0,clarity
recovered_archive2/154,0,1,A0,clarity
recovered_archive2/162,0,0,A0,clarity
recovered_archive2/164,0,1,A0,clarity
recovered_archive2/168,0,0,A0,clarity
recovered_archive2/175,0,1,A0,clarity
recovered_archive2/176,0,0,A0,clarity
recovered_archive2/179,1,1,A0,clarity
recovered_archive2/189,1,1,A0,clarity
recovered_archive2/191,0,0,A0,clarity
recovered_archive2/197,1,1,A0,clarity
recovered_archive2/199,1,1,A0,clarity
recovered_archive3/206,0,0,A0,clarity
recovered_archive3/209,1,1,A0,clarity
recovered_archive3/213,1,1,A0,clarity
recovered_archive3/221,1,1,A0,clarity
recovered_archive3/223,1,1,A0,clarity
recovered_archive3/231,1,1,A0,clarity
recovered_archive3/242,0,0,A0,clarity
recovered_archive3/246,0,0,A0,clarity
recovered_archive3/250,1,1,A0,clarity
recovered_archive3/256,1,1,A0,clarity
recovered_archive3/266,0,0,A0,clarity
recovered_archive3/267,0,0,A0,clarity
recovered_archive1/23,0,0,A0+SEG,clarity
recovered_archive1/28,0,0,A0+SEG,clarity
recovered_archive1/34,0,0,A0+SEG,clarity
recovered_archive1/41,1,1,A0+SEG,clarity
recovered_archive1/52,1,1,A0+SEG,clarity
recovered_archive1/53,0,0,A0+SEG,clarity
recovered_archive1/55,0,0,A0+SEG,clarity
recovered_archive1/57,1,1,A0+SEG,clarity
recovered_archive1/79,1,1,A0+SEG,clarity
recovered_archive1/83,1,1,A0+SEG,clarity
recovered_archive1/86,1,1,A0+SEG,clarity
recovered_archive1/89,1,1,A0+SEG,clarity
recovered_archive1/93,0,1,A0+SEG,clarity
recovered_archive1/95,0,0,A0+SEG,clarity
recovered_archive2/104,1,1,A0+SEG,clarity
recovered_archive2/117,0,1,A0+SEG,clarity
recovered_archive2/120,1,1,A0+SEG,clarity
recovered_archive2/121,1,1,A0+SEG,clarity
recovered_archive2/130,0,0,A0+SEG,clarity
recovered_archive2/132,0,0,A0+SEG,clarity
recovered_archive2/135,1,1,A0+SEG,clarity
recovered_archive2/140,0,0,A0+SEG,clarity
recovered_archive2/141,0,0,A0+SEG,clarity
recovered_archive2/153,1,1,A0+SEG,clarity
recovered_archive2/158,1,0,A0+SEG,clarity
recovered_archive2/163,1,1,A0+SEG,clarity
recovered_archive2/165,0,1,A0+SEG,clarity
recovered_archive2/171,0,0,A0+SEG,clarity
recovered_archive2/173,0,0,A0+SEG,clarity
recovered_archive2/177,0,0,A0+SEG,clarity
recovered_archive2/180,1,1,A0+SEG,clarity
recovered_archive2/193,1,0,A0+SEG,clarity
recovered_archive2/195,0,0,A0+SEG,clarity
recovered_archive3/201,0,0,A0+SEG,clarity
recovered_archive3/203,1,1,A0+SEG,clarity
recovered_archive3/208,0,0,A0+SEG,clarity
recovered_archive3/216,1,1,A0+SEG,clarity
recovered_archive3/219,1,1,A0+SEG,clarity
recovered_archive3/220,1,1,A0+SEG,clarity
recovered_archive3/224,1,1,A0+SEG,clarity
recovered_archive3/228,0,0,A0+SEG,clarity
recovered_archive3/237,0,0,A0+SEG,clarity
recovered_archive3/248,1,0,A0+SEG,clarity
recovered_archive3/257,0,0,A0+SEG,clarity
recovered_archive3/261,1,1,A0+SEG,clarity
recovered_archive3/265,0,0,A0+SEG,clarity
